"Name","School","Rating"
"Paige Bueckers","UConn Huskies",77.02615
"Ally Becki","Ball State Cardinals",76.5824666666667
"Katie Dinnebier","Drake Bulldogs",76.4396
"Sarah Strong","UConn Huskies",75.94435
"Serena Sundell","Kansas State Wildcats",75.7787166666667
"Megan McConnell","Duquesne Dukes",75.3163666666667
"Olivia Miles","Notre Dame Fighting Irish",75.1901166666667
"Kymora Johnson","Virginia Cavaliers",74.8126666666667
"Payton Verhulst","Oklahoma Sooners",74.7929999999999
"Georgia Amoore","Kentucky Wildcats",74.7723333333334
"Emily Ryan","Iowa State Cyclones",74.74865
"Kiki Rice","UCLA Bruins",74.50215
"Lacy Stokes","Missouri State Lady Bears",74.3368333333334
"Tonie Morgan","Georgia Tech Yellow Jackets",74.3348666666666
"Haven Ford","Murray State Racers",74.0962166666667
"Kitty Henderson","Columbia Lions",74.0699
"Hailey Van Lith","TCU Horned Frogs",74.0667
"Paula Suarez","George Mason Patriots",73.9690833333334
"Harmoni Turner","Harvard Crimson",73.9676
"O'Mariah Gordon","Florida State Seminoles",73.9382833333333
"Addy Brown","Iowa State Cyclones",73.8120999999999
"Josie Gilvin","Western Kentucky Lady Toppers",73.7322166666666
"Diamond Johnson","Norfolk State Spartans",73.63055
"Saniya Rivers","NC State Wolfpack",73.5136833333333
"Jada Walker","Baylor Bears",73.4962333333333
"Grace Larkins","South Dakota Coyotes",73.4874166666666
"Trinity San Antonio","Grand Canyon Lopes",73.4222166666667
"Ta'Niya Latson","Florida State Seminoles",73.4076333333334
"Jayden Marable","Coastal Carolina Chanticleers",73.39595
"Emilia Long","Alaska Anchorage Seawolves",73.3823333333333
"Kelsie Siegner","Eastern Oregon Mountaineers",73.2700333333333
"Makyra Tramble","Oral Roberts Golden Eagles",73.1765666666666
"Jessica Bollwahn","Regis (CO) Rangers",73.1003333333333
"Cecelia Collins","Columbia Lions",73.0838166666666
"Alexis Mead","Western Kentucky Lady Toppers",72.9323
"Sara Guerreiro","Cleveland State Vikings",72.909
"Avery Brittingham","UT Arlington Mavericks",72.9056833333333
"Taylor Barbot","Charleston Cougars",72.8935833333333
"Ny'Ceara Pryor","Sacred Heart Pioneers",72.8910166666667
"Katelyn Young","Murray State Racers",72.8183666666666
"Kiara Jackson","UNLV Lady Rebels",72.7581166666666
"Noelani Cornfield","Buffalo Bulls",72.6809
"Sarah Andrews","Baylor Bears",72.6765333333333
"Jaelyn Glenn","Kansas State Wildcats",72.6654166666666
"Chloe Moore-McNeil","Indiana Hoosiers",72.5537833333333
"Samara Spencer","Tennessee Lady Volunteers",72.4725333333333
"Maya McDermott","Northern Iowa Panthers",72.296
"Alexis Mark","Portland Pilots",72.2469166666666
"Laura Ziegler","Saint Joseph's Hawks",72.1427833333334
"Ashlyn Traylor-Walker","Stephen F. Austin Ladyjacks",72.0901166666667
"Melannie Daley","Northwestern Wildcats",72.0242
"Peyton Carter","Tennessee Tech Golden Eagles",72.0144833333333
"En'Dya Buford","Old Dominion Monarchs",72.0137333333333
"Zoe Brooks","NC State Wolfpack",72.00395
"Isabel Grimes","Montevallo Falcons",71.8921999999999
"JuJu Watkins","USC Trojans",71.8447166666666
"Emilee Hope","Oakland City Mighty Oaks",71.8274833333333
"Madison Scott","Ole Miss Rebels",71.8006833333333
"Maggie Doogan","Richmond Spiders",71.7931666666667
"Makayla Timpson","Florida State Seminoles",71.7791000000001
"Sonia Citron","Notre Dame Fighting Irish",71.7602333333333
"Sedona Prince","TCU Horned Frogs",71.7525333333333
"Rori Harmon","Texas Longhorns",71.6874666666666
"Kaitlyn Flanagan","Holy Cross Crusaders",71.6864166666667
"Addie Budnik","Richmond Spiders",71.6118166666666
"Jordan Harrison","West Virginia Mountaineers",71.5934666666667
"Lauren Jensen","Creighton Bluejays",71.5874
"Tara Wallack","Washington State Cougars",71.5578333333333
"Hannah Hidalgo","Notre Dame Fighting Irish",71.4764666666667
"Zaay Green","Alabama Crimson Tide",71.4593166666667
"Lucy Olsen","Iowa Hawkeyes",71.4039333333333
"Liv McGill","Florida Gators",71.3886
"Anna Foley","Quinnipiac Bobcats",71.3853499999999
"Hannah Spainhour","Emory & Henry Wasps",71.3192999999999
"Kate Novik","Morehead State Eagles",71.2860166666666
"Kirsten Lewis-Williams","Buffalo Bulls",71.2674833333333
"Anaiyah Tu'ua","California Baptist Lancers",71.23805
"Kaety L'Amoreaux","Fairfield Stags",71.2168333333333
"Haley Cavinder","Miami Hurricanes",71.1709666666667
"Paige Meyer","South Dakota State Jackrabbits",71.1662833333333
"Sabria Dean","Lamar Cardinals",71.1524166666666
"Anaya James","Pacific Tigers",71.0660666666666
"Derrica McCall","Shorter Hawks",71.0381166666666
"Te-Hina Paopao","South Carolina Gamecocks",71.0319833333333
"Emma Ronsiek","Colorado State Rams",71.0313999999999
"Malene Pedersen","Wyoming Cowgirls",71.0194666666666
"Bella Earle","Abilene Christian Wildcats",70.8456166666667
"Lachelle Austin","Ball State Cardinals",70.7936166666666
"Tori McKinney","Minnesota Golden Gophers",70.7888
"Serah Williams","Wisconsin Badgers",70.75135
"Amaya Battle","Minnesota Golden Gophers",70.6862666666667
"Naudia Evans","Loyola Marymount Lions",70.6573666666667
"Ali Saunders","Southern Indiana Screaming Eagles",70.6345166666666
"Dalayah Daniels","Washington Huskies",70.6270333333334
"Angel Jones","Coppin State Eagles",70.5932
"Yvonne Ejim","Gonzaga Bulldogs",70.5548166666667
"Jasmine Bascoe","Villanova Wildcats",70.5349833333333
"Koi Love","UT Arlington Mavericks",70.4927666666667
"Nitzan Amar","Manhattan Jaspers",70.4504
"Peyton McDaniel","James Madison Dukes",70.4352833333333
"Mya Blake","Northwestern State Lady Demons",70.39225
"Meghan Andersen","Fairfield Stags",70.3685333333333
"Paige Kohler","Bowling Green Falcons",70.3495
"Sarah Ashlee Barker","Alabama Crimson Tide",70.34195
"Tuti Jones","Belmont Bruins",70.3272166666667
"Grace Grocholski","Minnesota Golden Gophers",70.3204833333333
"Clara Strack","Kentucky Wildcats",70.3154333333333
"Kierra Wheeler","Norfolk State Spartans",70.2740833333333
"Tate Walters","Furman Paladins",70.27365
"Anhelica Shanrock","Dickinson State (ND) Blue Hawks",70.2469333333333
"Bella Vinson","Lipscomb Bisons",70.1815
"Aneesah Morrow","LSU Tigers",70.1804166666667
"Emme Shearer","Portland Pilots",70.1708
"Madison Booker","Texas Longhorns",70.1090166666666
"Alice Recanati","Eastern Kentucky Colonels",70.0637666666667
"Khamil Pierre","Vanderbilt Commodores",70.0231666666666
"Amy Velasco","Bowling Green Falcons",69.9959333333333
"Macy McGlone","Eastern Illinois Panthers",69.9924666666667
"Zahirah Walton","George Mason Patriots",69.9701999999999
"Kylie Horstmeyer","San Diego Toreros",69.9596666666667
"Leah Earnest","Valparaiso Beacons",69.9518166666666
"Emani Jefferson","Florida Gulf Coast Eagles",69.9512166666666
"Jordyn Dorsey","North Carolina A&T Aggies",69.9472166666666
"Tiarra Brown","Grand Canyon Lopes",69.9386166666666
"Sira Thienou","Ole Miss Rebels",69.9285
"Avery Koenen","North Dakota State Bison",69.9250666666667
"Zanai Barnett-Gay","Navy Midshipmen",69.8996333333333
"Gianna Kneepkens","Utah Utes",69.8817
"Ber'Nyah Mayo","St. John's Red Storm",69.8655333333333
"Jorie Allen","DePaul Blue Demons",69.8564
"Sophie Glancey","Northern Arizona Lumberjacks",69.8008666666666
"Ashley Hawkins","Gardner-Webb Runnin' Bulldogs",69.76845
"Amellia Bromenschenkel","Purdue Fort Wayne Mastodons",69.7546666666667
"Sayvia Sellers","Washington Huskies",69.7329166666666
"Liatu King","Notre Dame Fighting Irish",69.7231999999999
"Mikaylah Williams","LSU Tigers",69.7079666666666
"Anna Miller","Drake Bulldogs",69.6248666666667
"Alasia Smith","Memphis Tigers",69.6197833333333
"Yarden Garzon","Indiana Hoosiers",69.6191333333332
"Trinity Moore","Stephen F. Austin Ladyjacks",69.6106833333333
"Lili Wilken","Alabama-Huntsville Chargers",69.6018666666667
"S'Mya Nichols","Kansas Jayhawks",69.5308166666666
"Ashtyn Barrett","Alice Lloyd College Eagles",69.5135333333333
"Britt Prince","Nebraska Cornhuskers",69.505
"Liz Smith","Pacific Tigers",69.49895
"Ashley Sofilkanich","Bucknell Bison",69.4758666666667
"Fatmata Janneh","Saint Peter's Peacocks",69.4551666666667
"Kayla Cooper","UAlbany Great Danes",69.4478666666667
"Kayla Presley","Texas Lutheran Bulldogs",69.4407833333334
"Aylasia Fantroy","Texas Southern Tigers",69.4285333333333
"Amarachi Kimpson","UNLV Lady Rebels",69.4138166666667
"Meghan Mayotte","Ohio Dominican Panthers",69.4010833333333
"Ava Learn","Murray State Racers",69.3936
"Allyson Fertig","Wyoming Cowgirls",69.3901333333333
"Gal Raviv","Quinnipiac Bobcats",69.3612
"Ryley Goebel","Northern Iowa Panthers",69.3369833333333
"Nevaeh Thomas","Illinois State Redbirds",69.3325833333333
"Lauren Sansano","Texas Lutheran Bulldogs",69.2908
"Amber Tretter","Miami (OH) RedHawks",69.2870166666667
"Katie Collins","Pennsylvania Quakers",69.28445
"Jade Hill","St. Thomas-Minnesota Tommies",69.2725
"Elise Williams","Wake Forest Demon Deacons",69.25975
"Amelia Hassett","Kentucky Wildcats",69.2523166666667
"Destiny Brown","Alcorn State Lady Braves",69.2446833333333
"Kendall Bostic","Illinois Fighting Illini",69.2269833333333
"Molly Mogensen","Creighton Bluejays",69.2080333333333
"Emily Mellema","Wyoming Cowgirls",69.1941666666666
"Hannah Ronsiek","Colorado State Rams",69.1612833333333
"Mia Nicastro","Western Illinois Leathernecks",69.1532166666667
"Maya Hernandez","Loyola Marymount Lions",69.1456833333333
"Emma Smith","Denver Pioneers",69.11575
"Mikayla Blakes","Vanderbilt Commodores",69.1082333333333
"Ta'Mia Scott","Middle Tennessee Blue Raiders",69.1009
"Jenna Batsch","Kent State Golden Flashes",69.0782666666667
"Teonni Key","Kentucky Wildcats",69.0651333333334
"Delaney Gibb","BYU Cougars",69.0576166666667
"Adalia McKenzie","Illinois Fighting Illini",69.0546833333333
"Aziaha James","NC State Wolfpack",69.03605
"Briana Marquez","Northern New Mexico Eagles",69.0315833333333
"Halle Vice","Marquette Golden Eagles",69.0311166666667
"Megan Olbrys","Massachusetts Minutewomen",69.01925
"Camryn Tade","Army Black Knights",69.0134166666666
"Ronnie Porter","Wisconsin Badgers",69.0056833333333
"Hannah Stines","Washington Huskies",68.9916666666667
"Jackie Grisdale","Quinnipiac Bobcats",68.9580166666667
"Molly Heard","Lipscomb Bisons",68.9505333333333
"Caia Elisaldez","Chattanooga Mocs",68.9495833333333
"Grace Arnolie","Brown Bears",68.94545
"Sydney Freeman","Purdue Fort Wayne Mastodons",68.9316333333333
"Brooke Paquette","Stonehill Skyhawks",68.9229333333333
"Jayda McNabb","Air Force Falcons",68.8994666666666
"Karly Weathers","Alabama Crimson Tide",68.8848833333333
"Nina De Leon Negron","UTSA Roadrunners",68.8829833333333
"Jerkaila Jordan","Mississippi State Bulldogs",68.84305
"Khadija Faye","Pittsburgh Panthers",68.827
"Chloe Hodges","Drexel Dragons",68.8247166666667
"Chellia Watson","Buffalo Bulls",68.7904
"Esmeralda Morales","Montana State Bobcats",68.7891
"Stailee Heard","Oklahoma State Cowgirls",68.7770333333333
"Gemma Nunez","Campbell Fighting Camels",68.7721166666667
"Benthe Versteeg","Sacramento State Hornets",68.7632666666666
"Zyanna Walker","Kansas State Wildcats",68.7587666666666
"Madison Conner","TCU Horned Frogs",68.7161
"Julia Ayrault","Michigan State Spartans",68.70055
"Laila Lawrence","Coppin State Eagles",68.6986
"Flau'jae Johnson","LSU Tigers",68.6799333333333
"Kennedy Johnson","Saint Mary's Gaels",68.6771833333333
"Emilee Weakley","Frostburg State Bobcats",68.6759
"Taylor Feldman","Northern Arizona Lumberjacks",68.6711166666667
"Bella Vito","Vermont Catamounts",68.6699666666666
"Maddie Albrecht","Lehigh Mountain Hawks",68.6625833333333
"Elena Bosgana","Stanford Cardinal",68.6438166666667
"Latasha Lattimore","Virginia Cavaliers",68.6317666666667
"Brooke Coffey","Lindenwood Lions",68.5529
"Chloe Clardy","Stanford Cardinal",68.5511
"Jada Burton","Western Carolina Catamounts",68.5372
"Anastasiia Boldyreva","Middle Tennessee Blue Raiders",68.5227166666667
"Asia Avinger","Georgia Lady Bulldogs",68.52045
"Skylar Forbes","Marquette Golden Eagles",68.50055
"Saniah Parker","Tennessee State Lady Tigers",68.49865
"Talaysia Cooper","Tennessee Lady Volunteers",68.4756999999999
"La'Nya Foster","Austin Peay Governors",68.4583666666667
"Darianna Littlepage-Buggs","Baylor Bears",68.4336166666666
"Jaloni Cambridge","Ohio State Buckeyes",68.4320666666667
"Abby Antognoli","Lafayette Leopards",68.4239166666667
"Lexi Donarski","North Carolina Tar Heels",68.4237833333334
"Carys Baker","Virginia Tech Hokies",68.4185666666666
"Chelby Koker","Northern Illinois Huskies",68.4126333333333
"Vanessa Shafford","Southern Indiana Screaming Eagles",68.3825166666666
"Hope Hassmann","Idaho Vandals",68.3613166666667
"DeYona Gaston","Auburn Tigers",68.3559166666666
"Mia Jacobs","Fresno State Bulldogs",68.3179500000001
"Amari Whiting","BYU Cougars",68.2963333333333
"Fadima Tall","Princeton Tigers",68.2665500000001
"Taisha Exanor","Monmouth Hawks",68.2662666666667
"Kelsey Ransom","Georgetown Hoyas",68.2627333333334
"Amiya Joyner","East Carolina Pirates",68.2488666666667
"Skylar Treadwell","Bellarmine Knights",68.2187166666667
"Sarah Lamet","Saint Martin's Saints",68.2031166666667
"Stefanie Ingram","Florida Atlantic Owls",68.2023166666667
"Caroline Bornemann","Maine Black Bears",68.1622666666667
"Saniyah King","Howard Bison",68.1603833333333
"Shawntenna Tillman","Coker Cobras",68.1513666666667
"Kendal Cheesman","Belmont Bruins",68.1438
"Deja Kelly","Oregon Ducks",68.12445
"Crystal Henderson","Georgia State Panthers",68.1117833333333
"Charity Gallegos","North Alabama Lions",68.11015
"Lexie Givens","Nevada Wolf Pack",68.0973166666667
"Alexandra Zelaya","UNC Wilmington Seahawks",68.0950833333333
"Abaigeal Babore","Fairleigh Dickinson Knights",68.0924666666667
"Ruby Santos","Saint Michael's Purple Knights",68.0890833333333
"Meredith Mayes","Abilene Christian Wildcats",68.0773833333333
"Kiki Iriafen","USC Trojans",68.05125
"Tyja Beans","Western Carolina Catamounts",68.045
"Kennedy Todd-Williams","Ole Miss Rebels",68.0444
"Angelina Dimarsico","Dominican (NY) Chargers",68.0306833333333
"Amyah Moore Allen","Colorado-Colorado Springs Mountain Lions",68.0035333333333
"Ellie Brueggemann","Lindenwood Lions",67.9883166666667
"Gabriela Jaquez","UCLA Bruins",67.9710333333334
"Essence Cody","Alabama Crimson Tide",67.9618
"Leia Beattie","Northern Arizona Lumberjacks",67.9578666666667
"Aaliyah McQueen","Detroit Mercy Titans",67.9136333333333
"Mihjae Hayes","Virginia St Trojans",67.9069333333333
"Jordyn Jenkins","UTSA Roadrunners",67.89995
"Mataya Gayle","Pennsylvania Quakers",67.8915333333333
"Taylor Thierry","Ohio State Buckeyes",67.8878333333333
"Mila Holloway","Michigan Wolverines",67.8785666666667
"Faith Blackstone","Stephen F. Austin Ladyjacks",67.8638
"Lexi Fleming","Bowling Green Falcons",67.85825
"Yaya Felder","Baylor Bears",67.8394166666666
"Olivia Pollerd","Santa Clara Broncos",67.8333333333333
"Genesis Bryant","Illinois Fighting Illini",67.8330333333333
"Allie Meadows","Western Illinois Leathernecks",67.8321833333334
"Olivia Olson","Michigan Wolverines",67.8089
"Bella Pucci","Binghamton Bearcats",67.7899499999999
"Sigrun Olafsdottir","Chattanooga Mocs",67.7880666666667
"Jalencia Pierre","SE Louisiana Lady Lions",67.7863666666667
"Jalynn Gregory","Middle Tennessee Blue Raiders",67.7752166666667
"Alyssa Brown","UNLV Lady Rebels",67.77445
"Erin Leary","Iona Gaels",67.7683333333333
"Tatum Thompson","Boise State Broncos",67.7612666666667
"Shyanne Sellers","Maryland Terrapins",67.75885
"Ashley Chea","Princeton Tigers",67.7522666666667
"JJ Quinerly","West Virginia Mountaineers",67.7516166666667
"Catherine Or","Carnegie Mellon Tartans",67.7485666666667
"Kiera Pemberton","North Dakota Fighting Hawks",67.74395
"Kennedy Calhoun","Saint Louis Billikens",67.7276833333333
"Leah Mafua","Central Arkansas Sugar Bears",67.7271333333333
"Abrie Cabana","Grand Valley State Lakers",67.7257666666667
"Deja Lee","UC Irvine Anteaters",67.7094166666667
"Ainhoa Cea","Lipscomb Bisons",67.7004166666666
"Kayla Williams","California Golden Bears",67.6983
"Kaitlyn Costner","Eastern Kentucky Colonels",67.6767
"Jasmine Kondrakiewicz","Green Bay Phoenix",67.6615666666666
"Tova Sabel","UC Davis Aggies",67.6344166666667
"Grace Cave","Omaha Mavericks",67.6263
"Alyssa Ustby","North Carolina Tar Heels",67.6254666666667
"Jaleesa Lawrence","High Point Panthers",67.6215333333333
"Reghan Grimes","Tennessee Tech Golden Eagles",67.6200666666666
"Maisie Burnham","Portland Pilots",67.59635
"Skylar Vann","Oklahoma Sooners",67.5925166666667
"Marie Kiefer","Ball State Cardinals",67.5921333333334
"Morgan Lee","Marist Red Foxes",67.5885666666667
"Kate Ellis","Findlay Oilers",67.5884166666667
"Chardonnay Hartley","Utah Tech Trailblazers",67.5848333333333
"Halli Poock","Murray State Racers",67.5825333333333
"Sidney Love","UTSA Roadrunners",67.5717
"Bridget Dunn","Kent State Golden Flashes",67.5653166666666
"Alexius Horne","SE Louisiana Lady Lions",67.5631333333333
"Ava Renninger","Fairleigh Dickinson Knights",67.5552166666667
"Sydne Tolbert","West Georgia Wolves",67.5475
"Kacey Spink","Idaho State Bengals",67.533
"Fiona Snashall","Regis Rangers",67.5314333333333
"Allie Turner","Gonzaga Bulldogs",67.5130833333334
"Emily Robinson","Oral Roberts Golden Eagles",67.5129
"Avery Collins","Concordia-Ann Arbor Cardinals",67.5116333333333
"Rayah Marshall","USC Trojans",67.4969333333334
"Desiree Wooten","North Texas Mean Green",67.4911166666666
"Faith Masonius","Seton Hall Pirates",67.4890833333333
"Megan Norris","UC Davis Aggies",67.4867
"Trinity Hardy","Army Black Knights",67.4760166666667
"Izzy Higginbottom","Arkansas Razorbacks",67.4738333333334
"Lee Volker","Marquette Golden Eagles",67.4727333333333
"Jordan Holman","Little Rock Trojans",67.4659333333333
"Jillian Hayes","Cincinnati Bearcats",67.4474166666667
"Sammi Mikonowicz","Toledo Rockets",67.4473666666666
"Anaya Brown","UT Martin Skyhawks",67.4471666666666
"Anne Bair","Colgate Raiders",67.4404166666667
"Olivia Olsen","Providence Friars",67.4341666666666
"Emily Isaacson","Utah Tech Trailblazers",67.4271
"Laniah Randle","Missouri Tigers",67.4164166666666
"Stefanie Kulesza","Massachusetts Minutewomen",67.3942166666666
"Savannah Tucker","Long Beach State Beach",67.3855
"Maia Jones","Saint Mary's Gaels",67.3841166666666
"Raelyn Kelty","Concordia Nebraska Bulldogs",67.3780333333333
"Gianna Corbitt","Chattanooga Mocs",67.3743833333334
"Sumayah Sugapong","UC San Diego Tritons",67.3556333333333
"Kilyn McGuff","Butler Bulldogs",67.3450166666667
"Bella Smuda","Liberty Flames",67.3291833333334
"Hannah Spitzley","Western Michigan Broncos",67.3286
"Sydney Affolter","Iowa Hawkeyes",67.3118
"Temira Poindexter","Kansas State Wildcats",67.3079333333333
"Kennedy Harris","George Mason Patriots",67.3001666666667
"Kara Dunn","Georgia Tech Yellow Jackets",67.2994666666667
"Truitt Reilly","San Diego Toreros",67.2978333333334
"Teneisia Brown","Fairleigh Dickinson Knights",67.2913166666667
"Jaiden Ross","Webber International Warriors",67.2765833333334
"Mireia Aguado","Texas A&M-Corpus Christi Islanders",67.2704
"Jaaucklyn Moore","North Texas Mean Green",67.26505
"Jailyn Banks","Belmont Bruins",67.2402666666666
"Paris Bradley","Louisiana Tech Lady Techsters",67.24
"Nevaeh Jackson","Valparaiso Beacons",67.2387333333334
"Destiny Adams","Rutgers Scarlet Knights",67.23815
"Ioanna Krimili","California Golden Bears",67.2364833333334
"Gracie Gallegos","UC San Diego Tritons",67.2315333333333
"Brianne Foley","Johnson & Wales (RI) Griffins",67.2222833333333
"Lashae Dwyer","St. John's Red Storm",67.2004
"Teresa Seppala","Siena Saints",67.1957666666667
"Taryn Barbot","Charleston Cougars",67.1795333333334
"Georgia Woolley","Syracuse Orange",67.1785666666666
"Emma Koons","Ohio Christian Trailblazers",67.1736666666667
"Sydney Shaw","West Virginia Mountaineers",67.1438
"Jade Weathersby","UAB Blazers",67.1415333333334
"Alyssa Hargrove","New Mexico Lobos",67.1269333333333
"Josie Hill","Chicago State Cougars",67.1249833333333
"Enjulina Gonzalez","Miami (OH) RedHawks",67.1013
"Sabou Gueye","Florida A&M Rattlers",67.09455
"Kyrah Daniels","Missouri State Lady Bears",67.0903
"Evangelia Paulk","Wofford Terriers",67.0896666666667
"Loyal McQueen","Clemson Tigers",67.0871166666667
"Tahlia White","Utah Valley Wolverines",67.0807833333333
"Zanai Jones","SMU Mustangs",67.0768833333334
"Mya Babbitt","Kent State Golden Flashes",67.0767833333333
"Teya Sidberry","Boston College Eagles",67.0648833333333
"Zada Porter","App State Mountaineers",67.0604
"Elle Ladine","Washington Huskies",67.0530333333334
"Jade Upshaw","Central Arkansas Sugar Bears",67.0481833333333
"Madison Hayes","NC State Wolfpack",67.0464666666666
"Morgan Callahan","North Carolina Central Eagles",67.0430666666667
"Samiyah Nasir","Shepherd Rams",67.02485
"Kenley McCarn","UT Martin Skyhawks",67.021
"Cali Clark","San Diego State Aztecs",67.0073500000001
"Alisha Wilson","Alabama A&M Bulldogs",66.9842666666666
"Jayla Murray","Wichita State Shockers",66.9764666666666
"Adia Dormu","Paine Lions",66.9582666666666
"Kiki McIntyre","Longwood Lancers",66.95725
"Izabela Nicoletti Leite","Fairfield Stags",66.9484
"Alexis Markowski","Nebraska Cornhuskers",66.9452666666667
"Chance Gray","Ohio State Buckeyes",66.9337166666667
"Courtney Becker","Drake Bulldogs",66.9297833333333
"Courtney Blakely","Middle Tennessee Blue Raiders",66.9288333333333
"Sydney Parrish","Indiana Hoosiers",66.9241833333333
"Charlotte O'Keefe","UT Rio Grande Valley Vaqueros",66.90075
"Koi Sims","Loyola Maryland Greyhounds",66.89485
"Veronica Sheffey","San Diego State Aztecs",66.89035
"Kayla Cooper","Southern Illinois Salukis",66.8814833333333
"Anna Walker","Tennessee Tech Golden Eagles",66.8713
"Imani Rothschild","Dillard Blue Devils",66.8647666666667
"Morgan Maly","Creighton Bluejays",66.8635166666667
"Rachel Leggett","South Alabama Jaguars",66.8616
"Candy Edokpaigbe","Seattle U Redhawks",66.8576833333333
"Cheyanne Bonilla","Sul Ross State Lobos",66.8518666666667
"Kade Hackerott","UT Rio Grande Valley Vaqueros",66.8439833333333
"Anna Gret Asi","Oklahoma State Cowgirls",66.8437
"Kendra Parra","Weber State Wildcats",66.8400166666666
"Mackenzie Egger","Yale Bulldogs",66.8364
"Angeliki Ziaka","San Francisco Dons",66.81415
"Lauren Ross","Purdue Fort Wayne Mastodons",66.8109833333333
"Silkiari Vazquez-Troche","Tennessee Southern Firehawks",66.7960833333333
"Jakayla Johnson","UL Monroe Warhawks",66.7949166666667
"Kendall Sneed","Tulane Green Wave",66.7938333333333
"Molly Masingale","Wofford Terriers",66.7917166666667
"Hadley Periman","Tulsa Golden Hurricane",66.7883666666667
"Liz Freihofer","Eastern Kentucky Colonels",66.78465
"Anna Olson","Vermont Catamounts",66.7653333333333
"Rory Hetrick","Cal State San Marcos Cougars",66.7536166666667
"Brooklyn Meyer","South Dakota State Jackrabbits",66.7525166666666
"Kayba Laube","Northern Iowa Panthers",66.7096333333333
"Madison Smith","Air Force Falcons",66.6913333333334
"Savannah Brooks","Coastal Carolina Chanticleers",66.6833166666666
"Sherese Pittman","Tulane Green Wave",66.67515
"A'Vyonna Kinsey","Miami (OH)-Hamilton Harriers",66.6722333333333
"Rachel Ullstrom","Richmond Spiders",66.6707333333333
"Laura Erikstrup","Grand Canyon Lopes",66.6704666666667
"Shay Ciezki","Indiana Hoosiers",66.6687166666667
"Jaddan Simmons","Michigan State Spartans",66.6637833333333
"Fanta Kone","Sam Houston Bearkats",66.65955
"Elena Rodriguez","Harvard Crimson",66.6577999999999
"Taleyah Jones","Oral Roberts Golden Eagles",66.6569166666667
"Mya Skoff","Lindenwood Lions",66.6529833333333
"Maye Toure","Utah Utes",66.6163833333333
"Dazia Lawrence","Kentucky Wildcats",66.61535
"Oluchi Okananwa","Duke Blue Devils",66.6150333333333
"Theryn Hallock","Michigan State Spartans",66.6086166666667
"Ariel Jenkins","Georgetown Hoyas",66.5806833333334
"Azzi Fudd","UConn Huskies",66.5649666666667
"Amaya Staton","Wright State Raiders",66.5645166666667
"Nyah Moran","Northern Arizona Lumberjacks",66.5628833333334
"Riley Weiss","Columbia Lions",66.5554666666667
"Avery Waddington","Montana Lady Griz",66.5534166666666
"Kaylene Smikle","Maryland Terrapins",66.5456833333333
"Marina Asensio","Western Michigan Broncos",66.5436833333333
"Mack Konig","Montana Lady Griz",66.5381666666667
"Jayda Curry","Louisville Cardinals",66.5175166666667
"Keeley Carter","Tennessee Tech Golden Eagles",66.51465
"Jordan Durant","Johnson & Wales (NC) Wildcats",66.5094666666666
"Emma Trawally Porta","San Francisco Dons",66.5072833333333
"Kylee Fox","Fresno State Bulldogs",66.5072666666667
"Paige Allen","Texas A&M-Corpus Christi Islanders",66.505
"Carlie Latta","Utah State Aggies",66.5028666666666
"Sophia Gregory","Youngstown State Penguins",66.4775333333333
"Delanie Crawford","Tulsa Golden Hurricane",66.4704333333334
"Haleigh Timmer","South Dakota State Jackrabbits",66.45705
"Rolanda Robinson","Adelphi Panthers",66.4532333333334
"Bailey Tabeling","Ohio Bobcats",66.4530166666666
"Elyce Knudsen","Illinois State Redbirds",66.4520166666667
"Lauryn Taylor","Florida Gulf Coast Eagles",66.3829666666666
"Camryn Runner","Evansville Purple Aces",66.3826166666667
"Jada Eads","Seton Hall Pirates",66.3819666666667
"Eleonora Villa","Washington State Cougars",66.37035
"Astera Tuhina","Washington State Cougars",66.35895
"Vernell Atamah","Northwestern State Lady Demons",66.3417500000001
"Chloe Kitts","South Carolina Gamecocks",66.34155
"Rachel Loobie","Long Beach State Beach",66.3370166666667
"Mickayla Perdue","Cleveland State Vikings",66.3304833333333
"Mady Cartwright","Tulsa Golden Hurricane",66.3259333333333
"Taylor Smith","Weber State Wildcats",66.3243833333334
"Raven Preston","Elon Phoenix",66.3027
"Alexus Mobley","Akron Zips",66.29275
"Syla Swords","Michigan Wolverines",66.2821833333334
"Hannah Stuelke","Iowa Hawkeyes",66.2727333333333
"Emily La Chapell","Belmont Bruins",66.2525
"Mikyla Tolivert","Georgia State Panthers",66.2491
"Tara Cousins","Delaware Blue Hens",66.2375333333333
"Jaidynn Mason","Marquette Golden Eagles",66.2299333333333
"Rashunda Jones","Purdue Boilermakers",66.2251
"Molly Kaiser","New Mexico State Aggies",66.2153
"Acacia Hayes","Western Kentucky Lady Toppers",66.1912166666666
"Jordyn Weaver","Queens University Royals",66.1772833333333
"Taylor Golembiewski","Colgate Raiders",66.1598333333333
"Dolly Cairns","Florida Gulf Coast Eagles",66.1583833333334
"Jalei Oglesby","Oral Roberts Golden Eagles",66.1536
"Sophie Burrows","Syracuse Orange",66.1329166666667
"Bailey Butler","Green Bay Phoenix",66.1253833333333
"Sarina Nagra","UC Merced Bobcats",66.1094
"Ava Cirigliano","Misericordia Cougars",66.10115
"Shelbee Brown","Akron Zips",66.0969166666666
"Damaris Rodriguez","Monmouth Hawks",66.0893833333333
"Sakyia White","UL Monroe Warhawks",66.0891666666666
"Matilda Ekh","Virginia Tech Hokies",66.0862166666667
"Destini Lombard","Purdue Boilermakers",66.0827166666666
"Dominique Ennis","Rice Owls",66.07095
"Cheyenne McEvans","Florida A&M Rattlers",66.0391166666667
"Kishyah Anderson","Presbyterian Blue Hose",66.0123833333333
"Althea Kara Angeles","Eastern Kentucky Colonels",66.0114500000001
"Jasha Clinton","Hampton Lady Pirates",66.0108333333333
"Soleil Barnes","Bradley Braves",66.0049833333334
"Ella Wanzer","Delaware Blue Hens",66.0018166666666
"Jaydia Martin","Sacramento State Hornets",65.9951833333333
"Freja Werth","San Francisco Dons",65.9877166666667
"Taliyah Clark","UT Arlington Mavericks",65.9621
"Mahogany Matthews","Georgia State Panthers",65.94895
"Emaia O'Brien","Detroit Mercy Titans",65.9374166666667
"Emma Hess","Liberty Flames",65.93325
"Skye Belker","Princeton Tigers",65.9313833333333
"Keslyn Secrist","Indiana State Sycamores",65.9291333333333
"Jadyn Weltz","Binghamton Bearcats",65.9225333333333
"Carleigh Wenzel","Virginia Tech Hokies",65.9214666666666
"I'yanna Lops","Seton Hall Pirates",65.9193666666666
"Asianae Nicholson","Bethune-Cookman Wildcats",65.9176166666667
"Bella Fontleroy","Baylor Bears",65.9163833333333
"McKelle Meek","Portland Pilots",65.9075333333333
"Alli Campbell","Penn State Lady Lions",65.89155
"Ines Gimenez Monserrat","Manhattan Jaspers",65.8907166666666
"Karson Martin","Quinnipiac Bobcats",65.8855833333334
"Arielle Dabu","Kentucky Wesleyan Panthers",65.8850166666667
"Bree Stephens","Central Arkansas Sugar Bears",65.87745
"Destiny Jones","West Georgia Wolves",65.8734833333333
"Tyi Skinner","Arizona State Sun Devils",65.8602666666666
"Maddie Walsh","UAB Blazers",65.8531
"Katelynn Martin","Montana State Bobcats",65.8503666666667
"Tajianna Roberts","Louisville Cardinals",65.8489166666667
"Emma Calvert","BYU Cougars",65.8442333333333
"Jorja Elliott","Incarnate Word Cardinals",65.82235
"Indya Green","Georgia Southern Eagles",65.8170333333333
"Olivia Nelson","Idaho Vandals",65.7838
"Haleigh Releford","Asbury Eagles",65.7791
"Mary-Anna Asare","VCU Rams",65.7665666666667
"Mallory Brake","Creighton Bluejays",65.75685
"Reese Ericson","Army Black Knights",65.7495166666667
"Colleen McQuillen","Lehigh Mountain Hawks",65.7467666666666
"Ashlynn Shade","UConn Huskies",65.74415
"Judith Gomez","Iona Gaels",65.7335166666667
"Prencis Harden","Kennesaw State Owls",65.72825
"Courtney McMillan","Guilford Quakers",65.72805
"Gabby Elliott","Penn State Lady Lions",65.72195
"Kayla Lee","Fisk Bulldogs",65.7179666666666
"Dani Bartsch","Montana Lady Griz",65.7177833333334
"Dontavia Waggoner","Boston College Eagles",65.7109333333333
"Ashlon Jackson","Duke Blue Devils",65.7096666666667
"Addison Martin","Illinois State Redbirds",65.7059833333334
"Nevaeh Foster","IU Indianapolis Jaguars",65.6742999999999
"Chloe Sotell","Pepperdine Waves",65.66445
"Audi Crooks","Iowa State Cyclones",65.6604166666667
"Hope Sivori","Bellarmine Knights",65.6583666666667
"Arianna Smith","Dayton Flyers",65.6372833333333
"Joi Williams","Radford Highlanders",65.634
"Destiny Howell","Howard Bison",65.6304333333334
"Jenna Van Schaik","Mercyhurst Lakers",65.6232000000001
"Sarah Te-Biasu","Maryland Terrapins",65.6220833333334
"Nyla Jean","Southern Miss Lady Eagles",65.6142833333334
"Talya Brugler","Saint Joseph's Hawks",65.6122833333333
"Sisi Eleko","Eastern Michigan Eagles",65.6078833333334
"Mar'shaun Bostic","Auburn Tigers",65.6025333333333
"Angelina Robles","Denver Pioneers",65.5990833333334
"Belle Lanpher","Central Connecticut Blue Devils",65.5971666666666
"Cayla Howard","Dominican (NY) Chargers",65.5945333333333
"Ella Stemmer","Lehigh Mountain Hawks",65.5906666666667
"Khera Goss","Toledo Rockets",65.5851333333333
"Emma Johansson","California Baptist Lancers",65.5797333333333
"Patricia Chung","Long Beach State Beach",65.5735166666667
"Aixchel Hernandez","Cal State Fullerton Titans",65.57265
"Alejandra Zuniga","NJIT Highlanders",65.5716
"Ivy Wolf","Dayton Flyers",65.5572833333334
"Jessenia Lawson","Central Michigan Chippewas",65.5549
"Jordan Jones","Denver Pioneers",65.5521333333334
"Josiany Canales","Davis & Elkins Senators",65.5479
"Amber Scalia","St. Thomas-Minnesota Tommies",65.5425833333333
"Jewel Spear","Tennessee Lady Volunteers",65.5407833333334
"Jeriah Warren","Florida Gators",65.5206333333333
"Jo Raflo","Mount St. Mary's Mountaineers",65.509
"Chazadi Wright","Georgia Tech Yellow Jackets",65.5065333333334
"Dorian Norris","Incarnate Word Cardinals",65.4887333333333
"Nora Francois","New Orleans Privateers",65.4747333333334
"Destiny Salary","Western Kentucky Lady Toppers",65.4673833333334
"Raegan McCowan","Western Illinois Leathernecks",65.45725
"Jaylin Foster","Texas State Bobcats",65.4544333333334
"Olivia Cochran","Louisville Cardinals",65.4520833333333
"Kennedie Shuler","Oregon State Beavers",65.4307166666667
"Catherine Alben","Charleston Southern Buccaneers",65.4221
"Brianna Furch","Saint Michael's Purple Knights",65.42075
"Sabrina Ma","UC San Diego Tritons",65.4193666666667
"Alyssa Durazo-Frescas","Grand Canyon Lopes",65.4155666666667
"Ines Vieira","Utah Utes",65.4120833333333
"Fiona Hastick","Army Black Knights",65.4076
"Jada Moore","Florida Atlantic Owls",65.4017333333334
"Angela Dugalic","UCLA Bruins",65.3945666666667
"Emma Troxell","Abilene Christian Wildcats",65.3937333333333
"Paige Kindseth","Presbyterian Blue Hose",65.3882833333333
"Peyton Howard","Eastern Washington Eagles",65.3880333333333
"Aysia Ward-Strong","Sam Houston Bearkats",65.3847
"Helen Matthews","Wofford Terriers",65.3843333333333
"Elly Schmitz","Bethel (MN) Royals",65.3824333333333
"Kyah Watson","West Virginia Mountaineers",65.3748833333333
"Raegan Beers","Oklahoma Sooners",65.3711
"Hulda Joaquim","New Mexico Lobos",65.3677166666666
"Joyce Edwards","South Carolina Gamecocks",65.3638
"Esther Matarranz","UC Riverside Highlanders",65.3555166666666
"Denae Carter","Villanova Wildcats",65.3531333333333
"Madison Schiller","Colgate Raiders",65.34045
"Paris Clark","Virginia Cavaliers",65.3390333333333
"Micah Gray","Oklahoma State Cowgirls",65.3355333333333
"Robyn Lee","Louisiana Tech Lady Techsters",65.3346
"Kylie Swider","Stonehill Skyhawks",65.3306666666667
"Sable Burnside","UVA Wise Cavaliers",65.3226500000001
"Nya Epps","UC Davis Aggies",65.3210333333334
"Marta Suarez","California Golden Bears",65.3177666666667
"Cotie McMahon","Ohio State Buckeyes",65.3097666666667
"Harmaine Dominguez","Stephen F. Austin Ladyjacks",65.3095833333333
"Jordyn Oliver","Vanderbilt Commodores",65.2986
"Hannah Simental","Colorado State Rams",65.2885666666667
"Cameron Thomas","Stetson Hatters",65.2763166666667
"Catarina Ferreira","Oregon State Beavers",65.2718333333333
"Miyah Brown","Bellarmine Knights",65.2690166666667
"Stina Almqvist","Pennsylvania Quakers",65.2617333333334
"Natalie McNeal","Green Bay Phoenix",65.25985
"Kierra Merchant","Houston Cougars",65.2581333333333
"Claire Johnson","Samford Bulldogs",65.2567
"Zoe Best","Southeast Missouri State Redhawks",65.25575
"Arieona Rosborough","Tarleton State Texans",65.2449666666667
"Irene Murua Txintxurreta","Fordham Rams",65.2448166666667
"Elle Evans","Kansas Jayhawks",65.2353
"Jayla Brooks","Little Rock Trojans",65.2348
"Malea Brown","Longwood Lancers",65.22415
"Yahmani McKayle","Massachusetts Minutewomen",65.2194166666667
"Mahogany Lester","Maryland Eastern Shore Hawks",65.2138666666666
"Aaliyah Nye","Alabama Crimson Tide",65.2109333333333
"Daniela Gonzalez","South Alabama Jaguars",65.2064666666667
"Kristin Williams","Coastal Carolina Chanticleers",65.1904833333333
"Brooke Demetre","Stanford Cardinal",65.1897833333333
"MiLaysia Fulwiley","South Carolina Gamecocks",65.1710833333333
"Kelsey Rees","Oregon State Beavers",65.1634
"Lilly Phillips","UAlbany Great Danes",65.13445
"Avyonce Carter","Western Carolina Catamounts",65.1305000000001
"Cassie Schiltz","Green Bay Phoenix",65.12895
"Madison Roman","Merrimack Warriors",65.1253
"Anissa Rivera","Temple Owls",65.1199833333334
"Addi Brownfield","Western Illinois Leathernecks",65.1128833333333
"Brooke Carlson","Colorado State Rams",65.09925
"Raigan Head","Central Baptist College Mustangs",65.0991666666667
"Marah Dykstra","Montana State Bobcats",65.0864000000001
"Jerni Kiaku","Duquesne Dukes",65.0837333333334
"Olivia Austin","Dartmouth Big Green",65.0785833333333
"Anaelle Dutat","Rhode Island Rams",65.0596333333333
"Leyla Ozturk","Manhattan Jaspers",65.05855
"Abby Conklin","Fairleigh Dickinson Knights",65.0506166666667
"Melyia Grayson","Southern Miss Lady Eagles",65.0472666666667
"Kamy Peppler","Milwaukee Panthers",65.0469833333334
"Eylia Love","Houston Cougars",65.04095
"Keimari Rimmer","UIC Flames",65.0400333333333
"Ruby Whitehorn","Tennessee Lady Volunteers",65.0388833333333
"Kaitlyn Chen","UConn Huskies",65.0245
"JoJo Lacey","Rutgers Scarlet Knights",65.02375
"Kourtney Grossman","Eastern Washington Eagles",65.0163833333333
"Myah Coleman","Dallas Christian Crusaders",65.0120833333333
"Eniya Russell","Mississippi State Bulldogs",65.012
"Taniyah Finney","Cheyney (PA) Wolves",65.0019666666666
"Chaniya Clark","North Carolina A&T Aggies",64.9998166666667
"Meghan Downing","East Tennessee State Bucs",64.9988
"Trista Hull","Portland Pilots",64.9952
"Deja Evans","Drexel Dragons",64.9846833333333
"Ereauna Hardaway","North Texas Mean Green",64.9765666666667
"Isabella King","Bucknell Bison",64.9761666666666
"Madison Royal-Davis","Oakland Golden Grizzlies",64.9756666666667
"Carla Brito","South Florida Bulls",64.9712
"Ruthia Smith","Faulkner Eagles",64.9701666666666
"Ashlyn Rean","Alaska Anchorage Seawolves",64.9690333333333
"Paige Yasukochi","Occidental Tigers",64.9677666666667
"Nikola Priede","Vermont Catamounts",64.9667666666667
"Noa Givon","Robert Morris Colonials",64.9629333333333
"Olivia Moran","Northern Arizona Lumberjacks",64.9593833333333
"Shannon Dowell","Illinois State Redbirds",64.9544
"Tristen Taylor","Temple Owls",64.94355
"Reese Zemitis","Bucknell Bison",64.9427333333333
"Aaronette Vonleh","Baylor Bears",64.9414333333334
"Isis Beh","Arizona Wildcats",64.9401833333333
"Meri Kanerva","Xavier Musketeers",64.9310666666667
"Maddy Skorupski","Oakland Golden Grizzlies",64.92535
"Jayde Gamble","UNC Greensboro Spartans",64.9163
"Maya Wong","Illinois State Redbirds",64.9085833333333
"Macey Blevins","Northern Kentucky Norse",64.9041166666667
"Lily Wahinekapu","Hawai'i Rainbow Wahine",64.8963166666667
"Asta Blauenfeldt","Maine Black Bears",64.8962333333333
"Tierra Simon","Saint Louis Billikens",64.8878666666667
"Lindsay Berger","Holy Cross Crusaders",64.8854
"Donovyn Hunter","TCU Horned Frogs",64.8735833333333
"Keyarah Berry","Kennesaw State Owls",64.8724
"Sophia Diehl","Colgate Raiders",64.8708166666667
"Jasmyne Roberts","Miami Hurricanes",64.869
"Kahia Warmsley","Grambling Lady Tigers",64.8600333333333
"Mackenzie Smith","Saint Joseph's Hawks",64.8581
"Brooklyn Gray","Saint Louis Billikens",64.8563
"Faith Stinson","IU Indianapolis Jaguars",64.8517833333333
"Natalia Trevino","Texas A&M-San Antonio Jaguars",64.8456666666666
"Kiley Bess","Missouri State Lady Bears",64.8363166666666
"Meredith Raley","Southern Indiana Screaming Eagles",64.8347
"Ashanti Barnes","James Madison Dukes",64.82855
"Jasmine Felton","Campbell Fighting Camels",64.8253833333333
"Gabby Casey","Saint Joseph's Hawks",64.8213666666666
"Lyric Cole","Tennessee State Lady Tigers",64.8198833333333
"Alancia Ramsey","Coastal Carolina Chanticleers",64.8168666666667
"McKinna Brackens","UNLV Lady Rebels",64.8119166666666
"Jordan Hobbs","Michigan Wolverines",64.8056
"Ary Dizon","Cal State Bakersfield Roadrunners",64.8047666666667
"Viane Cumber","New Mexico Lobos",64.80445
"Kennedy Smith","USC Trojans",64.8002666666666
"Mia Smith","Bowie State Bulldogs",64.7998666666666
"Mia Moore","Clemson Tigers",64.7817666666667
"McKinley Brooks-Sumpter","Charleston Cougars",64.7811166666667
"Ava Ranson","San Diego Toreros",64.7732833333334
"Gift Uchenna","Southern Illinois Salukis",64.7706333333334
"Cora Horvath","East Texas A&M Lions",64.7675166666667
"Kate Hollifield","UNC Wilmington Seahawks",64.7567
"Allie Palmieri","Massachusetts Minutewomen",64.7516666666667
"Gabrielle Kennerly","Mount St. Mary's Mountaineers",64.7476833333333
"Kendall Carruthers","Toledo Rockets",64.7402
"Izabel Varejao","Syracuse Orange",64.7291
"TK Pitts","SMU Mustangs",64.7083333333333
"Chloe Larry","Tennessee Tech Golden Eagles",64.70785
"Brooke Stonebraker","Northern Illinois Huskies",64.6982166666667
"Deja Jones","Indiana State Sycamores",64.68345
"Carly Coleman","Immaculata Mighty Macs",64.6801666666666
"Kennady McQueen","Utah Utes",64.6736166666667
"Summer Parker-Hall","Cornell Big Red",64.6703833333333
"Sa'Mya Wyatt","Austin Peay Governors",64.6673833333334
"Skylar Jones","Arizona Wildcats",64.6614
"Nevaeh Zavala","High Point Panthers",64.6583166666667
"Aoibhe Gormley","Boston University Terriers",64.6579666666667
"Taryn Sides","Kansas State Wildcats",64.6549
"Shae Littleford","UT Martin Skyhawks",64.6519999999999
"Aiyanna Culver","Chicago State Cougars",64.6517833333333
"Halle Nelson","Utah Valley Wolverines",64.6509166666667
"Triniti Ralston","Southern Indiana Screaming Eagles",64.6506833333333
"Kennedie Montue","Arkansas State Red Wolves",64.6497
"Abbie Draper","North Dakota State Bison",64.6483166666667
"Taneshia Tucker","Bloomfield Deacons",64.6467666666667
"Jennifer Aadland","Idaho Vandals",64.64455
"Kim Villalobos","San Diego State Aztecs",64.6422333333333
"Sierra Lichtie","Cal Poly Mustangs",64.6403333333333
"Tameiya Sadler","Ole Miss Rebels",64.62865
"Mya Meredith","Northern Kentucky Norse",64.6274499999999
"Kiarra Mcelrath","Delaware State Hornets",64.6210666666667
"CC Mays","Marshall Thundering Herd",64.62005
"Halle Idowu","Northern Kentucky Norse",64.6121333333333
"Priscilla Williams","Jacksonville Dolphins",64.6098833333334
"Sydney Watkins","UMass Lowell River Hawks",64.6084666666667
"Key Roseby","Stephen F. Austin Ladyjacks",64.6002833333333
"Thalia Shepard","Merrimack Warriors",64.5969
"Bella Nascimento","William & Mary Tribe",64.5961166666667
"Vittoria Blasigh","South Florida Bulls",64.5907
"Jasmine Shavers","Texas Tech Lady Raiders",64.5905166666667
"Hayley Harrison","Bellarmine Knights",64.5856000000001
"Zay Dyer","Troy Trojans",64.58145
"Audra Emmerson","Purdue Fort Wayne Mastodons",64.5788
"Aislynn Hayes","Marshall Thundering Herd",64.57765
"Maggie Hartwig","Evansville Purple Aces",64.5766166666667
"Janessa Williams","Long Island University Sharks",64.5761000000001
"Kyla Bryant","North Carolina Central Eagles",64.5747833333334
"Jalyn Brown","Arizona State Sun Devils",64.5711
"Nicole Gwynn","Georgia Southern Eagles",64.5634666666667
"Jocelyn Schiller","North Dakota Fighting Hawks",64.5620666666667
"Ally Sweeney","Richmond Spiders",64.5612
"Mary Carter","Cal Poly Mustangs",64.5519666666667
"Annika Shah","Cal Poly Mustangs",64.5502
"Catherine Gilwee","Vermont Catamounts",64.5496333333333
"Lindsey Pirkle","Union (KY) Bulldogs",64.54855
"Daysha Reid","Tennessee Southern Firehawks",64.53745
"Perri Page","Columbia Lions",64.5263333333334
"Destinee Hooks","New Mexico Lobos",64.5236833333333
"Amor Harris","Longwood Lancers",64.51475
"Jaslyn Woods","Lincoln (CA) Oaklanders",64.51
"Khamari Mitchell-Steen","Florida Gulf Coast Eagles",64.5034333333333
"Charlise Dunn","Davidson Wildcats",64.50305
"Amira Mabry","Tulane Green Wave",64.4955333333333
"Avery Broughton","Dakota Wesleyan Tigers",64.4931166666667
"Khady Leye","Towson Tigers",64.4822999999999
"Julia Fabozzi","Wagner Seahawks",64.4808
"Julia Palomo","Evansville Purple Aces",64.4764666666667
"Cecilia Kay","American University Eagles",64.4756833333334
"Jakoriah Long","Tarleton State Texans",64.4737833333334
"Laura Salmeron","Loyola Maryland Greyhounds",64.46605
"Jasmine McGinnis-Taylor","Eastern Kentucky Colonels",64.4589999999999
"Rhema Ogele","Portland State Vikings",64.45825
"Jewel Watkins","Youngstown State Penguins",64.4541666666667
"Mama Dembele","South Florida Bulls",64.4537333333333
"Da'Brya Clark","Norfolk State Spartans",64.4518666666666
"Gianni Boone","Campbell Fighting Camels",64.4423833333334
"Paulina Paris","Arizona Wildcats",64.4410666666667
"Aaliyah Alexander","UNLV Lady Rebels",64.4407
"Cheyenne Stubbs","Utah State Aggies",64.4359333333333
"Ro Scott","James Madison Dukes",64.4153333333333
"Britiya Curtis","Nicholls Colonels",64.4089833333333
"Micah Hart","Bethel (TN) Wildcats",64.4076666666666
"Bella Antonacci","Allegheny Gators",64.4038666666667
"Jessica Tomasetti","UAlbany Great Danes",64.4022
"Safiatu Kolliegbo","Niagara Purple Eagles",64.3985666666667
"Eva DeChent","New Hampshire Wildcats",64.39485
"Alyssa Marin","UC Santa Barbara Gauchos",64.3892666666667
"Kiani Lockett","Creighton Bluejays",64.3876333333333
"Demeara Hinds","Wake Forest Demon Deacons",64.3858166666666
"Antoniette Emma-Nnopu","Weber State Wildcats",64.38445
"Kaci Donovan","UAlbany Great Danes",64.3793
"Sydney Ryan","Furman Paladins",64.3745666666667
"Brianna Jackson","Troy Trojans",64.37285
"Rose Micheaux","Virginia Tech Hokies",64.3648666666667
"Nile Miller","Howard Bison",64.3594000000001
"Kemia Ward","Queens University Royals",64.3593833333334
"Ashlee Locke","Mercer Bears",64.3558166666667
"Jada Williams","Arizona Wildcats",64.3546833333334
"Enya Maguire","NJIT Highlanders",64.3536
"Emma Yost","Dakota Wesleyan Tigers",64.3528499999999
"Carmaya Bowman	","Shepherd Rams",64.3448166666666
"Makayla Rose","UC Riverside Highlanders",64.3327499999999
"Tarriyonna Gary","Temple Owls",64.3313166666667
"Grace Jeffrey","Johnson & Wales (RI) Griffins",64.32575
"Skylar Burke","UC Santa Barbara Gauchos",64.3235166666667
"Moriah Murray","Penn State Lady Lions",64.3124
"Marisa Frost","North Dakota State Bison",64.3095833333333
"Aaliyah Stanton","Cal State Fullerton Titans",64.3049833333334
"Milahnie Perry","Air Force Falcons",64.2976333333333
"Paloma Garcia","Merrimack Warriors",64.2945
"Anna LeMaster","Mount St. Mary's Mountaineers",64.2918666666666
"Maya Chandler","Miami (OH) RedHawks",64.2841333333333
"Anna Lutz","Milwaukee Panthers",64.2780166666667
"Taris Thornton","Tennessee Tech Golden Eagles",64.2765666666666
"Tiffany Tullis","Houston Christian Huskies",64.2749
"Sophia Vital","Rhode Island Rams",64.2668333333334
"Destiny Leo","Cleveland State Vikings",64.2610833333333
"Callie Cowan","West Alabama Tigers",64.25455
"Meg Cahalan","Holy Cross Crusaders",64.2521666666667
"Lior Garzon","Colorado Buffaloes",64.2416666666667
"Lina Falk","Sacramento State Hornets",64.23355
"Raimi McCrary","Incarnate Word Cardinals",64.2316333333333
"Katie Donovan","Davidson Wildcats",64.228
"Kayla Dickey","North American Stallions",64.2163166666666
"Paula Gallego","Maine Black Bears",64.20865
"Julieta Ceja","Eastern New Mexico Greyhounds",64.2053
"Taylor Donaldson","Fordham Rams",64.1775833333333
"Mesa Byom","South Dakota State Jackrabbits",64.1761
"Daimoni Dorsey","Bethune-Cookman Wildcats",64.1753
"Katie Peneueta","Sacramento State Hornets",64.1743666666667
"Simaru Fields","Old Dominion Monarchs",64.17395
"Allyson Ross","Mercyhurst Lakers",64.1669333333333
"Brandi Williams","Loyola Marymount Lions",64.1594833333333
"Sydney Bowles","Florida State Seminoles",64.1580166666667
"KK Deans","Ole Miss Rebels",64.1529
"Alexis Bynum","Pfeiffer Falcons",64.1437333333333
"Carley Duffney","South Dakota Coyotes",64.1247666666667
"Saylor Poffenbarger","Maryland Terrapins",64.1195833333333
"Courtney Moore","East Tennessee State Bucs",64.1165833333333
"Trinity Turner","Georgia Lady Bulldogs",64.1162333333334
"Victoria Page","Dartmouth Big Green",64.1060833333334
"Kyren Whittington","Tulane Green Wave",64.0996666666667
"Talia von Oelhoffen","USC Trojans",64.0914666666667
"Jaden Walker","UMBC Retrievers",64.0865499999999
"Jaisa Gamble","Alaska Anchorage Seawolves",64.08625
"Matyson Wilke","Utah Utes",64.08235
"Lamaria Estridge","Shepherd Rams",64.0806666666667
"Celia Sumbane","Auburn Tigers",64.0775
"Amourie Porter","Winthrop Eagles",64.0742666666667
"Raven Johnson","South Carolina Gamecocks",64.0727333333334
"Chloe Wilson","Delaware Blue Hens",64.0682666666667
"Taina Mair","Duke Blue Devils",64.0609166666667
"Tamiah Robinson","Louisiana Ragin' Cajuns",64.04385
"Zee Spearman","Tennessee Lady Volunteers",64.0424166666667
"Alayna Contreras","Kansas City Roos",64.0396666666667
"Amalya Sales","Warner Pacific Knights",64.0135666666666
"Taleah Dilworth","Jackson State Lady Tigers",64.0090833333333
"Nevaeh Dean","UC Irvine Anteaters",63.9938166666667
"Da'Myiah Lewis","Stanislaus State Warriors",63.9876666666667
"Tiarra East","Temple Owls",63.9800166666667
"Ericka Huggins","Delaware State Hornets",63.9706
"Carly Hooks","Kennesaw State Owls",63.9638166666667
"Elli Garnett","Nicholls Colonels",63.9545666666667
"Dani Haskell","St. Bonaventure Bonnies",63.9534666666667
"Kaitlyn O'Connell","Adelphi Panthers",63.94865
"Ava Hairston","Pfeiffer Falcons",63.9459166666667
"Hunter Hernandez","UC Irvine Anteaters",63.9439666666667
"Tamia Stricklin","Seattle U Redhawks",63.9430333333333
"Zoe Kennedy","Clarke University Pride",63.9327166666667
"Victoria Keenan","Tulane Green Wave",63.93135
"Janay Brantley","Stony Brook Seawolves",63.92715
"Alli Carlson","Western Michigan Broncos",63.9264833333333
"Kayla Clark","Bethune-Cookman Wildcats",63.9241833333334
"Samantha Muller","Molloy Lions",63.9074166666666
"Eryka Patton","UNT Dallas Trailblazers",63.9048333333333
"Malia Fisher","Rice Owls",63.9005333333333
"Destiny Terrell","Texas State Bobcats",63.8834833333333
"Meadow Roland","UNLV Lady Rebels",63.8825333333333
"Tanyuel Welch","Memphis Tigers",63.8798833333334
"Tineya Hylton","Cincinnati Bearcats",63.8711333333334
"Nyla Hampton","Michigan State Spartans",63.8707166666667
"Victoria Perez","Colorado Christian Cougars",63.8675166666667
"Caroline Lucas","Brescia Bearcats",63.8674166666667
"Sirviva Legions","Long Island University Sharks",63.86005
"Jordyn Newsome","East Texas A&M Lions",63.8545333333333
"Iyana Moore","Vanderbilt Commodores",63.8542666666667
"Ashley Baez","Troy Trojans",63.8541166666666
"Destiny Ryles","Bowie State Bulldogs",63.8505166666667
"Courtney Dahlquist","Campbell Fighting Camels",63.8465
"Maddie Kellione","Marshall Thundering Herd",63.8445333333333
"Maureen Stapleton","Stonehill Skyhawks",63.8443
"Victoria Flores","Rice Owls",63.8429333333334
"Jaida McCloud","UIC Flames",63.84275
"Tasia Jordan","Idaho State Bengals",63.8386333333333
"Ja'Leah Williams","Louisville Cardinals",63.8317333333333
"Mya Perry","Florida Atlantic Owls",63.8263666666667
"Jaleesa Molina","Temple Owls",63.8248333333333
"Brooke Donnelly","Cal State East Bay Pioneers",63.8228999999999
"Brie Crittendon","Utah Tech Trailblazers",63.8221666666666
"Amelia Wood","Sacred Heart Pioneers",63.82115
"Ahniysha Jackson","Siena Saints",63.8193333333333
"Mariah Wilson","Longwood Lancers",63.8157666666666
"Mya Barnes","Jacksonville State Gamecocks",63.8142166666667
"Aniya Gourdine","Southern Jaguars",63.8095
"Shay Holle","Texas Longhorns",63.8079333333334
"Hanna Cavinder","Miami Hurricanes",63.8052
"Marley Washenitz","Pittsburgh Panthers",63.7995
"Kaitlin Peterson","UCF Knights",63.7931333333333
"Kassie Monday","Cumberland (KY) Indians",63.7924333333333
"Ana Barreto","Queens University Royals",63.7920333333334
"Amandine Amorich","Loyola Maryland Greyhounds",63.7769166666667
"Hayleigh Breland","Charlotte 49ers",63.7728333333333
"Anovia Sheals","Austin Peay Governors",63.7671
"Briana Peguero","Troy Trojans",63.7558
"Alex Giannaros","Boston University Terriers",63.74575
"Jacei Denley","Lamar Cardinals",63.7440666666667
"Kiyley Flowers","Eastern Illinois Panthers",63.7414666666667
"Nhug Bosch Duran","California Baptist Lancers",63.7360166666666
"Sahara Williams","Oklahoma Sooners",63.73395
"Emily Pape","Cornell Big Red",63.7331666666667
"Kyla Deck","North Texas Mean Green",63.7286333333333
"Yirsy Queliz","Northeastern Huskies",63.7252333333334
"Saniyah Craig","Jacksonville Dolphins",63.7206833333333
"Jalyn Holcomb","Lipscomb Bisons",63.7182
"Mj Simmons","Bethel (TN) Wildcats",63.6966833333334
"Jessica Peterson","SMU Mustangs",63.6927666666667
"Haedyn Roberts","Le Moyne Dolphins",63.6906833333333
"Kacee Baumhower","Milwaukee Panthers",63.68635
"Jordon Lewis","UMBC Retrievers",63.6841666666667
"Ashleigh Connor","La Salle Explorers",63.6830166666667
"Grace O'Neill","Drexel Dragons",63.6788333333334
"Kennedi Watkins","Ohio Bobcats",63.67865
"Keiara Griffin","Kennesaw State Owls",63.6713
"Sammy Opichka","St. Thomas-Minnesota Tommies",63.66875
"Bailey Kuhns","Mercyhurst Lakers",63.6684666666667
"Avery VanSickle","Stephen F. Austin Ladyjacks",63.65615
"Ava Uhrich","Southern Utah Thunderbirds",63.6527
"Nunu Agara","Stanford Cardinal",63.64815
"Jaylo Bello","Walla Walla Wolves",63.6380333333334
"Harsimran Kaur","Rhode Island Rams",63.62665
"Daejah Richmond","UT Martin Skyhawks",63.62635
"Ashton Judd","Missouri Tigers",63.6229
"Zennia Thomas","Howard Bison",63.61505
"Taylor Henderson","UNC Wilmington Seahawks",63.6137833333334
"Taylor Johnson-Matthews","DePaul Blue Demons",63.6021166666667
"Lauryn Pendleton","Alabama A&M Bulldogs",63.6010666666667
"Kseniia Kozlova","James Madison Dukes",63.60105
"Crislyn Rose","Arkansas State Red Wolves",63.5861166666667
"Rikki Harris","Dayton Flyers",63.5714166666666
"Mykayla Cunningham","Lindenwood Lions",63.5702833333334
"Rylie Theuerkauf","Wake Forest Demon Deacons",63.5679666666667
"Claira McGowan","Lipscomb Bisons",63.5469166666667
"Avery Howell","USC Trojans",63.5373333333333
"Sania Feagin","South Carolina Gamecocks",63.5318333333334
"Shakiria Foster","North Carolina Central Eagles",63.5315333333334
"Joan Quinn","La Salle Explorers",63.5270333333334
"Chloe Sterling","Hofstra Pride",63.5209333333333
"D'Yanna Maxey","Mississippi Valley State Devilettes",63.5207666666667
"Maya Simon","Texas A&M-San Antonio Jaguars",63.5170333333333
"Lexie Tarul","Marist Red Foxes",63.5119166666667
"Elze Motekaityte","Gardner-Webb Runnin' Bulldogs",63.5097666666667
"Breauna Ware","Stony Brook Seawolves",63.5015833333334
"Gabby Turco","Rider Broncs",63.50085
"Sharn Hayward","Stonehill Skyhawks",63.48735
"Jalyn Sackrider","Evergreen State Geoducks",63.4834333333334
"Luana Leite","San Francisco Dons",63.4639333333333
"Parris Atkins","Florida International Panthers",63.4629166666667
"Malaya Cowles","Wake Forest Demon Deacons",63.4483166666667
"Tiffany Hammond","Coppin State Eagles",63.4469833333334
"Alyssa Phillip","Grambling Lady Tigers",63.44335
"Kaylie Monday","Cumberland (KY) Indians",63.4388166666667
"Journey Armstead","UAB Blazers",63.4353333333333
"Julia Susla","Montevallo Falcons",63.43055
"Cordasia Harris","Alabama State Lady Hornets",63.4250666666667
"Reagan Jackson","Cincinnati Bearcats",63.4245
"Edyn Battle","Jacksonville Dolphins",63.4220333333334
"Tyler Pyburn","Texas College Steers",63.4175
"Simone Cunningham","Old Dominion Monarchs",63.41135
"Neeley Tilly-Bedick","Nelson Lions",63.4090166666666
"Zyion Shannon","Arkansas State Red Wolves",63.4044833333333
"Sara Bershers","UAB Blazers",63.3972833333333
"Delaney Thomas","Duke Blue Devils",63.3865666666667
"Sydney Ward","Pacific Tigers",63.3841333333333
"Aaliyah Collins","High Point Panthers",63.3840833333334
"Claire Henson","Wright State Raiders",63.3827
"Alex Richard","Ball State Cardinals",63.3817166666667
"Rebecca Demeke","Delaware Blue Hens",63.3747166666666
"Lauren Smith","Tennessee Southern Firehawks",63.3744166666667
"Ineivi Plata","St. Francis (PA) Red Flash",63.3734166666667
"Jazzpher Evans","Alaska Anchorage Seawolves",63.3697833333333
"Anjanae Richardson","Norfolk State Spartans",63.3580666666667
"Jo Langbehn","St. Thomas-Minnesota Tommies",63.3554333333333
"Gracy Wernli","Lindenwood Lions",63.3543166666666
"Jade Masogayo","Colorado Buffaloes",63.3459666666667
"Abbie Aalsma","Drake Bulldogs",63.3446666666667
"Petra Juric","Manhattan Jaspers",63.33835
"Ciani Montgomery","Lincoln (PA) Lions",63.3358833333334
"Kaila Rougier","North Florida Ospreys",63.3252166666667
"Jo Huntimer","Air Force Falcons",63.3157833333333
"Alberte Rimdal","Nebraska Cornhuskers",63.31495
"Lianna Baxter","Oakland Golden Grizzlies",63.3100166666667
"Mackenzie Nelson","Virginia Tech Hokies",63.2936833333334
"Makoye Diawara","Norfolk State Spartans",63.2903
"Dakota McCaughan","UNC Asheville Bulldogs",63.2897666666666
"Shamarla King","Stony Brook Seawolves",63.28615
"Calysia Phillips","Mississippi University For Women Owls",63.2811833333334
"Quentarra Mitchell","Stetson Hatters",63.2793833333334
"Ella Farrelly","Monmouth Hawks",63.2772833333334
"Malia Latu","Santa Clara Broncos",63.2744166666667
"Kyleigh Brown","Portland State Vikings",63.2706666666666
"Imani Perez","Hawai'i Rainbow Wahine",63.2635
"De'Mauri Flournoy","Georgia Lady Bulldogs",63.2575
"Sug Williams","Little Rock Trojans",63.2552333333334
"Mahogany Cottingham","Delaware State Hornets",63.25125
"Daylani Ballena","Southern Utah Thunderbirds",63.2506833333334
"Lauren Knight","St. Francis (IL) Fighting Saints",63.2437166666667
"Sarah Taub","North Florida Ospreys",63.2436
"Nya Robertson","SMU Mustangs",63.2354833333333
"Deryanis Colon Velez","Washington Adventist Shock",63.2227833333333
"Cate Carlson","Radford Highlanders",63.2214666666667
"Samantha Hoelscher","Cleary University Cougars",63.2148833333334
"Grace Efosa","Providence Friars",63.2114
"Bailey Maupin","Texas Tech Lady Raiders",63.2099666666667
"Zoesha Smith","Georgia Tech Yellow Jackets",63.2079833333333
"Taylor Eldredge","Cal State East Bay Pioneers",63.2057666666667
"Toby Fournier","Duke Blue Devils",63.2057166666667
"Seneca Hackley","UC Riverside Highlanders",63.2016666666667
"Amani Ball","Washington Adventist Shock",63.20145
"Meloney Thames","UL Monroe Warhawks",63.191
"Amaris Baker","Drexel Dragons",63.187
"Stephanie Okowi","Arkansas-Pine Bluff Golden Lions",63.17565
"Kylie Feuerbach","Iowa Hawkeyes",63.17535
"Cherika Rafan","Lincoln (CA) Oaklanders",63.1681666666667
"Luisa Vydrova","UTEP Miners",63.1669333333333
"Kaemyn Bekemeier","Missouri State Lady Bears",63.1665666666667
"Lulu Twidale","California Golden Bears",63.1529333333333
"Ella Gallatin","Eastern Washington Eagles",63.1490333333333
"Deonna Brister","Nicholls Colonels",63.1434666666667
"Greta Kampschroeder","Michigan Wolverines",63.1399666666667
"Sophia Covello","Idaho State Bengals",63.1373833333333
"Caroline Lau","Northwestern Wildcats",63.13585
"Maddie Webber","Villanova Wildcats",63.1318833333334
"Abby Jegede","Northeastern Huskies",63.1193
"Amber Bourgeois","St. Thomas (TX) Celts",63.1103166666666
"Jackie Piddock","Marist Red Foxes",63.1103
"Zsofia Telegdy","Western Kentucky Lady Toppers",63.1095833333333
"Rose Bubakar","Weber State Wildcats",63.1058
"Kinley Fisher","Central Arkansas Sugar Bears",63.0866166666667
"Cassidy Morris","Brescia Bearcats",63.0822333333333
"Achol Akot","UCF Knights",63.0815833333333
"Malia Magestro","Youngstown State Penguins",63.0799499999999
"Meghan Kenefick","Central Connecticut Blue Devils",63.0753833333333
"Abigail Wilson","UNC Asheville Bulldogs",63.068
"Alexi Hempe","South Dakota Coyotes",63.06795
"Ayisse Magassa","La Salle Explorers",63.0596166666667
"Jyah LoVett","Arizona State Sun Devils",63.05635
"Linzie Wernert","Indiana-Southeast Grenadiers",63.0553166666666
"Kennedy Langham","Samford Bulldogs",63.0460166666667
"Morgan Demos","Navy Midshipmen",63.0457166666666
"Kya Smith","Army Black Knights",63.04195
"Tieraney Bolton","Thomas (GA) Night Hawks",63.0365666666667
"Parker Hill","Princeton Tigers",63.0347666666667
"Taya Davis","Fordham Rams",63.0231666666667
"Amanda Barcello","Utah Valley Wolverines",63.02135
"Breona Hurd","Virginia Cavaliers",62.99275
"Jayla Hearp","East Carolina Pirates",62.98765
"Alaya Fitzgerald","Portland State Vikings",62.9855333333334
"Mia Mancini","Bryant Bulldogs",62.9811166666667
"Mykel Parham","VCU Rams",62.9781
"Ashlee Harris","Bellarmine Knights",62.9674
"Nya Smith","UNC Greensboro Spartans",62.9641499999999
"Madison Mathiowetz","South Dakota State Jackrabbits",62.9586833333333
"Reniya Kelly","North Carolina Tar Heels",62.9543833333334
"Regan Williams","Kansas Jayhawks",62.9515166666667
"MaKayla Elmore","Pittsburgh Panthers",62.9497833333333
"Giana Hoddinott","Mount St. Mary's Mountaineers",62.9413333333333
"Payton Hull","Abilene Christian Wildcats",62.9376666666667
"Jaila Lee","UNC Greensboro Spartans",62.93635
"Laila Blair","Houston Cougars",62.9343
"Macy Silvey","SIU Edwardsville Cougars",62.9332
"Adryana Quezada","San Diego State Aztecs",62.9242833333333
"Tess Barnes","Wyoming Cowgirls",62.92235
"Grace Sullivan","Northwestern Wildcats",62.9146
"Nan Garcia","Toledo Rockets",62.90965
"Elise Jaeger","Northern Iowa Panthers",62.9093333333334
"Mariona Cos-Morales","Rider Broncs",62.9005833333333
"Jocelyn Tate","Michigan State Spartans",62.8939833333333
"Emma Riley","Union Garnet Chargers",62.8893666666667
"Nakia Cheathman","Alcorn State Lady Braves",62.8872
"Brenda Fontana","Old Dominion Monarchs",62.8863166666667
"Ja Harvey","Omaha Mavericks",62.8851
"Kylee Piche","Bridgewater State (MA) Bears",62.8806833333333
"T'yana Todd","Boston College Eagles",62.8726
"Zamara Haynes","Maryland Eastern Shore Hawks",62.8717166666667
"Meghan Weinrich","Oral Roberts Golden Eagles",62.8707666666667
"Zaida Gonzalez","Stony Brook Seawolves",62.8607166666667
"Kylie Flippin","McMurry War Hawks",62.8547666666667
"MeiLani McBee","Hawai'i Rainbow Wahine",62.8530833333333
"Eva Levingston","Cal State Fullerton Titans",62.8523666666667
"Kendall Holmes","Belmont Bruins",62.8504333333333
"K'Nari Holliday","West Georgia Wolves",62.84205
"Gabi Fields","Northern Colorado Bears",62.8411
"Lauren Jones","Westminster (MO) Blue Jays",62.83585
"Rebecca Walter","Blue Mountain College Toppers",62.8326
"Destiny Goodwin","Trinity Christian (IL) Trolls",62.8297833333333
"Madi Morson","Central Michigan Chippewas",62.82925
"Leah Williams","Mount Marty College Lancers",62.8253833333333
"Kalia Walker","Alabama A&M Bulldogs",62.8091333333333
"Fanta Gassama","New Mexico State Aggies",62.8087666666666
"Deniya Thornton","Loyola New Orleans Wolfpack",62.8071166666667
"Debreasha Powe","Mississippi State Bulldogs",62.7962333333333
"Sydney Burns","UC Davis Aggies",62.79425
"Peyton Starks","Macalester Scots",62.7878833333334
"Sammie Puisis","South Florida Bulls",62.7709166666666
"Maci Rhoades","Valparaiso Beacons",62.7699833333334
"Tessa Miller","Clemson Tigers",62.76725
"Liv West","Pittsburgh-Johnstown Mountain Cats",62.7618833333333
"Paris Locke","North Carolina A&T Aggies",62.7612333333333
"Mykelle Richards","Long Beach State Beach",62.7583
"Anna Gliatta","Brenau University Golden Tigers",62.75805
"Callin Hake","Nebraska Cornhuskers",62.7556833333333
"Nakiyah Mays-Prince","Georgia Southern Eagles",62.7478833333333
"Courtlyn Loudermill","Texas Southern Tigers",62.7433833333333
"Jaela Johnson","Canisius Golden Griffins",62.7391166666667
"Jazzlyn Linbo","Purdue Fort Wayne Mastodons",62.7290166666667
"Saniyah Neverson","Northern Arizona Lumberjacks",62.7271
"Khia Miller","East Carolina Pirates",62.7236166666666
"Dani Grim","Oakland Golden Grizzlies",62.72305
"Samantha Ballantyne","Bethesda University Flames",62.7193166666667
"Grace Schmidt","California Baptist Lancers",62.71665
"Brooklyn Thrash","Eastern Michigan Eagles",62.71085
"Nakyah Terrell","High Point Panthers",62.7081833333334
"KK Arnold","UConn Huskies",62.7070333333333
"Taylee Chirrick","Montana State Bobcats",62.70495
"Brooke Beresford","College of Idaho Yotes",62.7013
"Ta'Viyanna Habib","George Mason Patriots",62.6980333333333
"Faith Acker","Tarleton State Texans",62.6976333333333
"Somah Kamara","Tennessee State Lady Tigers",62.6968333333334
"Ndack Mbengue","UTEP Miners",62.6891666666667
"Naelle Bernard","Loyola Chicago Ramblers",62.6816666666667
"Skyler Gill","Florida Gulf Coast Eagles",62.67635
"Gracyn Lovette","Lehigh Mountain Hawks",62.6760833333333
"Emani Bennett","Kansas City Roos",62.6739166666666
"Nalani Kaysia","George Mason Patriots",62.6716
"Laia Conesa","Kansas Jayhawks",62.6673166666667
"Mallory Heyer","Minnesota Golden Gophers",62.6657166666666
"Meredith Maier","Marshall Thundering Herd",62.6641333333333
"Lauren Ware","Texas A&M Aggies",62.6631333333334
"Mariah Elohim","Fresno State Bulldogs",62.663
"Ja'Mia Harris","Texas State Bobcats",62.6611333333333
"Jamisyn Heaton","Utah State Aggies",62.65635
"Erin Fry","Regis (CO) Rangers",62.6504666666667
"Sophie Phillips","Rhode Island Rams",62.6486833333333
"Savannah Catalon","Seton Hall Pirates",62.6412833333333
"Allie Kubek","Maryland Terrapins",62.6341333333333
"Tierra Trotter","UT Rio Grande Valley Vaqueros",62.6332
"Alexis Pettis","Eastern Washington Eagles",62.62925
"Tatum West","Northern Colorado Bears",62.6291666666666
"Kayla Blackshear","Georgia Tech Yellow Jackets",62.6286666666667
"Aleighyah Fontenot","Southern Jaguars",62.6179166666667
"Audrey Jakway","Haverford Fords",62.6143666666667
"Emily Bowman","Samford Bulldogs",62.6122
"Alexsandra Alvarado","San Francisco State Gators",62.6080666666667
"Grace Slaughter","Missouri Tigers",62.60575
"Sharna Ayres","Northwestern State Lady Demons",62.6028833333333
"Callie Genke","Green Bay Phoenix",62.5935833333333
"Yanniah Boyd","Binghamton Bearcats",62.5722166666666
"Maleia Bracone","North Carolina A&T Aggies",62.56905
"Fiona Snashall","Regis (CO) Rangers",62.5576333333333
"Sarengbe Sanogo","Texas Tech Lady Raiders",62.5556
"Victoria Rivera","Georgetown Hoyas",62.5455666666667
"Kirah Dandridge","Radford Highlanders",62.5453666666666
"Danielle Williamsen","Marist Red Foxes",62.5444833333333
"Ariella Goren","Arlington Baptist Patriots",62.5352333333334
"Jaci Jones","Northern Kentucky Norse",62.5228333333334
"Brynn Farrell","Providence Friars",62.5194333333333
"Ta'Ziah Jenks","Florida Atlantic Owls",62.5189499999999
"Jayla Kimbrough","New Orleans Privateers",62.50765
"Emma Kirby","Sacred Heart Pioneers",62.5061833333333
"Niya Fields","Norfolk State Spartans",62.50285
"Clara Gomez","New Hampshire Wildcats",62.4905833333333
"Ellie McDermid","Bradley Braves",62.4837
"Douthshine Prien","Grambling Lady Tigers",62.4835166666667
"De'Asia Johnson","UNT Dallas Trailblazers",62.4828833333334
"Kristol Ayson","Tulsa Golden Hurricane",62.4769166666667
"Madison Hart","Bethel (TN) Wildcats",62.4529333333333
"Jayda Angel","Elon Phoenix",62.4395
"Ashley Dickey","Tennessee Southern Firehawks",62.4293333333333
"Layla Gold","Valparaiso Beacons",62.4209333333334
"Makayla Jackson","Detroit Mercy Titans",62.4155833333333
"Paige Bradley","Tulsa Golden Hurricane",62.4051166666667
"Faith Lee","Little Rock Trojans",62.4001
"Aniyah Johnson","North Texas Mean Green",62.3968333333334
"Tori Smiley","Shorter Hawks",62.3931833333333
"Malia Mastora","Pepperdine Waves",62.3896666666666
"Nahawa Diarra","Mercer Bears",62.3820833333333
"Macey Fegan","Cleveland State Vikings",62.37925
"Keanna Rembert","Charlotte 49ers",62.3675333333334
"Salese Blow","Wichita State Shockers",62.3653333333334
"Savannah White","Indiana State Sycamores",62.3606833333333
"Emily Foy","Saint Mary's Gaels",62.35385
"D'Arrah Allen","Arkansas-Pine Bluff Golden Lions",62.3495666666666
"Alecia Doyle","Northern Illinois Huskies",62.3386333333333
"Christeina Bryan","Seattle U Redhawks",62.3383333333333
"Kilah Freelon","Texas Tech Lady Raiders",62.3356166666667
"Jazzy Klinge","North Alabama Lions",62.3351666666667
"Lydia Hay","Bethel (MN) Royals",62.3250166666666
"Ivane Tensaie","UTEP Miners",62.3246
"Zuriyah Davis","West Georgia Wolves",62.32355
"Kera Martinez","Dallas Christian Crusaders",62.32195
"Dana Phelan","Staten Island Dolphins",62.3213833333333
"Aniah Hall","Northern Colorado Bears",62.3211166666667
"Zoey Ward","Iona Gaels",62.32005
"Indya Nivar","North Carolina Tar Heels",62.3124
"Jaeda Murphy","Mississippi Valley State Devilettes",62.3001
"Tanita Swift","Nicholls Colonels",62.29995
"Erin Fry","Regis Rangers",62.29865
"Dagny Slomack","Central Connecticut Blue Devils",62.2796166666666
"Sadie Stetson","Samford Bulldogs",62.2490666666667
"Zoe Shaw","St. Bonaventure Bonnies",62.2478666666667
"AJ Marotte","Oregon State Beavers",62.2405500000001
"Jenna Johnson","Utah Utes",62.2400666666666
"Julianna Almeida","Navy Midshipmen",62.2338666666666
"Miannah Little","Tarleton State Texans",62.2323
"Nyam Thornton","Prairie View A&M Lady Panthers",62.23145
"Jenna Lawrence","Arkansas Razorbacks",62.2262
"Morgan Sieper","Southern Miss Lady Eagles",62.2229666666667
"Kamrin Babbs","Bloomfield Deacons",62.2206833333334
"Gabby Reynolds","George Washington Revolutionaries",62.2199333333334
"Kaela Martinez","Mount Marty College Lancers",62.2166
"Emely Rodriguez","UCF Knights",62.2151833333333
"Ariel Jefferson","Arkansas Baptist Buffaloes",62.2151333333333
"Shelley Duchemin","UC Riverside Highlanders",62.2068666666667
"Tuana Coskun","Bucknell Bison",62.2035166666667
"Alex Rouse","Eastern Illinois Panthers",62.2011666666666
"Parker Montgomery","UC San Diego Tritons",62.2002333333333
"Monae' Duffy","Texas A&M-Corpus Christi Islanders",62.19805
"Julia Rodriguez","West Alabama Tigers",62.1652
"Celebria Peacock","Wiley Wildcats",62.1617333333334
"Reese Ross","Utah Utes",62.1593
"Johnea Donahue","Bowling Green Falcons",62.1534666666667
"Taja Stephens","Salem University Tigers",62.1515166666667
"Vera Ojenuwa","Arkansas Razorbacks",62.1466
"Kylie Lavelle","St. John's Red Storm",62.14505
"Cara McCormack","Drexel Dragons",62.1429
"Erica Lafayette","Louisiana Ragin' Cajuns",62.1417166666667
"Jordan Heifner","Johnson University (TN) Royals",62.13775
"Alexa Hocevar","IU Indianapolis Jaguars",62.1300666666667
"Alexis Calderon","New Orleans Privateers",62.13005
"Nina Horvath","East Texas A&M Lions",62.1273666666667
"Emina Selimovic","Fairfield Stags",62.1259166666666
"Audrey Ericksen","Boston University Terriers",62.1236666666667
"Hailey Adams","Rice Owls",62.11745
"Gianna Aiello","Brown Bears",62.11545
"Elisa Mevius","Oregon Ducks",62.1111666666667
"Anaya Coleman","Southeastern Fires",62.11105
"Desiree Rogers","Our Lady Of The Lake Saints",62.1091166666666
"Myra Bell","Incarnate Word Cardinals",62.089
"Chrishawn Coleman","Morehead State Eagles",62.0885166666666
"Tilly Boler","Memphis Tigers",62.0830833333334
"Zoe Cooper","Jackson State Lady Tigers",62.0775166666667
"Hana Muhl","Manhattan Jaspers",62.0773333333333
"Reigan Richardson","Duke Blue Devils",62.0708
"Kaleigh Addie","Georgia State Panthers",62.0584666666666
"Maiya Petit","Fort Lauderdale Eagles",62.0567
"D'Mya Griffin","Florida A&M Rattlers",62.0515333333333
"Fatoumata Jaiteh","Sacramento State Hornets",62.048
"Tkiyah Nelson","Southern Illinois Salukis",62.0451333333333
"Kennedy Basham","Arizona State Sun Devils",62.0419666666666
"Rylan Moffitt","App State Mountaineers",62.0384166666667
"Zoe Borter","UC Santa Barbara Gauchos",62.0377833333333
"Kate Bradley","Oklahoma Christian University Eagles",62.0288666666666
"Makiya Miller","Wright State Raiders",62.0267333333333
"Halle Douglass","Wisconsin Badgers",62.02345
"Jaiyah Harris-Smith","Alabama A&M Bulldogs",62.0184666666667
"Danja Stafford Collins","Utah Valley Wolverines",62.0076833333333
"Meghan O'Brien","Lehigh Mountain Hawks",62.0061833333334
"Zanoria Cruz","Western Carolina Catamounts",62.00285
"Evelyn Lorenzo","Texas A&M-San Antonio Jaguars",62.0005999999999
"Makaia Smith","Bethesda University Flames",61.9993000000001
"Betsey Burnett","Johnson C Smith Golden Bulls",61.9894666666667
"Dionna Gray","Kent State Golden Flashes",61.9833
"Rylei Waugh","San José State Spartans",61.9816
"KK Rodriguez","SIU Edwardsville Cougars",61.98025
"NJ Weems","Lamar Cardinals",61.9699333333333
"Shaulana Wagner","Troy Trojans",61.96775
"Sahara Jones","Texas A&M Aggies",61.9661666666667
"Ande'a Cherisier","Delaware Blue Hens",61.9592
"Karsen Murphy","Chattanooga Mocs",61.9554166666666
"Jeana Weatherspoon","Kentucky State Thorobreds",61.9306166666666
"Jordan Marshall","Louisiana Tech Lady Techsters",61.9284166666667
"Jailah Pelly","Arkansas-Pine Bluff Golden Lions",61.9180833333334
"Karoline Striplin","Indiana Hoosiers",61.9157166666667
"Susie Rafiu","Columbia Lions",61.9137
"Autumn Taylor","Clarion Golden Eagles",61.9014166666666
"Idara Udo","UTSA Roadrunners",61.8928333333334
"Abby St. Martin","Worcester State Lancers",61.8885833333333
"Sidney Thue","Mount Marty College Lancers",61.8882333333333
"Lydia Freeman","Grambling Lady Tigers",61.8684666666667
"Lani White","Virginia Tech Hokies",61.85415
"Wynter Rogers","Arkansas State Red Wolves",61.8523500000001
"Jianna Morris","Louisiana Tech Lady Techsters",61.85195
"Cassandre Prosper","Notre Dame Fighting Irish",61.8502333333334
"Tiara Bolden","Oregon State Beavers",61.849
"Elisabeth Aegisdottir","Liberty Flames",61.8469
"Tyler McCliment-Call","Montana Lady Griz",61.8458
"Harley Paynter","Morehead State Eagles",61.8431333333333
"Anzhane Hutton","East Carolina Pirates",61.8391666666667
"Abby Wolterman","Northern Kentucky Norse",61.837
"Jaida Belton","Texas Southern Tigers",61.8316333333334
"Kendal Brigham","Concordia Nebraska Bulldogs",61.8307
"Sydney Hendrix","Florida A&M Rattlers",61.8246166666667
"Ash'a Thompson","Prairie View A&M Lady Panthers",61.8180666666667
"Tamar Singer","Miami (OH) RedHawks",61.8122
"Emily Carver","App State Mountaineers",61.8076333333333
"Dominique Camp","Syracuse Orange",61.8031833333334
"Taylor Napper","Radford Highlanders",61.7967666666666
"Lauren Bailey","Gardner-Webb Runnin' Bulldogs",61.7961666666667
"Jada Crawshaw","Long Beach State Beach",61.7895166666666
"Teresa Kiewiet","Lafayette Leopards",61.7846166666667
"Ivey Schmidt","Western Colorado Mountaineers",61.7803166666667
"Aleah Snead","Saint Joseph's Hawks",61.77995
"Tamaiya Mims","Sul Ross State Lobos",61.7767666666666
"India Johnston","Towson Tigers",61.76315
"Aisha Dabo","Hampton Lady Pirates",61.7608166666666
"Rylee Ghent","Johnson C Smith Golden Bulls",61.7581666666666
"Asia Barclay","Jacksonville State Gamecocks",61.7533
"Jasmynne Gibson","North Florida Ospreys",61.7483833333333
"CJ Wilson","Prairie View A&M Lady Panthers",61.7470833333333
"Morgan McMahon","Colgate Raiders",61.7461166666667
"Dymonique Maxie","Nevada Wolf Pack",61.7434833333334
"Andrea Daley","Boston College Eagles",61.7433333333333
"Kelsey Thompson","Old Dominion Monarchs",61.74205
"Carmyn Harrison","Belmont Bruins",61.7375166666667
"Lexi McCully","Southeast Missouri State Redhawks",61.7329666666667
"Hannah Rapp","Santa Clara Broncos",61.73015
"Jaylia Reed","Mississippi Valley State Devilettes",61.7230166666666
"Shanti Simmons","Georgia Southern Eagles",61.7010333333333
"Nevaeh Brown","UCF Knights",61.6943833333333
"Katie Davidson","IU Indianapolis Jaguars",61.6917166666666
"Amy O'Hara","Bradley Braves",61.6872833333333
"Sydni Summers","San José State Spartans",61.6852666666666
"Grace Ceseretti","Union Garnet Chargers",61.6808166666667
"Kayla Rice","Illinois-Springfield Prairie Stars",61.6677
"Natalie Pasco","Boise State Broncos",61.6530333333334
"Mary McMillan","Stetson Hatters",61.6485833333333
"Ariadna Termis","Georgia Tech Yellow Jackets",61.6428666666667
"Katie Hill","Richmond Spiders",61.6369833333334
"Belle Kranbuhl","Monmouth Hawks",61.6329833333333
"Emani Burks","Nicholls Colonels",61.6180833333333
"Chelsea Wooten","Western Carolina Catamounts",61.61585
"Agnes Emma-Nnopu","TCU Horned Frogs",61.6123666666666
"Khadee Hession","Georgetown Hoyas",61.6090833333333
"Alexandra Long","Bates College Bobcats",61.6062
"Ariana Bennett","Mercer Bears",61.60335
"Jazmine Spencer","North Florida Ospreys",61.59845
"Leianya Massenat","Jackson State Lady Tigers",61.5838
"Emma Von Essen","Hofstra Pride",61.5765166666667
"Tymberlin Criswell","Texas A&M-Corpus Christi Islanders",61.5702833333333
"Kace Urlacher","Chicago State Cougars",61.5664166666667
"Laila Reynolds","Florida Gators",61.56405
"Asia Boone","Liberty Flames",61.5567333333333
"Keira Hanson","Vermont Catamounts",61.5552333333333
"Camryn Collins","Rider Broncs",61.554
"Maia Rosarion","Morehead State Eagles",61.5524833333333
"Treasure Thompson","Texas Southern Tigers",61.5501
"Maggie Hutka","Colorado Christian Cougars",61.5426333333334
"Mariam Sanogo","Canisius Golden Griffins",61.5376333333334
"JaQuoia Jones-Brown","Long Beach State Beach",61.5364166666667
"Tamia Perryman","Bradley Braves",61.5205333333333
"Macy Smith","Oakland Golden Grizzlies",61.5167
"Peyton Kennedy","Saint Louis Billikens",61.5092166666666
"Kemery Congdon","BYU Cougars",61.5037666666667
"Leilani Kapinus","Vanderbilt Commodores",61.5030166666667
"Lily Zeinstra","Butler Bulldogs",61.49845
"Le'Asia Foreman","Hampton Lady Pirates",61.49155
"Mariah Mitchem","Coker Cobras",61.4906166666666
"Kaylah Ivey","Boston College Eagles",61.4863333333334
"Sophia Loden","Southern Indiana Screaming Eagles",61.4844666666667
"Kennedy Moore","College Of Biblical Studies Ambassadors",61.4753166666667
"Alynna Palacios","Park University Gilbert Buccaneers",61.4746333333334
"Amari Wright","Seton Hall Pirates",61.4735166666666
"McKenna Eddings","Georgia Southern Eagles",61.46875
"Victoria Davis","Nevada Wolf Pack",61.4494833333333
"Nicole Bowlin","Colorado Christian Cougars",61.4481666666667
"Tilda Trygger","NC State Wolfpack",61.4395833333333
"Kaya Ingram","Santa Clara Broncos",61.4387333333333
"Marurdaisha Powell","North American Stallions",61.4374166666666
"Christina Midgette","Colgate Raiders",61.43285
"Mia Tarver","Utah State Aggies",61.4302
"Kindyll Wetta","Colorado Buffaloes",61.4272166666667
"Addison Hudspeth","Central Baptist College Mustangs",61.4239833333334
"Briley Pena","Murray State Racers",61.42325
"Maia Rhay","Westminster (UT) Griffins",61.4231
"Alexandria James-Fearon","Chowan Hawks",61.4117166666666
"Ashanti Lynch","Maryland Eastern Shore Hawks",61.4081333333333
"Ritorya Tamilo","Hawai'i Rainbow Wahine",61.4078
"Mazatlan Harris","UC Davis Aggies",61.4042
"Olivia Porter","Marquette Golden Eagles",61.4015333333333
"Gigi Cooke","Houston Cougars",61.37975
"Rachel Kaus","Cornell Big Red",61.37975
"Lexi Alexander","SE Louisiana Lady Lions",61.3767
"Olivia Rockwood","Maine Black Bears",61.3737166666667
"Sania Copeland","Kansas Jayhawks",61.3608333333334
"Talia Dial","Niagara Purple Eagles",61.3419833333333
"Caileigh Walsh","Northwestern Wildcats",61.3389166666667
"Sana'a Garrett","Jacksonville Dolphins",61.33135
"Elise Turrubiates","Tarleton State Texans",61.3292833333334
"Lexy Keys","Oklahoma Sooners",61.3258333333333
"Layla Tillery","Lees-McRae Bobcats",61.3243166666667
"Addison O'Grady","Iowa Hawkeyes",61.3235
"Zeryhia Aokuso","Saint Mary's Gaels",61.3222666666667
"Maddie Rice","UMass Lowell River Hawks",61.31385
"Jaileyah Cotton","Jackson State Lady Tigers",61.3109833333334
"Megan Campbell","Tiffin Dragons",61.3087666666667
"Anna Griffin","Arkansas State Red Wolves",61.3083666666667
"Lilly Parke","Fairleigh Dickinson Knights",61.3042833333333
"Rayne Durant","UMass Lowell River Hawks",61.2988166666667
"Laila Fair","Morgan State Lady Bears",61.2975
"Abby Cater","Austin Peay Governors",61.2671166666667
"Annukka Willstedt","Texas A&M-Corpus Christi Islanders",61.2610333333333
"Clare Coyle","Furman Paladins",61.2608666666667
"Mary Leday","Wiley Wildcats",61.2584833333333
"Simone Foreman","Holy Cross Crusaders",61.2570666666666
"Cassandra Smith","Salem University Tigers",61.2473333333334
"Victoria Moore","North American Stallions",61.2320833333334
"Elina Arike","Middle Tennessee Blue Raiders",61.2254166666667
"Katie Hamill","Missouri-St. Louis Rivermen",61.2045166666667
"D'Ayzha Akinson","Shaw Bears",61.2044833333333
"Dara Tokeshi","Occidental Tigers",61.2043833333334
"Nicole Stephens","Dayton Flyers",61.20415
"Zakia Rasheed","Akron Zips",61.1938166666666
"Destiney McPhaul","Mississippi State Bulldogs",61.1917666666667
"Miyah Verse","Georgia Lady Bulldogs",61.1892666666667
"Olivia McGhee","Virginia Cavaliers",61.1707833333333
"Brooke Anya","Chattanooga Mocs",61.1704333333333
"Chae Harris","Fordham Rams",61.1649499999999
"Terah Harness","Buffalo Bulls",61.1526333333334
"Kayla Rolph","William & Mary Tribe",61.148
"Braylyn Milton","East Tennessee State Bucs",61.14315
"Isla Airey","Louisiana Tech Lady Techsters",61.1425666666667
"Raissa Nsabua","Robert Morris Colonials",61.1278166666667
"Brianna Mead","Long Island University Sharks",61.1268833333333
"Audrey Fuller","Campbell Fighting Camels",61.1191
"Lovely Sonnier","Long Beach State Beach",61.1158166666667
"Saniyah Glenn-Bello","Harvard Crimson",61.10425
"Lexi Carlsen","Northern Illinois Huskies",61.09535
"Abby Schulte","North Dakota State Bison",61.0931833333333
"Cassidy Geddes","William & Mary Tribe",61.0885166666667
"Aaliyah Pitts","Florida International Panthers",61.0728333333334
"DaKiyah Sanders","Southern Jaguars",61.06185
"Rosie Schweizer","Idaho Vandals",61.05
"Rhe Nae Leach","Whittier Poets",61.0456
"Lily Fandre","Lehigh Mountain Hawks",61.0382666666667
"Brynn Shoup-Hill","Illinois Fighting Illini",61.0371
"Kennedy Collins","Thomas (GA) Night Hawks",61.0363166666667
"Karissa Smedley","Georgian Court University Lions",61.0245833333334
"Amyah Reaves","Hampton Lady Pirates",61.0202333333334
"Mary Kay Naro","Boise State Broncos",61.0179666666667
"Olivia Williams","UC Irvine Anteaters",61.0137333333333
"Mckenna Harris","Southern-New Orleans Knights",61.0109333333333
"Janna Holley","Cal Lutheran Kingsmen",60.9987166666666
"Brielle Williams","Bryant Bulldogs",60.9975166666667
"Brikayla Gray","UL Monroe Warhawks",60.9853
"R'Mani Taylor","Lamar Cardinals",60.98525
"Jaliena Sanchez","UMBC Retrievers",60.9809333333333
"Lanae Billy","Weber State Wildcats",60.9684833333333
"Kelby Bannerman","Kansas City Roos",60.9684333333334
"Naomi Panganiban","San Diego State Aztecs",60.9555166666667
"Olivia Wagner","Winthrop Eagles",60.9516666666667
"Haley Thierry","Youngstown State Penguins",60.9512333333333
"Casey Harter","Northwestern Wildcats",60.9505
"Keana Foz","Wagner Seahawks",60.9493666666667
"Brilynn Findley","Delta State Statesmen",60.9477666666666
"Jeni Levine","South Carolina Upstate Spartans",60.9477333333334
"Jailah Donald","St. John's Red Storm",60.94345
"Cerina Rolle","Florida Gulf Coast Eagles",60.9403
"Kaia Goode","Binghamton Bearcats",60.9396666666666
"Amaya Collins","IU Columbus Crimson Pride",60.9346333333334
"Ines Debroise","Rhode Island Rams",60.9286166666667
"Maddy Schreiber","Green Bay Phoenix",60.92235
"Carlea Owens","Our Lady Of The Lake Saints",60.9184
"Bella White","Alabama-Huntsville Chargers",60.9106166666667
"Ashley Tucker","Buffalo State Bengals",60.9080166666667
"Ella Fajardo","Iona Gaels",60.9077666666667
"Mikayla Johnson","Pittsburgh Panthers",60.8858833333334
"Raphaela Toussaint","Eastern Kentucky Colonels",60.88365
"Louella Allana","Saint Peter's Peacocks",60.881
"Anahi-Lee Cauley","William & Mary Tribe",60.8771
"Jessica Bollwahn","Regis Rangers",60.8764
"Sophia Sabino","Bucknell Bison",60.8705333333333
"Paige Rocca","Missouri State Lady Bears",60.8684333333333
"Mary-Elizabeth Donnelly","Holy Cross Crusaders",60.8639666666667
"Jaecy Eggers","Eastern Washington Eagles",60.8517333333334
"Tionna Lidge","Southern Jaguars",60.8516
"Lucia Fleta Robles","Florida International Panthers",60.8506833333333
"Nani Falatea","Oregon Ducks",60.85065
"Audrey Roden","Nevada Wolf Pack",60.8433166666667
"Summah Hanson","UC Irvine Anteaters",60.8416833333334
"Elina Aarnisalo","UCLA Bruins",60.8384833333333
"Naja Fenelon","Kentucky State Thorobreds",60.8324333333334
"Grace Hutson","VCU Rams",60.8290333333333
"Jania Hall","UNC Wilmington Seahawks",60.8229666666666
"Fortuna Ngnawo","Troy Trojans",60.8192833333333
"Makena Mastora","Pepperdine Waves",60.8158833333333
"Yasmine Djibril","Canisius Golden Griffins",60.80875
"Joana Magalhaes","New Mexico Lobos",60.7913
"Kaitlyn Edmondson","Eastern New Mexico Greyhounds",60.7801166666666
"Sarah Hughes","Bates College Bobcats",60.7772
"Sarah Ericson","Vermont Catamounts",60.7770833333333
"Jordyn Lamker","St. Thomas-Minnesota Tommies",60.7738333333334
"Taylor Jameson","Wichita State Shockers",60.7712333333333
"Denae Fritz","Texas Tech Lady Raiders",60.7672666666667
"Marissa Gingrich","NJIT Highlanders",60.7652166666667
"Lauren Scott","High Point Panthers",60.7604833333333
"Carmella Hayden","Jarvis Christian Bulldogs",60.7604666666666
"Jaci Powers","Northern New Mexico Eagles",60.7562833333333
"Rylee Rosenquist","Dakota Wesleyan Tigers",60.7558
"Brooke Daniels","Michigan Wolverines",60.74195
"Gwen Higdon","IU Columbus Crimson Pride",60.7401166666666
"Jocelyn Tate","Southern Jaguars",60.73775
"Lexi Bull","Southern Utah Thunderbirds",60.73665
"Monesjia Harvey","Oakland City Mighty Oaks",60.7225833333333
"Ky Dempsey-Toney","UIC Flames",60.7066
"Nevaeh Parkinson","Arizona State Sun Devils",60.7013833333333
"Cassie Gallagher","South Carolina Upstate Spartans",60.6977833333333
"Allison Schwertner","Boston University Terriers",60.6950833333333
"Sitori Tanin","Loyola Chicago Ramblers",60.6908666666667
"Brianna Barnes","Maryland Eastern Shore Hawks",60.6886166666667
"Mya Murray","Robert Morris Colonials",60.6857166666667
"Taylor Caldwell","Cal State Bakersfield Roadrunners",60.6854666666667
"Taylor Bell","SE Louisiana Lady Lions",60.6812166666667
"Ellie Taylor","Utah Tech Trailblazers",60.6759833333333
"Brinyia Rolax","Fort Lauderdale Eagles",60.6745666666666
"Emily Sizemore","Asbury Eagles",60.6674333333333
"Tae'lor Purvis","Xavier Musketeers",60.6663333333334
"Hayley Berfield","Westcliff Warriors",60.6652166666667
"Sydnee Smith","Macalester Scots",60.6639166666666
"Franka Wittenberg","Canisius Golden Griffins",60.6634333333333
"Kearra Jones","Mississippi Valley State Devilettes",60.6620666666667
"Sydney Gandy","Southern Utah Thunderbirds",60.6448666666667
"Aniya Hooker","Siena Saints",60.6437166666667
"Jayla Reliford","Westcliff Warriors",60.64105
"Maddie Naro","Santa Clara Broncos",60.6378333333333
"Maren Louridas","Navy Midshipmen",60.6361833333333
"Olivia Smith","Eastern Michigan Eagles",60.6304333333334
"Makayla Andrews","George Washington Revolutionaries",60.6195333333333
"Silvia Nativi","Northern Colorado Bears",60.61235
"Eleyana Tafisi","App State Mountaineers",60.6044666666667
"Skye Owen","St. John's Red Storm",60.59935
"Nyla Inmon","Sam Houston Bearkats",60.59725
"Jessica Petrie","Nebraska Cornhuskers",60.5904833333334
"Alyssa Sand","St. Thomas-Minnesota Tommies",60.5902
"Linda Amaning","Saint Peter's Peacocks",60.57655
"Ronaltha Marc","Winthrop Eagles",60.5684166666667
"Grace Hall","Penn State Lady Lions",60.5657333333334
"Kloe Froebe","Colorado State Rams",60.5637333333333
"Simone Sawyer","Pennsylvania Quakers",60.56255
"Jana El Alfy","UConn Huskies",60.5614833333333
"Ni'Kiah Chesterfield","Tusculum Pioneers",60.5556333333333
"Ivy Bales","American University Eagles",60.5521833333334
"Maddie Heiss","Wofford Terriers",60.5469333333333
"Maranda Nyborg","Bryant Bulldogs",60.5342166666666
"Jordan Harris","Southern-New Orleans Knights",60.5323833333334
"Londynn Jones","UCLA Bruins",60.5251
"Sianny Sanchez-Oliver","New Mexico State Aggies",60.5237833333334
"Natalie Johnson","St. Francis (PA) Red Flash",60.5088833333333
"Kristen Lopez","Whittier Poets",60.5071166666666
"Sydney Bourland","Cal Poly Mustangs",60.4968833333334
"Samantha Johnston","Southern Utah Thunderbirds",60.4875333333333
"Stephanie Da Silva","Western New Mexico Mustangs",60.4854166666666
"Mackenzie Amalia","Eastern Michigan Eagles",60.4835
"Denim DeShields","Mississippi State Bulldogs",60.47305
"Bronagh Power-Cassidy","Villanova Wildcats",60.4617666666667
"Feliah Greer","Miles Golden Bears",60.4572666666667
"Aylesha Wade","Queens University Royals",60.45455
"Ella Collier","Purdue Boilermakers",60.4527666666667
"Emari Doby","Illinois-Springfield Prairie Stars",60.4481833333333
"Paige Neal","Saint Elizabeth Eagles",60.44495
"Neani Stewart","Texas College Steers",60.43215
"Colette Duininck","Bethel (MN) Royals",60.4289666666667
"Taylor McCabe","Iowa Hawkeyes",60.4285666666667
"Elisha Quinn","Shaw Bears",60.4205166666667
"Ava Gugliuzza","SIU Edwardsville Cougars",60.4168
"Mackenzie Pettinelli","St. Bonaventure Bonnies",60.4077833333334
"Chandler Prater","Mississippi State Bulldogs",60.4073
"Portia Adams","UTEP Miners",60.40465
"Maud Huijbens","Gonzaga Bulldogs",60.4037666666667
"Caitlin Frost","St. Bonaventure Bonnies",60.39225
"Jayme Horan","Creighton Bluejays",60.3905
"LaImani Simmons","UNC Asheville Bulldogs",60.3878166666667
"Alexia Smith","Oklahoma State Cowgirls",60.3858333333334
"Jada Lee","Robert Morris Colonials",60.3766333333334
"Shania Nichols-Vannett","IU Indianapolis Jaguars",60.3665833333333
"Kiarra Henderson","Alcorn State Lady Braves",60.3648666666667
"Morgan Edwards","Cal State Northridge Matadors",60.3648
"Kha'Niya Evans","Bryant & Stratton Bobcats",60.3591666666667
"Madison Adamson","Charleston Southern Buccaneers",60.3588333333333
"Jaila Harding","New Mexico State Aggies",60.3544666666667
"Emma Pavelek","Point Park Pioneers",60.35145
"Patience Williams","Georgia State Panthers",60.3397000000001
"Hallie Rhodes","San Diego Toreros",60.3391833333333
"Dani Carnegie","Georgia Tech Yellow Jackets",60.3303
"Laura Nickel","Northern Illinois Huskies",60.3254333333334
"Nya Threatt","UT Arlington Mavericks",60.3220166666667
"Jenna Brooks","Bob Jones Bruins",60.3174999999999
"Mikayla Aumer","North Dakota Fighting Hawks",60.3110666666666
"Abigail Shoff","Saint Mary's Gaels",60.3062333333333
"London Gamble","Northern Colorado Bears",60.3021
"Carmen Richardson","East Tennessee State Bucs",60.2835166666666
"Selina Monestime","Central Connecticut Blue Devils",60.2795
"Kirsten Watt","Lees-McRae Bobcats",60.2734333333334
"Sydney-James Desroches","Eastern Illinois Panthers",60.2728666666667
"Laila Grant","Saint Peter's Peacocks",60.2716
"Victoria Aguayo","Sul Ross State Lobos",60.2630833333334
"Raniya White","Jarvis Christian Bulldogs",60.2507166666667
"Ali Brigham","Bryant Bulldogs",60.2483833333334
"Kiayra Ellis","McNeese Cowgirls",60.2450833333333
"Haley Burchhardt","Bridgewater State (MA) Bears",60.2447666666667
"Kyanna Morgan","Arkansas State Red Wolves",60.2405666666667
"Yasminah White","Saint Elizabeth Eagles",60.2339
"Paige Engels","Cornell Big Red",60.2291666666667
"Keelie O'Hollaren","Air Force Falcons",60.22605
"Mckenzie Bestor","Ripon College Red Hawks",60.2198166666666
"Nykesha Sanders","East Texas A&M Lions",60.2178666666667
"Alline Ballard","Cal Lutheran Kingsmen",60.21745
"Macy Mayer","Montana Tech Orediggers",60.21725
"Shateah Wetering","Northern Iowa Panthers",60.2075166666667
"Chloe Deharo","Northwest Nazarene Nighthawks",60.20705
"Taylor Bigby","TCU Horned Frogs",60.1991833333333
"Olivia Westphal","Eastern Michigan Eagles",60.1960999999999
"Logan Nissley","Nebraska Cornhuskers",60.1906
"Marta Leimane","Colorado State Rams",60.18785
"Sonia Randall","La Sierra Golden Eagles",60.1783833333333
"Maria Konstantinidou","Fresno State Bulldogs",60.1716166666666
"Trinity Rowe","Southern Miss Lady Eagles",60.169
"Aicha Coulibaly","Texas A&M Aggies",60.1689333333333
"Isabella Mauricio","Brown Bears",60.1663833333333
"Kiley Snow","SUNY Geneseo Knights",60.1652166666666
"Kelsey Joens","Iowa State Cyclones",60.1561
"Emma Theodorsson","Loyola Chicago Ramblers",60.1558666666667
"Bella Finnegan","Indiana State Sycamores",60.1477166666666
"Aaliyah Moore","Omaha Mavericks",60.1426666666667
"A'riel Jackson","Cincinnati Bearcats",60.1246333333333
"Ciara Croker","Marist Red Foxes",60.1199333333334
"Alex Buckley","Bethesda University Flames",60.1186833333333
"Angelina Donato","Mount Saint Mary (NY) Knights",60.1129166666667
"Misti Zempel","Mayville State Comets",60.0953666666667
"Keshunti Nichols","Charleston Southern Buccaneers",60.0906666666667
"Gabby Anderson","Harvard Crimson",60.0897333333334
"Janiah Barker","UCLA Bruins",60.0804666666667
"Samiya Steele","Jacksonville State Gamecocks",60.0774166666667
"Amaya Williams","Central Connecticut Blue Devils",60.07705
"Zoe Nelson","UT Arlington Mavericks",60.0674666666667
"Promise Keshi","Stetson Hatters",60.0546333333334
"Bineta Diatta","Florida International Panthers",60.0542
"Krystina Hagood","Colorado-Colorado Springs Mountain Lions",60.0452833333333
"Melody Martinez","Sul Ross State Lobos",60.0399333333333
"Krista Andersen","Stanislaus State Warriors",60.0297
"Dani Bayes","Boise State Broncos",60.0098666666667
"Kay Kay Green","Charlotte 49ers",60.00455
"Aalyssa Rogers","Virginia-Lynchburg Dragons",60.0013666666667
"Sydney Jaynes","Butler Bulldogs",59.9999333333333
"Jorah Eppley","Stetson Hatters",59.9987833333334
"Maraja Pass","Elon Phoenix",59.9931
"Kendal Zeiter","UW-Parkside Rangers",59.9798
"Erin Maguire","Houston Christian Huskies",59.97445
"Olivia Kulyk","NJIT Highlanders",59.9740333333333
"Kiyomi McMiller","Rutgers Scarlet Knights",59.96425
"Brooklynn Miles","Pittsburgh Panthers",59.9551666666667
"Casey Santoro","Florida Gulf Coast Eagles",59.953
"Haylee Johnson","Eastern Oregon Mountaineers",59.9448833333333
"Tea Murray","Haskell Jayhawks",59.9440833333333
"Edessa Noyan","Virginia Cavaliers",59.9356833333334
"Erica Adams","Cal State Northridge Matadors",59.92925
"Gabby Hutcherson","Duquesne Dukes",59.9261666666667
"Brooklyn Rewers","Hawai'i Rainbow Wahine",59.9218833333334
"Mallory McDermott","Western Illinois Leathernecks",59.9157833333333
"Alaina Nettles","Charleston Southern Buccaneers",59.9155833333333
"Bree Hall","South Carolina Gamecocks",59.91425
"Elena Pericic","App State Mountaineers",59.9128833333334
"Eli Clark","Le Moyne Dolphins",59.9126333333333
"Addy Self","UT Dallas Comets",59.9111666666666
"Maddie Burke","Villanova Wildcats",59.9047666666667
"Jazmine Soto","Hawai'i Hilo Vulcans",59.8849499999999
"Kailee Meeker","Wisconsin-La Crosse Eagles",59.8843166666667
"Bre'Yon White","Wichita State Shockers",59.88275
"Olivia Young","Brown Bears",59.8808666666667
"Carmen Yanez","UMBC Retrievers",59.8794166666667
"Madison Ruff","Mount St. Mary's Mountaineers",59.87345
"DeeDee Hagemann","Memphis Tigers",59.85675
"Marta Morales Romero","Providence Friars",59.84485
"Saga Ukkonen","Fresno State Bulldogs",59.8427333333333
"Kyla Jones","Northwestern Wildcats",59.8420333333334
"Amelia Mackey","Brescia Bearcats",59.8391333333333
"Clarke Jackson","Cornell Big Red",59.8389166666667
"Abby Krzewinski","North Dakota State Bison",59.8244333333333
"Claire O'Connor","Gonzaga Bulldogs",59.8192333333334
"Coryn Watts","Denver Pioneers",59.8167666666667
"Kate Dennis","Ohio Bobcats",59.8163166666667
"Madilyn Dogs","NJIT Highlanders",59.8130833333333
"Elle Blatchford","Gardner-Webb Runnin' Bulldogs",59.8084833333333
"Tegan Young","Manhattan Jaspers",59.8065166666666
"Lexi Rubel","UT Martin Skyhawks",59.80545
"Carly Heidger","Loyola Marymount Lions",59.79735
"Blessing King","Marshall Thundering Herd",59.7895833333334
"Kaylen Nelson","Bradley Braves",59.7824666666666
"Natalie Magallnes","Western New Mexico Mustangs",59.7763666666667
"Kayla Schroeder","Park University Gilbert Buccaneers",59.7711666666666
"Danyel Middleton","UIC Flames",59.7646666666667
"Jaylen Ponder","Coastal Carolina Chanticleers",59.7615166666667
"Amaya Oliver","Temple Owls",59.7583
"Kristynn Knight","Coker Cobras",59.7526833333333
"Kamryn Jones","Louisiana Ragin' Cajuns",59.7450666666667
"Cherrel Dorton","Arkansas Baptist Buffaloes",59.7429333333334
"Kayla Williams","Texas A&M-Texarkana Eagles",59.73775
"Natalija Marshall","Miami Hurricanes",59.7285166666667
"Cire Worley","Coppin State Eagles",59.7259833333334
"Zya Vann","Oklahoma Sooners",59.7170333333333
"Shelby Ricks","Bowie State Bulldogs",59.7156666666667
"Talia Harris","Mercer Bears",59.7113333333333
"Zyriah Price","Siena Saints",59.7087500000001
"E'Laijah Brown","Edward Waters Tigers",59.6939666666667
"Isabella Palmqvist","Southern Illinois Salukis",59.6908
"Tessa Johnson","South Carolina Gamecocks",59.6873166666667
"Taleah Washington","Wagner Seahawks",59.6729666666667
"Camryn Poole","Asbury Eagles",59.6629333333333
"Amy Cotton","Houston Christian Huskies",59.6532666666667
"Kaiya Creek","Howard Bison",59.6444666666666
"Mara Neira","App State Mountaineers",59.6374833333334
"Rebekah Gordon","South Carolina Upstate Spartans",59.6366
"Nevaeh Ferrara Horne","North Dakota Fighting Hawks",59.6356666666667
"Trinity Williams","NJIT Highlanders",59.6339333333334
"Rachel Cockman","Western Colorado Mountaineers",59.6329166666667
"Brianna Williams","Le Moyne Dolphins",59.6285166666667
"Ariyah Smith","Cal State East Bay Pioneers",59.6260666666667
"Natalia Martinez","San Diego State Aztecs",59.6203166666667
"Ivet Subirats","Florida A&M Rattlers",59.61905
"Dayana Mendes","Washington State Cougars",59.5952
"Loren Christie","Xavier Musketeers",59.5936
"Evan Miller","UNC Wilmington Seahawks",59.58735
"Allison Deberry","Evergreen State Geoducks",59.5772666666667
"Makayla Firebaugh","Radford Highlanders",59.5771333333333
"Nikki Tom","UC Irvine Anteaters",59.574
"Louis Volker","George Mason Patriots",59.5670333333333
"Yuting Deng","Auburn Tigers",59.53905
"Grace Stapleton","Indiana-Southeast Grenadiers",59.5352166666666
"Walker Demers","North Dakota Fighting Hawks",59.5339
"Nubia Benedith","Louisiana Ragin' Cajuns",59.5336666666667
"Jermany Mapp","Queens University Royals",59.5070333333333
"Ni'Rah Clark","Akron Zips",59.5065166666667
"Ella Brubaker","Pepperdine Waves",59.5023833333333
"Ajia James","North Carolina A&T Aggies",59.48075
"Shariah Gailes","Canisius Golden Griffins",59.4626833333333
"Jada Donaldson","Milwaukee Panthers",59.4616166666667
"Kira Chivers","Loyola Chicago Ramblers",59.4598333333334
"Tiasia McMillan","Stetson Hatters",59.45905
"Callie Cooper","Grand Canyon Lopes",59.4582666666667
"Andrea Jovicevic","Jessup University Warriors",59.4547666666667
"Tyrielle Williams","McNeese Cowgirls",59.45455
"Sidney McCrea","Northern Illinois Huskies",59.4471333333333
"Breonna Martinez","La Sierra Golden Eagles",59.43575
"Laynee Torres-Kahapea","Portland State Vikings",59.4311
"Cydney Wright","Sewanee Tigers",59.4189166666667
"Kristin Vieselmeyer","Concordia Nebraska Bulldogs",59.4161166666667
"Amhyia Moreland","New Mexico Lobos",59.3979
"Alexus Motley","Mount Marty College Lancers",59.3954666666666
"Halee Smith","Lafayette Leopards",59.39365
"Amiyah Barrow","Centenary (LA) Gentlemen",59.3935833333333
"Jasmine Pierce","Saint Elizabeth Eagles",59.3931666666667
"Faith Fedd-Robinson","Toledo Rockets",59.3905833333334
"Ravyn Ellis","St. Thomas (TX) Celts",59.3900666666667
"Macie Taylor","Wright State Raiders",59.38465
"Tamia Ugass","Kansas City Roos",59.3788333333333
"Rose Caso","Merrimack Warriors",59.3765666666667
"Jodi Mullins","Southeastern Fires",59.3764833333333
"Alyssa Staten","Northeastern Huskies",59.3657833333333
"Ava Arias","Carnegie Mellon Tartans",59.36185
"Mimi McCollister","Arkansas State Red Wolves",59.36075
"Brayli Reimer","Crown College Storm",59.3598166666666
"Kelly Tumlin","Cal State Northridge Matadors",59.3513666666667
"Saige Stahl","Indiana State Sycamores",59.3512666666666
"Sierra Godbolt","Samford Bulldogs",59.3505666666666
"Tamera Johnson","Penn State Lady Lions",59.33845
"Abby Fleetwood","IU Columbus Crimson Pride",59.33425
"Erin Woodson","Abilene Christian Wildcats",59.32485
"Marlie Dickerson","Niagara Purple Eagles",59.3161166666667
"Emily Klaczek","Rice Owls",59.3150833333333
"Karlee White","Harvard Crimson",59.3119166666667
"Mia Woolfolk","Georgia Lady Bulldogs",59.3040166666667
"Alexis Smith","Davis & Elkins Senators",59.3021333333334
"Reagan Bass","Purdue Boilermakers",59.29875
"Tess Myers","Wisconsin Badgers",59.2932166666666
"Arianna Jackson","Iowa State Cyclones",59.2809
"Deivejon Harris","Texas Southern Tigers",59.2764333333333
"Jaeden Brown","Southern Utah Thunderbirds",59.2710166666667
"Izzy Sullivan","Nevada Wolf Pack",59.2707833333333
"Aniyah Offutt","Life University Running Eagles",59.2647166666667
"Mariana Espinosa","LeTourneau Yellow Jackets",59.2640333333333
"Sophie Swanson","Purdue Boilermakers",59.2578333333334
"Kendall Folley","East Tennessee State Bucs",59.25535
"Sauda Ntaconayigize","Lafayette Leopards",59.2538166666666
"Isys Grady","Robert Morris Colonials",59.2501499999999
"Marina Radocaj","Pacific Tigers",59.2490500000001
"Tessa Chaney","Utah Valley Wolverines",59.2442666666667
"Kenna Gibson","St. Thomas (TX) Celts",59.2223
"Gabby Moore","Bellevue University Bruins",59.2211166666667
"Nya Valentine","UL Monroe Warhawks",59.2205333333333
"Kaydn Mew","La Sierra Golden Eagles",59.2155166666667
"Samantha Oase","Dickinson State (ND) Blue Hawks",59.2088833333333
"Amy Jackson","Cleary University Cougars",59.206
"Lana Wenger","Portland State Vikings",59.1993166666667
"Jadyn Wooten","Oklahoma State Cowgirls",59.1933166666667
"Hannah Kohn","Clemson Tigers",59.1916166666666
"Jasmine Payne","East Texas A&M Lions",59.1904666666667
"Mia Wilson","Christopher Newport University Captains",59.1835333333334
"Mallorie Haines","Davidson Wildcats",59.1775666666667
"Soniyah Reed","Southern Jaguars",59.1763333333333
"Olivia Moore","Seattle U Redhawks",59.1749166666667
"Sylena Peterson","New Mexico State Aggies",59.1743833333334
"Katie Beyer","Valparaiso Beacons",59.1640166666666
"CeCe Thomas","Hampton Lady Pirates",59.1584833333333
"CeCe Legaspi","California Baptist Lancers",59.15165
"Ciante Downs","UL Monroe Warhawks",59.1404
"Kennedy Cambridge","Ohio State Buckeyes",59.1394166666667
"Lauryn Scalice","Nelson Lions",59.1379666666667
"Grace O'Gara","West Georgia Wolves",59.1361
"Miah Meyer","Green Bay Phoenix",59.1346666666667
"Zoli Khalil","VCU Rams",59.1294
"Taylor Gordon","Jarvis Christian Bulldogs",59.1217166666667
"Liisa Taponen","Akron Zips",59.1165166666667
"Payton Rechlicz","Milwaukee Panthers",59.11635
"Jaelyn Morrison","Western New Mexico Mustangs",59.1132166666667
"Chynell Mitchell","UT Rio Grande Valley Vaqueros",59.11125
"Faith Burch","Youngstown State Penguins",59.11
"Elisabeth Peebles","Johns Hopkins University Blue Jays",59.1036166666667
"Romi Levy","South Florida Bulls",59.0994333333334
"Lilly Meister","Indiana Hoosiers",59.0878666666667
"Kaylah Turner","Temple Owls",59.0864666666667
"Trinity White","Murray State Racers",59.0860166666667
"Maria Rodriguez","College Of Biblical Studies Ambassadors",59.0816833333333
"Molly Moffitt","UAB Blazers",59.0816666666667
"Charnita Brooks","Blue Mountain College Toppers",59.0725166666667
"Bailey Stewart","Alice Lloyd College Eagles",59.07005
"Amiah Simmons","San José State Spartans",59.06725
"Nyamer Diew","Colorado Buffaloes",59.0593333333333
"Aubrie Rademacher","Montana Tech Orediggers",59.05355
"Aysia Hinton","North Carolina Central Eagles",59.0480666666666
"Shannon Niles","Kentucky State Thorobreds",59.03335
"Kailee Mulkey","Texas Lutheran Bulldogs",59.033
"Annie Ramil","Samford Bulldogs",59.0255666666667
"Wakiryah Daniels","Delta State Statesmen",59.0159166666667
"Katie Criswell","North Alabama Lions",59.0120499999999
"Aliah McWhorter","Ohio Bobcats",58.9972333333334
"Zy'Nyia White","Alcorn State Lady Braves",58.9918
"Ashtyn Arnold","Bellevue University Bruins",58.9897333333334
"Sakhmet Lewis","Old Westbury Panthers",58.9877333333333
"Megan Harkey","Pepperdine Waves",58.9807666666667
"Lisa Tesson","Central Michigan Chippewas",58.9798166666667
"Olivia Falvey","Sewanee Tigers",58.9785333333333
"Kennedi Perkins","Marquette Golden Eagles",58.9735
"Laila Anderson","Elon Phoenix",58.97165
"Grace Thybulle","Yale Bulldogs",58.9654166666667
"Demetria Prewitt","Central Michigan Chippewas",58.9564166666667
"Haley Franklin","Millsaps Majors",58.9448833333334
"Amira Brown","San José State Spartans",58.9386666666667
"Kristian Young","UIC Flames",58.9206333333334
"Makiah Asidanya","UNC Greensboro Spartans",58.92035
"Jayla Oden","Penn State Lady Lions",58.9193
"Kendall Eddy","Holy Cross Crusaders",58.91555
"Shelby Fiddler","Presbyterian Blue Hose",58.9106833333333
"Tess Heal","Stanford Cardinal",58.9080333333334
"Candice Lienafa","Davidson Wildcats",58.9071333333334
"Jenna Villa","Washington State Cougars",58.9047333333333
"Zeynep Ozel","Dartmouth Big Green",58.9041166666667
"Danyell Booker","Tusculum Pioneers",58.89495
"Mackenzie Chatfield","Western Kentucky Lady Toppers",58.8937833333334
"Saniya Jones","Charleston Southern Buccaneers",58.8892
"Natalie Rauwolf","Ripon College Red Hawks",58.88425
"Jada Malone","Texas A&M Aggies",58.8840166666667
"Frances Ulysse","Longwood Lancers",58.8815
"Raegyn Conley","Wake Forest Demon Deacons",58.8811666666667
"Lana McCarthy","Purdue Boilermakers",58.8811333333334
"Ines Sotelo","Michigan State Spartans",58.87475
"Mireia Yespes","McNeese Cowgirls",58.8537333333333
"Kiki Smith","Arkansas Razorbacks",58.8465
"Timea Gardiner","UCLA Bruins",58.8420166666666
"Bre Sutton","Southern Miss Lady Eagles",58.8353666666667
"Delma Zita","UTEP Miners",58.8321333333333
"Semaya Turner","Towson Tigers",58.8321166666667
"Lena Newby","St. Mary's (TX) Rattlers",58.8185666666667
"Shun'teria Anumele","Saint Louis Billikens",58.8096666666667
"Jala Morgan","Paine Lions",58.8017666666667
"Abbey Lindsey","UMass Lowell River Hawks",58.7978333333334
"Chandler Duncan","Defiance Yellow Jackets",58.7915833333334
"Jacelyn Starks","IU Columbus Crimson Pride",58.7861833333334
"Gracyn Hall","Emory & Henry Wasps",58.7797333333333
"Cha Gardner","Stephen F. Austin Ladyjacks",58.7679333333334
"MJ Bruno","Montana Lady Griz",58.76105
"Saniah Caldwell","Pennsylvania Quakers",58.7578666666667
"Maddie Brillhart","Cumberland (TN) Bulldogs",58.7549166666666
"Olivia Tucker","Campbell Fighting Camels",58.7489333333333
"Madison Greene","Vanderbilt Commodores",58.7476666666667
"Maddi Cluse","Clemson Tigers",58.7417166666667
"Brynn Lusby","Incarnate Word Cardinals",58.7248666666667
"Jorey Buwalda","Milwaukee Panthers",58.7165833333333
"Peyton Scott","Oregon Ducks",58.7019666666667
"Kailyn Gilbert","LSU Tigers",58.6958333333333
"Emma Boslet","Saint Joseph's Hawks",58.6927666666667
"Crystal Schultz","Prairie View A&M Lady Panthers",58.6645666666666
"Elsa Lemmila","Ohio State Buckeyes",58.6598
"Sage Bridges-Bey","San Francisco State Gators",58.65865
"Kiki Roberts","Tennessee State Lady Tigers",58.65855
"Jada Tiggett","North Carolina Central Eagles",58.6480833333334
"Lily Carmody","Butler Bulldogs",58.6422833333334
"Aaliyah Ringold","Thomas (GA) Night Hawks",58.6298666666666
"Tamia Jones","Wake Forest Demon Deacons",58.6294666666667
"Comari Mitchell","Jacksonville Dolphins",58.6271
"Aliya McIver","Rider Broncs",58.6191833333333
"Julia Plata","Our Lady Of The Lake Saints",58.6173
"Jessica Grant","UC Santa Barbara Gauchos",58.60145
"Ines Bettencourt","Gonzaga Bulldogs",58.5983166666667
"Diamond Moore-Heath","Clinton College Golden Bears",58.5954166666667
"Raven Thompson","Clemson Tigers",58.5927666666667
"Addisyn Freeman","Findlay Oilers",58.59145
"Kenadie Lee","Berry Vikings",58.5799833333333
"Mya Williams","Georgia State Panthers",58.5770166666666
"Nekhu Mitchell","George Mason Patriots",58.5693333333333
"Jess Finney","Loyola Chicago Ramblers",58.5677833333333
"Taryn Wharton","Northern Iowa Panthers",58.5676333333334
"Jo Oly","Houston Christian Huskies",58.5673333333334
"Nikola Zdenkova","Saint Peter's Peacocks",58.5638166666666
"Ava Ryncarz","John Carroll Blue Streaks",58.5559333333333
"Kalla Bertram","Black Hills State Yellow Jackets",58.5556833333333
"Jessica Nerestant","Wiley Wildcats",58.5553666666667
"Madison Torres","Life Pacific Warriors",58.5514333333334
"Emily Archibald","Providence Friars",58.5513166666667
"Tayla Yost","Corban University Warriors",58.55115
"Kennedy Perkins","Whittier Poets",58.54775
"Mackenzie Blackford","Duquesne Dukes",58.52575
"Regan Atkins","Slippery Rock The Rock",58.5247666666666
"Zachara Perkins","Rutgers Scarlet Knights",58.5174333333333
"Que Huffman","Miami (OH)-Hamilton Harriers",58.51675
"Sara Lewis","George Washington Revolutionaries",58.5147666666666
"Mackenzie Carter","Arkansas Baptist Buffaloes",58.5102
"Alexis Durham","Mount Olive Trojans",58.5004
"Rahkhia Mack","Southern Wesleyan Warriors",58.4969
"Najah Lane","Delaware State Hornets",58.4910833333333
"Ka'Miah Pryor","Cedarville Yellow Jackets",58.49045
"Elise Hill","Tulsa Golden Hurricane",58.4839833333333
"Larken Hoar","Park University Gilbert Buccaneers",58.4820333333333
"Katie Vasecka","South Dakota State Jackrabbits",58.47925
"Shaunice Reed","South Carolina State Lady Bulldogs",58.4765
"Shelby Calhoun","Stetson Hatters",58.4631500000001
"A'Niya Young","Fisk Bulldogs",58.4605500000001
"Mariyah Person","Cumberland (TN) Bulldogs",58.4511166666667
"Ashlyn Jones","Louisiana Ragin' Cajuns",58.4418500000001
"Zakiya Stephenson","James Madison Dukes",58.43385
"Bree Robinson","James Madison Dukes",58.4310166666667
"Jayla Dendy","Paine Lions",58.4275666666666
"Mykah Anderson","West Georgia Wolves",58.4250333333334
"Chantelle Stuart","Furman Paladins",58.4220166666667
"Azyah Newson-Cole","IU Indianapolis Jaguars",58.4218833333334
"Aryss Macktoon","La Salle Explorers",58.41415
"Lina Pagan","Bluefield University Ramblin' Rams",58.4071333333334
"Sydney Harris","Iowa State Cyclones",58.39185
"Natalie Leuzinger","Wisconsin Badgers",58.3869166666666
"Allison Clarke","Loyola Marymount Lions",58.3808
"Caitlyn Corley","Sul Ross State Lobos",58.3763333333333
"Hali Savela","Jamestown Jimmies",58.3660833333334
"Ally Criddle","Utah Valley Wolverines",58.364
"Sole Williams","Texas A&M Aggies",58.36185
"Sara Wohlgemuth","North Alabama Lions",58.3614666666667
"Belen Morales Lopez","New Hampshire Wildcats",58.3593166666667
"Hannah Wickstrom","UC Riverside Highlanders",58.3540333333333
"Caranda Perea","Quinnipiac Bobcats",58.35325
"Jess Bickart","Allegheny Gators",58.35135
"Kiley Capstraw","Yale Bulldogs",58.3459333333334
"Ola Ustowska","Wyoming Cowgirls",58.3332
"Ella Van Weelden","Northern Colorado Bears",58.33035
"Jamie Cowan","Alice Lloyd College Eagles",58.3181666666667
"Kyrah Davis","Johnson & Wales (NC) Wildcats",58.3175333333334
"Cheyenne Rowe","UTSA Roadrunners",58.30945
"Allison Owens","Texas A&M-Texarkana Eagles",58.3021666666667
"Cassidy Arni","UW-Parkside Rangers",58.2997333333333
"Rakia Lee","Texas College Steers",58.2988166666667
"Toree Jackson","Harris-Stowe State Hornets",58.2987666666667
"Jayden Burns","Post University Eagles",58.2941500000001
"Chloe Mann","Cincinnati Bearcats",58.2879
"LaNae' Corbett","Hofstra Pride",58.2849833333333
"Cyanne Coe","Fairfield Stags",58.2798666666666
"Amber Abusbeih","Staten Island Dolphins",58.2794166666667
"Lauren Huber","Holy Cross Crusaders",58.2707
"Kayla Gordon","Cumberland (TN) Bulldogs",58.2678833333333
"Amani Coursey","Cheyney (PA) Wolves",58.2668666666666
"Valentina Ojeda","VCU Rams",58.2596833333333
"Andjela Matic","Duquesne Dukes",58.2499833333334
"Jamia Hazell","James Madison Dukes",58.2423999999999
"Jocelyn Janda","Hiram Terriers",58.2418
"Tierra Sylvas","Southern-New Orleans Knights",58.22745
"Saniya Keys","Oakwood Ambassadors",58.2173166666667
"Eunice Silong","Bryant & Stratton Bobcats",58.2030166666667
"Zaire Harrell","Kansas City Roos",58.2006000000001
"Halle Smith","SIU Edwardsville Cougars",58.1992166666666
"Jamisyn Stinson","North Florida Ospreys",58.1977833333333
"Kamaria Murray","Oakwood Ambassadors",58.1910333333333
"Laura Nogues","American University Eagles",58.1836666666666
"Kiandra Browne","Duquesne Dukes",58.17785
"Jacy Reese","Jarvis Christian Bulldogs",58.1742666666667
"Tanasha Mills","Dominican (NY) Chargers",58.1625833333334
"Jasmine Brown-Hagger","Illinois Fighting Illini",58.1541333333333
"Ella Sellars","Cedarville Yellow Jackets",58.1481
"Toni Papahronis","Navy Midshipmen",58.1441833333334
"Nina Solomon","Fort Lauderdale Eagles",58.14245
"Kendall McGruder","Fairfield Stags",58.14165
"Monet Dance","William & Mary Tribe",58.1334666666667
"Anja Bukvic","Idaho Vandals",58.12975
"Diawna Carter-Hartley","Stetson Hatters",58.11835
"Isabella Suero","Johnson & Wales (RI) Griffins",58.1153333333333
"Tracey Bershers","UAB Blazers",58.1153166666667
"Caroline Dotsey","Maine Black Bears",58.1132333333333
"Anisha Chintala","Carnegie Mellon Tartans",58.1118
"Gabby Wilke","South Dakota Coyotes",58.1098166666667
"Kailey Starks","Detroit Mercy Titans",58.0865666666667
"Makiyah Williams","UIC Flames",58.0812666666667
"Ava Hawthorne","Drake Bulldogs",58.0639833333333
"Alexis Andrews","Charlotte 49ers",58.0614166666666
"Liz Scott","Oklahoma Sooners",58.0509333333333
"Molly Lenz","North Dakota State Bison",58.0411666666666
"Dianis Hurtado","Life University Running Eagles",58.0198666666667
"Averi Kroenke","Missouri Tigers",58.0193333333334
"Bella Weary","Arkansas State Red Wolves",58.0153500000001
"Tomi Hinkle","Tiffin Dragons",58.0136666666667
"Anya Poole","Clemson Tigers",58.0102333333334
"Lauryn Milne","Wisconsin-La Crosse Eagles",58.0099666666666
"McKeeley Tonkin","Warner Pacific Knights",58.0093
"Maddie Vejsicky","Akron Zips",58.0045833333333
"Nnenna Orji","Cal State Northridge Matadors",58.00275
"Ruba Abo Hashesh","Bradley Braves",58.0006333333334
"Grace Ann Rose","Faulkner Eagles",57.9980833333334
"Talia Davis","UMBC Retrievers",57.98715
"Destiny Whitaker","Incarnate Word Cardinals",57.9853166666667
"Taylor Smith","Alabama State Lady Hornets",57.9847166666667
"Taedom Stein","Cleary University Cougars",57.9837
"Emily Wilson","Johnson University (TN) Royals",57.9771666666667
"Kailyn Fields","Kennesaw State Owls",57.9755333333334
"Arin Freeman","UIC Flames",57.9754166666667
"Jordyn Williams","Niagara Purple Eagles",57.9395500000001
"Jenna Bowers","IU Columbus Crimson Pride",57.9262833333334
"Aaniya Webb","Tennessee State Lady Tigers",57.9239166666667
"Claire McDougall","Bradley Braves",57.9155
"Tia Dobson","UNC Wilmington Seahawks",57.9051
"Kambree Barber","BYU Cougars",57.8866166666667
"De'Naya Rippey","Saint Peter's Peacocks",57.8853666666667
"Talayah Walker","Penn State Lady Lions",57.8796833333333
"Olivia Hutcherson","Princeton Tigers",57.8507333333334
"Angelie Ricard","Wagner Seahawks",57.8488666666666
"Kayl Petersen","Virginia Tech Hokies",57.84775
"Martina Boba","Bryant Bulldogs",57.8474166666667
"Sadie Shores","Tulane Green Wave",57.84545
"Rhyan Mogel","Portland Pilots",57.8452666666667
"Jordan Lee","Texas Longhorns",57.8376333333334
"Jael Butler","Morgan State Lady Bears",57.83295
"Ayden Krupke","Bushnell Beacons",57.8315666666667
"Ornella Niankan","Wichita State Shockers",57.8253833333334
"Erika Aspajo","Cal State Northridge Matadors",57.8234833333333
"Addison Harris","Montana State Bobcats",57.82025
"Annika Stewart","Minnesota Golden Gophers",57.81635
"Kylie Krise","Chadron State Eagles",57.8141
"Paris Atuahene","Emmanuel (MA) Lions",57.8129500000001
"Gracie Kelsey","Lindenwood Lions",57.8092
"Nabaweeyah McGill","Texas A&M-Corpus Christi Islanders",57.8001166666667
"Shaunae Brown","Arkansas State Red Wolves",57.7991833333333
"Mallory Bruce","Coastal Carolina Chanticleers",57.7895833333333
"Kylee Mabry","Utah Valley Wolverines",57.78445
"Sydnie Rodriguez","Seattle U Redhawks",57.7813333333334
"Jada Session","Furman Paladins",57.7708000000001
"Alexis Giles","Point Park Pioneers",57.7696333333333
"Jordan Hodges","Liberty Flames",57.76945
"Gabby Martin","Miami (OH)-Hamilton Harriers",57.7655333333333
"Brianna Davis","Manhattan Jaspers",57.7473666666667
"Sandra Frau-Garcia","UIC Flames",57.7325833333334
"Gabrielle Joyner","Oakland City Mighty Oaks",57.7238666666667
"Briontanay Marshall","Arkansas-Pine Bluff Golden Lions",57.718
"Brooklynn Hankwitz","Montana Tech Orediggers",57.7147833333334
"Jacee Glasgow","Crown College Storm",57.70375
"Summah Evans","Clemson Tigers",57.7036666666667
"Kaiya Mack","Cal Lutheran Kingsmen",57.69775
"Alexa Quirolo","Staten Island Dolphins",57.6975166666666
"Angena Belloso","Florida International Panthers",57.6929000000001
"Shae Mercer","Haverford Fords",57.68975
"Ever Walker","Cumberland (TN) Bulldogs",57.6867833333333
"Raynne Malik","St. Mary's (TX) Rattlers",57.67175
"Tessa Kinney","Simpson University (CA) Red Hawks",57.6424666666667
"Emaleigh Tarpley","Cumberland (TN) Bulldogs",57.6418166666666
"Kylee Blacksten","West Virginia Mountaineers",57.63965
"Tamana Sharifi","Lincoln (CA) Oaklanders",57.63725
"Asia Pearley","Southern Wesleyan Warriors",57.63345
"Jasmine Edwards","Detroit Mercy Titans",57.6293666666667
"Sharonica Hartsfield","Grambling Lady Tigers",57.6275833333334
"Anala Nelson","Austin Peay Governors",57.6245833333334
"Brianna Wooldridge","SIU Edwardsville Cougars",57.62455
"Leilani Guion","Troy Trojans",57.6242
"Marisa Chapman","Yale Bulldogs",57.6217000000001
"Destiny Wallace","Georgian Court University Lions",57.62145
"Alyse Aby","Idaho State Bengals",57.6176666666667
"Sky Dugan","UNT Dallas Trailblazers",57.6171166666667
"Kyra Bruyndoncx","Davidson Wildcats",57.6155166666667
"Rhys Anderson","Central Baptist College Mustangs",57.6150333333334
"Tatyana Wyche","East Carolina Pirates",57.60695
"Jenna Guyer","Green Bay Phoenix",57.60025
"Claire Gregwer","Aquinas Saints",57.5984333333333
"Grace Abercrombie","Northeastern State RiverHawks",57.5978833333333
"Megan Sias","Stonehill Skyhawks",57.5901666666666
"Phoenix Gedeon","St. John's Red Storm",57.5900166666667
"Alexandra Eldredge","Dartmouth Big Green",57.5857
"Tabitha Betson","Colorado Buffaloes",57.5850666666667
"Petra Oborilova","Xavier Musketeers",57.5747166666667
"Bibi Mercado","Trinity Christian (IL) Trolls",57.5638
"Mya Wasswa","Coker Cobras",57.5604833333333
"Tabitha Amanze","Princeton Tigers",57.5602833333334
"Lisa Thomas","Kansas City Roos",57.5594000000001
"Lily Shepherd","Ohio Christian Trailblazers",57.5582833333333
"Tahmala Thorpe","Slippery Rock The Rock",57.5574666666667
"Pien Steenbergen","Liberty Flames",57.5473333333334
"Amyria Walker","South Alabama Jaguars",57.54505
"Avery Lee","Yale Bulldogs",57.54325
"Ava Lickliter","Goshen Maple Leafs",57.5354333333334
"Winner Bartholomew","Rider Broncs",57.5330666666666
"Helena Rafnsdottir","North Florida Ospreys",57.5322333333333
"Devin Hagemann","East Carolina Pirates",57.5278000000001
"Tiny Lewis","Eastern Illinois Panthers",57.5268166666667
"Maria Dias","Idaho State Bengals",57.5225833333333
"Ella Johnson","Montana State Bobcats",57.5191166666667
"Georgia Grigoropoulou","Santa Clara Broncos",57.5188333333334
"Caroline Mullins","UVA Wise Cavaliers",57.5182166666667
"Brooke Blumenfeld","Northern Illinois Huskies",57.51295
"Ilse de Vries","Miami (OH) RedHawks",57.5117
"Jordan Bravo","McMurry War Hawks",57.5113
"Mya Petticord","Rutgers Scarlet Knights",57.4985666666666
"Caitlyn Dickerson","Bob Jones Bruins",57.49795
"Madison Mcdonald","Oakwood Ambassadors",57.49625
"Imani Smith","Charlotte 49ers",57.4953833333334
"Marissa Brown","Charleston Cougars",57.4898666666667
"Daeja Holmes","Texas Southern Tigers",57.4874166666667
"Kaitlyn Bryant","Alabama State Lady Hornets",57.4769166666667
"Jenae Dublin","Hampton Lady Pirates",57.46625
"Daelyn Craig","Nicholls Colonels",57.4459000000001
"Katie Keitges","Omaha Mavericks",57.4389666666667
"Jade Rutledge","Niagara Purple Eagles",57.4304833333333
"Shiya Hoosier","Kentucky Wesleyan Panthers",57.42245
"Hunter Conway","Lincoln (PA) Lions",57.41195
"Berry Wallace","Illinois Fighting Illini",57.4086333333333
"Thoranna Kika Hodge-Carr","Loyola Chicago Ramblers",57.4083333333334
"Olivia Brown","Wright State Raiders",57.4035166666667
"Shiho Isono","Incarnate Word Cardinals",57.4024833333334
"Ava Kobus","Allegheny Gators",57.4003333333333
"Taylor Bowen","Lipscomb Bisons",57.4001166666667
"Darian Burgin","Alabama A&M Bulldogs",57.3884833333333
"Kiana Rios","Saint Martin's Saints",57.3868666666666
"Kaydan Lawson","Seton Hall Pirates",57.3840166666667
"Madelyn Bischoff","Ball State Cardinals",57.38395
"Victoria Barrera","Eastern New Mexico Greyhounds",57.3768166666667
"Amani Abuhatab","Mercy Mavericks",57.3719666666667
"Tatyana Lewis","Warren Wilson Owls",57.3626833333334
"Mackenzie Daleba","La Salle Explorers",57.3539333333333
"Katey Richason","Miami (OH) RedHawks",57.34745
"Elauna Eaton","Memphis Tigers",57.3451166666667
"Amari Franklin","Alabama State Lady Hornets",57.3430666666667
"Morgan Aylsworth","Crown College Storm",57.3371333333333
"Sara-Rose Smith","Colorado Buffaloes",57.3362
"Shimei Muhammad","Charleston Southern Buccaneers",57.3305500000001
"Kennedy Townsend","Creighton Bluejays",57.3268666666667
"Savannah Huerta","Park University Gilbert Buccaneers",57.3177666666667
"Kayleigh Heckel","USC Trojans",57.3079000000001
"Doneelah Washington","Illinois State Redbirds",57.30485
"Taylor Wilkins","UNC Asheville Bulldogs",57.3047833333334
"Ellie Martin","Warren Wilson Owls",57.29295
"Jordan Wakefield","Towson Tigers",57.2907333333333
"Amauri Williams","Prairie View A&M Lady Panthers",57.2880166666667
"Breanna Davis","Abilene Christian Wildcats",57.2861000000001
"AC Markham","South Carolina Upstate Spartans",57.2790166666667
"Garrisen Freeman","Cal State Bakersfield Roadrunners",57.27535
"Jolene Armendariz","La Salle Explorers",57.27085
"Shannon Fornshell","Drake Bulldogs",57.2619666666667
"Palmire Mbu","Rhode Island Rams",57.2550000000001
"Jane Nwaba","Vanderbilt Commodores",57.2473833333333
"Allie Stockton","Findlay Oilers",57.2423
"Emerson Green","Northern Iowa Panthers",57.2360166666667
"Johanna Teder","Colorado Buffaloes",57.23015
"Sheridan Liggett","Seattle U Redhawks",57.2299333333333
"Janessa Kelley","Bethune-Cookman Wildcats",57.2242166666666
"Brooke Moore","Liberty Flames",57.21215
"Cate MacDonald","Dartmouth Big Green",57.20175
"Kendall Scott","Gardner-Webb Runnin' Bulldogs",57.1985833333334
"Maya Linton","UTSA Roadrunners",57.1741833333334
"Bailey Garbee","American University Eagles",57.1730333333334
"Gabrielle Johnson","Morgan State Lady Bears",57.17205
"Kennedy Fauntleroy","Arizona State Sun Devils",57.1564666666667
"Dominique Cabading","Occidental Tigers",57.1496833333334
"Taylin Smith","Southern Wesleyan Warriors",57.144
"Lara Edmanson","Villanova Wildcats",57.1409166666666
"Macey Huard","Oklahoma State Cowgirls",57.1393
"Chasity Woodard","Arkansas Baptist Buffaloes",57.1285166666667
"Bre'Anna Rhodes","Jacksonville State Gamecocks",57.1263
"Krystyna Ellew","UIC Flames",57.1210666666666
"Janae Kent","Texas A&M Aggies",57.1158333333333
"Hannah Manzaro","Worcester State Lancers",57.1074333333333
"Anyssa Jones","Ohio Bobcats",57.1037166666667
"Mia Fiore","Merrimack Warriors",57.1032333333334
"Aniah Alexis","Rice Owls",57.1027666666667
"Lauren Filien","Stony Brook Seawolves",57.0945166666667
"Jaiden Bryant","SIU Edwardsville Cougars",57.0788833333333
"Amanda Crowninshield","UT Dallas Comets",57.0784166666666
"Adiya Jones","Buffalo State Bengals",57.07155
"Kacee Kyle","Cedarville Yellow Jackets",57.0653666666667
"Tessa Engelman","Mount St. Mary's Mountaineers",57.0583666666667
"Brinley Cannon","BYU Cougars",57.0578166666667
"Natalee Trevino","Walla Walla Wolves",57.0512833333333
"Cailynn Dilosa","Harris-Stowe State Hornets",57.04615
"Kamryn Wilson","Lamar Cardinals",57.0385166666667
"Alana Swift","UNC Asheville Bulldogs",57.0364166666667
"Sierra Linnin","Le Moyne Dolphins",57.0247833333333
"Jordan Reid","Purdue Fort Wayne Mastodons",57.0129
"Mia Simpson","Indiana State Sycamores",56.9914166666667
"Adelyn Traylor-Walker","Radford Highlanders",56.9885500000001
"Emily Florvil","Le Moyne Dolphins",56.98705
"Bell Martinez","Schreiner Mountaineers",56.9816
"Kaniya Moore","Arkansas Baptist Buffaloes",56.9626333333334
"Natalie Picton","Montana State Bobcats",56.9499166666667
"Awa Sidibe","Rutgers Scarlet Knights",56.9339000000001
"Aurora Sorbye","Wake Forest Demon Deacons",56.9226500000001
"Gia Powell","Brown Bears",56.9220166666667
"Whitney Dunn","Sam Houston Bearkats",56.9181
"Amaya Bonner","Florida State Seminoles",56.9146666666667
"Myriam Traore","Siena Saints",56.9102333333333
"Jiya Perry","Delaware Blue Hens",56.8970166666667
"KP Parr","Wichita State Shockers",56.8916166666667
"Taylor Anderson","Central Michigan Chippewas",56.8854166666667
"Mara Johnson","Bryn Athyn Lions",56.8777833333333
"Courtney Lumpkins","Fisk Bulldogs",56.8762333333334
"Terren Coffil","South Alabama Jaguars",56.8746333333333
"Maggie Vick","Pepperdine Waves",56.8739500000001
"Tasha Chudy","Lafayette Leopards",56.8729666666667
"Alyssa Clutter","North Alabama Lions",56.8723166666667
"Dynasty Shegog","Southern Wesleyan Warriors",56.86265
"Shariah Baynes","Towson Tigers",56.8578833333333
"Maliyah Johnson","Ball State Cardinals",56.85785
"Helana Chadwick","McMurry War Hawks",56.85365
"Kaniya Boyd","Tennessee Lady Volunteers",56.8450166666667
"Issy Morgan","Davidson Wildcats",56.8419166666666
"Kamari Sims","George Washington Revolutionaries",56.8413833333334
"Abby Conlee","Westminster (UT) Griffins",56.8257166666666
"Michaela Bogans","Morgan State Lady Bears",56.81065
"Jordan Brooks","Bethune-Cookman Wildcats",56.8099833333334
"Izabella Zingaro","Montana Lady Griz",56.8095333333333
"Yanessa Boyd","St. Francis (PA) Red Flash",56.8026
"Sera Hodgson","Maine Black Bears",56.80245
"Anete Adler","Boston University Terriers",56.7963333333333
"Shakira Baskerville","High Point Panthers",56.7946
"Jaelyn West","King (TN) Tornado",56.7856833333334
"Naya Ojukwu","Morgan State Lady Bears",56.7670666666667
"Tess Darby","Tennessee Lady Volunteers",56.7639166666667
"Gabbi Cartagena","New Orleans Privateers",56.75935
"Tamaria Rumph","Morgan State Lady Bears",56.7525333333334
"Aizhanique Mayo","Xavier Musketeers",56.7467833333333
"Madi Webb","Southern Indiana Screaming Eagles",56.7456833333333
"Catie Cunningham","Marist Red Foxes",56.7444166666666
"Alanah Pooler","Alabama State Lady Hornets",56.74025
"Tyler Gray","Coppin State Eagles",56.73755
"Kassidy Broussard","Tennessee Southern Firehawks",56.7358333333333
"Teniyah Crenshaw-Patterson","Randolph College Wildcats",56.7356333333333
"Sarah Brans","Idaho Vandals",56.7354
"Nyah Wilson","Missouri Tigers",56.7339666666667
"Tatiana Thomas","Kent State Golden Flashes",56.7166666666667
"Janaia Fargo","Hofstra Pride",56.7157666666667
"Kamora Morgan","Northern Kentucky Norse",56.7145666666667
"Abbey Schreacke","Missouri Tigers",56.7066666666666
"Ce'nara Skanes","Maryland Eastern Shore Hawks",56.6983
"Catherine Chick","Colby-Sawyer Chargers",56.6927666666666
"Angela Slattery","Dakota State Trojans",56.69115
"Raina McGowens","Furman Paladins",56.6845666666667
"Greta Miller","Johns Hopkins University Blue Jays",56.6725666666667
"Caroline Orza","Haverford Fords",56.6655333333334
"Leah Middleton","Binghamton Bearcats",56.6626166666667
"Aubrey Blankenship","Samford Bulldogs",56.6596333333333
"Megan Bodziony","Le Moyne Dolphins",56.6524333333333
"Aliya Grotjohn","Central Baptist College Mustangs",56.64285
"Taliyah Logwood","Utah State Aggies",56.6414666666667
"Jazion Jackson","Arizona State Sun Devils",56.6376666666667
"Sara Puckett","Tennessee Lady Volunteers",56.6311166666667
"Anna Przyszlak","La Salle Explorers",56.6307
"Lauryn Swann","Arizona Wildcats",56.6288
"Jewel Jones","LSU Alexandria Generals",56.6267666666667
"Madison Greene","Ohio State Buckeyes",56.6214833333334
"Hallie Turner","Bethel (TN) Wildcats",56.6175333333333
"Mikayla Hutchinson","Prairie View A&M Lady Panthers",56.6153166666667
"Alexis Davis","Buffalo Bulls",56.6137333333333
"Ines Noguero","Georgia Tech Yellow Jackets",56.6027
"Tania Allen","Chicago State Cougars",56.5966
"Zaniyyah Ross-Barnes","Shaw Bears",56.5910833333333
"Dom Nesland","High Point Panthers",56.5618333333333
"Claudia Fiel","California Baptist Lancers",56.5617833333334
"Shakara McCline","DePaul Blue Demons",56.554
"Maggie Cavanaugh","New Hampshire Wildcats",56.5496666666666
"Talia DePetrillo","Iona Gaels",56.5466833333334
"Millinda Arguellez","University of The Southwest Mustangs",56.5407833333333
"Anii Harris","Virginia St Trojans",56.5396666666666
"Mikee Buchanan","Bethel (TN) Wildcats",56.5385
"Maddie LaFrance","Bloomsburg Huskies",56.53405
"Alexis Cortez","Air Force Falcons",56.5263166666667
"Ryann Bennett","UC Davis Aggies",56.5248833333334
"Sitota Gines","Buffalo Bulls",56.5226666666667
"Emery Baragona","Johnson University (TN) Royals",56.5204
"Gia Bradley","Colorado-Colorado Springs Mountain Lions",56.50665
"Maxine Engel","George Washington Revolutionaries",56.4962166666667
"Lydia Melaschenko","Merrimack Warriors",56.4833333333333
"Nikki Thompson","Simpson University (CA) Red Hawks",56.4775
"Riley Rismiller","Kent State Golden Flashes",56.4750666666666
"Randrea Wright","Central Arkansas Sugar Bears",56.4740833333334
"Kemari Reynolds","Monmouth Hawks",56.4733833333334
"Riley Makalusky","Butler Bulldogs",56.4727166666667
"Circe Rubio Remolar","Delaware State Hornets",56.4693500000001
"McKenzie Stewart","Delaware State Hornets",56.4628333333333
"Camryn Fauria","Binghamton Bearcats",56.4571166666667
"Tatum Walker","Howard Payne Yellow Jackets",56.4569333333333
"Tayla Dalton","Gonzaga Bulldogs",56.4554166666667
"Haven Verrett","Jarvis Christian Bulldogs",56.4488166666667
"Diaka Berete","Jackson State Lady Tigers",56.4442333333333
"Nalyce Dudley","Sacred Heart Pioneers",56.4412666666667
"Dorothy Wiese","Staten Island Dolphins",56.4306333333333
"Ashley Hiraki","Cal Poly Mustangs",56.4235166666667
"Taylor Turner","Johnson C Smith Golden Bulls",56.41665
"Layla Powell","Centenary (LA) Gentlemen",56.4114666666667
"Mia 'Uhila","Hawai'i Rainbow Wahine",56.4097666666667
"Rhian Stokes","Saint Joseph's Hawks",56.40645
"Mackenzie Williams","Blue Mountain College Toppers",56.4034666666667
"Emily Hege","App State Mountaineers",56.3991
"Marley Hughes","Viterbo V-Hawks",56.3971696969697
"Kristyna Boyd","Arkansas-Pine Bluff Golden Lions",56.3943
"Courtney Ogden","Stanford Cardinal",56.3939
"Madison Davis","Western Illinois Leathernecks",56.3898333333334
"Elsie Harris","Jacksonville State Gamecocks",56.3812000000001
"Debora dos Santos","San Francisco Dons",56.3744833333334
"Malia Lenz","Vermont Catamounts",56.37305
"Alana Goodchild","Santa Clara Broncos",56.3701333333333
"Grace LaBarge","Quinnipiac Bobcats",56.36835
"Sophie Sene","Utah State Aggies",56.3648833333334
"Kay Donahue","Lafayette Leopards",56.36455
"Maria Sanchez Ponce","Jacksonville State Gamecocks",56.3598666666667
"Megan Gray","Hendrix College Warriors",56.3547
"Myajae Eubanks","Cumberland (TN) Bulldogs",56.3382833333334
"Jenna Kilty","Cal State Northridge Matadors",56.3303
"Lyndie Ramsey","Emory & Henry Wasps",56.3247666666666
"Kadance Blankers","Evergreen State Geoducks",56.3202166666666
"Grace Arcoleo","Union Garnet Chargers",56.3138166666666
"Morgann Gardner","Omaha Mavericks",56.2898
"Kayla Smith","Mercer Bears",56.2785666666667
"Emilee Tahata","Rider Broncs",56.26375
"Mary Ashley Stevenson","Stanford Cardinal",56.25535
"Timberlynn Yeast","Marshall Thundering Herd",56.2511833333334
"Hermione Hicks","Florida National Conquistadors",56.2345166666666
"Ndjakalenga Mwenentanda","Texas Longhorns",56.2337
"Nyah Willis","Charleston Cougars",56.22305
"Erin Martin","Tennessee State Lady Tigers",56.2193666666666
"Merissah Russell","Louisville Cardinals",56.218
"Camille Dominick","Pittsburgh-Johnstown Mountain Cats",56.21795
"Avery Mills","Liberty Flames",56.2051
"Loy Waid","Northwest Nazarene Nighthawks",56.2011
"Elise Livingston","Utah State Aggies",56.1934666666667
"Isabella Hunt","East Tennessee State Bucs",56.1803833333333
"Ava Stoller","SIU Edwardsville Cougars",56.1789833333334
"Marissa Shelton","St. Francis (PA) Red Flash",56.1719833333333
"Naj White","Post University Eagles",56.1673
"Albany Wilson","Erskine Flying Fleet",56.1578
"Julia Corsentino","Marist Red Foxes",56.15295
"Makayla Edwards","Jacksonville Dolphins",56.1471166666667
"Mia Flor","Wofford Terriers",56.1464833333333
"Kylie Fleet","Paine Lions",56.1432
"Lydia Chatira","Harvard Crimson",56.1297333333334
"Jalyssa Carrasco","Roosevelt Lakers",56.1142666666667
"Dayuna Colvin","Queens University Royals",56.1110833333334
"Imbie Jones","Nevada Wolf Pack",56.1084666666667
"Beth Nelson","Brown Bears",56.1048666666667
"Nina Minicozzi","Dartmouth Big Green",56.1011
"Emma Shumate","Michigan State Spartans",56.0997333333333
"Avery Kelley","Evansville Purple Aces",56.0973333333333
"Kylie Grassi","Bridgewater State (MA) Bears",56.0901833333333
"Taniya McGowan","South Carolina State Lady Bulldogs",56.0881
"Sidney Richards","Cal Poly Mustangs",56.0851
"Montaya Dew","Arizona Wildcats",56.0790500000001
"Julia Riley","Northern Colorado Bears",56.0743166666666
"Arianna Patton","SE Louisiana Lady Lions",56.0720833333333
"Evangelina Parrish","Chicago State Cougars",56.07205
"Julianna Gibson","St. Francis (PA) Red Flash",56.0705
"Morgan Kelson","Livingstone Blue Bears",56.0665
"Kaysia Woods","SMU Mustangs",56.0251833333333
"Caitlyn Panuco","Howard Payne Yellow Jackets",56.0124666666667
"Lucia Noin","Central Connecticut Blue Devils",56.0093333333333
"Bukky Akinsola","Georgia Southern Eagles",55.9942500000001
"Hannah Fields","Houston Christian Huskies",55.9938333333333
"Alyssa Latham","Tennessee Lady Volunteers",55.982
"Nia Jordan","Prairie View A&M Lady Panthers",55.9682
"Leilani Augmon","Houston Cougars",55.9658833333334
"Tinasia Spencer","Chowan Hawks",55.9656583333333
"Aliyah Matharu","Baylor Bears",55.9554166666667
"Khila Morris","Troy Trojans",55.9547500000001
"Lanie Grant","North Carolina Tar Heels",55.9437833333333
"Jaye Haynes","Monmouth Hawks",55.9362
"Tyreona Sibley","SE Louisiana Lady Lions",55.92065
"Isabella Caceres","Hiram Terriers",55.9190666666667
"Dakieren Turner","Maryland Eastern Shore Hawks",55.9025833333334
"Clara Gonzalez Planella","Jacksonville State Gamecocks",55.9023
"Nevaiah Bell-Tenner","Culver-Stockton Wildcats",55.8994500000001
"Marija Avlijas","Columbia Lions",55.8981666666667
"Bella McLaughlin","Boston University Terriers",55.89745
"Loghan Johnson","Texas Tech Lady Raiders",55.8932666666667
"Anna Garfield","Bethel (MN) Royals",55.8889333333333
"Sami Kim","Walsh Cavaliers",55.87885
"Denaira Williams","UNC Pembroke Braves",55.87205
"Tamara Christmas","Central Baptist College Mustangs",55.8702666666666
"Adriana Shipp-Davis","Radford Highlanders",55.8698833333333
"Mia Wysong","North Greenville Crusaders",55.8659
"Jazmyn Stone","Charleston Cougars",55.857
"Nataya Lockett","Eastern New Mexico Greyhounds",55.8534833333333
"Makayla Blake","Saint Michael's Purple Knights",55.8530833333333
"Mya Pierfax","Winthrop Eagles",55.84915
"Kyla Smith","Trinity Christian (IL) Trolls",55.84855
"Michiyah Simmons","South Alabama Jaguars",55.8444000000001
"Molly Sheehan","SIU Edwardsville Cougars",55.83475
"Azareya Kilgoe","Cornell Big Red",55.8238666666667
"Marina Artero","St. Francis (PA) Red Flash",55.8189500000001
"Sarah Talon","Maine Black Bears",55.81815
"Andrea Martinez","Gardner-Webb Runnin' Bulldogs",55.81045
"Riley Holliday","Lincoln (PA) Lions",55.7994666666667
"Mir McLean","Maryland Terrapins",55.7987
"Emme Boots","Goshen Maple Leafs",55.7973
"Haylee Sethman","Simpson University (CA) Red Hawks",55.7944
"Jasmine Jones","New Orleans Privateers",55.7847166666666
"Ornela Muca","Pepperdine Waves",55.7834166666666
"Mya Hansen","Boise State Broncos",55.78215
"Esther Little","Gonzaga Bulldogs",55.7790500000001
"Grace Townsend","North Carolina Tar Heels",55.7588333333334
"Tatum Greene","Boston College Eagles",55.7584833333333
"Eleecia Carter","UAB Blazers",55.7515333333333
"Maliah Preston","Johnson & Wales (NC) Wildcats",55.7361333333333
"Jade Clack","Tulsa Golden Hurricane",55.7298
"Janae Tyler","Kent State Golden Flashes",55.7222666666667
"Liza Karlen","Notre Dame Fighting Irish",55.7210333333334
"Austin Johnson","North Greenville Crusaders",55.7175166666667
"Lore Porter","Niagara Purple Eagles",55.7160166666667
"Rose Morse","Cal State San Marcos Cougars",55.711
"Khloe Lemon","California Baptist Lancers",55.7101333333333
"Aaliyah Henderson","Texas Southern Tigers",55.6989500000001
"Shalayne Nagel","Dakota Wesleyan Tigers",55.6975166666667
"Libby Privett","Wofford Terriers",55.69655
"Jabrica Leslie","Clinton College Golden Bears",55.6918666666667
"Nyah Lowery","Pacific Tigers",55.6909
"Bella Larrison","Anderson (IN) Ravens",55.6899666666667
"Chloe Briggs","Washington Huskies",55.6798666666667
"Olivia Poulivaati","Nevada Wolf Pack",55.6743833333334
"Nekaya Williams","Edward Waters Tigers",55.6647
"Cici Hernandez","Mercyhurst Lakers",55.6629833333333
"Diana Collins","Alabama Crimson Tide",55.6624166666667
"Cree Mcclemore","Texas College Steers",55.6586666666666
"Jourdyn Wynn","Defiance Yellow Jackets",55.6539166666666
"Royjeannae Graves","College Of Biblical Studies Ambassadors",55.6508333333333
"Alli Dioli","Cal State Bakersfield Roadrunners",55.6488833333333
"Dasiya Jones","Colorado Christian Cougars",55.6449333333333
"Jasmine Singleton","San José State Spartans",55.6440666666667
"Riley Stack","Coastal Carolina Chanticleers",55.6418833333334
"Tori Younker","Corban University Warriors",55.6369
"Kristina Juric","Manhattan Jaspers",55.6340333333334
"Chloe Williams","Winston-Salem Rams",55.6315166666666
"Breyonce' Jim","Southeastern Baptist College Chargers",55.628
"Nia Howard","UNC Greensboro Spartans",55.6185333333333
"Mya Miller","Columbia College (MO) Cougars",55.6165833333333
"Shayeann Day-Wilson","LSU Tigers",55.6160333333333
"Dylan Philip","Montana State Bobcats",55.6043166666667
"Caitlynn Jordan","Oklahoma Christian University Eagles",55.5986499999999
"D'Shantae Edwards","Southern Jaguars",55.5980833333333
"Amiah Hargrove","Nebraska Cornhuskers",55.5966166666667
"Harris Robinson","St. Francis (PA) Red Flash",55.5868833333334
"Julianna Walter","Guilford Quakers",55.5770333333333
"Ella Haney","Maryville College (TN) Fighting Scots",55.57605
"Alice Curman","Southern Illinois Salukis",55.5715166666666
"Sylvia Kahoro","Berry Vikings",55.5659666666666
"Daniela Lopez","Xavier Musketeers",55.5552166666667
"Emily Hall","Akron Zips",55.5527833333334
"Azjah Reeves","McNeese Cowgirls",55.5502
"Demonnie Lagway","Cal State Fullerton Titans",55.5414166666667
"Kennadi Harris","Lake Erie Storm",55.5385666666667
"Brialle Washington","New Orleans Privateers",55.5366
"Sierra Johnson","Sacred Heart Pioneers",55.5353333333333
"Alexia Dizeko","Florida Gators",55.5237833333333
"Coryn Fromm","St. Francis (IL) Fighting Saints",55.5195833333333
"Sophie Costello","Rensselaer Engineers",55.5106666666667
"Kallie Theisen","South Dakota State Jackrabbits",55.5101166666667
"Malia Melton","Oglethorpe Stormy Petrels",55.5062666666667
"Morgon Webb","Coastal Georgia Mariners",55.5010166666666
"Joerdan Thomas","St. Thomas (TX) Celts",55.4973833333333
"Sumer Lee","DePaul Blue Demons",55.4863333333334
"Keimarya Rivera","Oglethorpe Stormy Petrels",55.4859833333333
"Grace Gavin","Sewanee Tigers",55.4831166666666
"Lalani Ellis","Eastern Illinois Panthers",55.4783166666667
"Kayla Lorenz","UT Rio Grande Valley Vaqueros",55.4770666666666
"T'Aaliyah Miner","Lamar Cardinals",55.4662333333333
"Ahrianna Scott","Erskine Flying Fleet",55.4570833333334
"Kyla Cruz Baez","Florida National Conquistadors",55.4510833333333
"Skylar Groesbeck","Warner Pacific Knights",55.4449333333333
"Symere Shelton","La Sierra Golden Eagles",55.4413666666667
"Lauren Davenport","BYU Cougars",55.4365666666667
"Taylor Smith","Frostburg State Bobcats",55.43285
"Mary Gibbons","Navy Midshipmen",55.4295166666666
"Sidney Folkenberg","Walla Walla Wolves",55.4239666666667
"Weronika Swojak","Warren Wilson Owls",55.4235666666667
"Carmen Williams","Sacred Heart Pioneers",55.4195666666667
"Kyleigh McGuire","Sam Houston Bearkats",55.4143833333334
"Maria Sanchez Pitarch","Northeastern Huskies",55.4132333333333
"Lexi Starr","Indiana-Southeast Grenadiers",55.4115
"Raiana Brown","Fairfield Stags",55.4110333333334
"Jada Hunter","Saint Mary's Gaels",55.4036666666667
"Me'Arah O'Neal","Florida Gators",55.3985333333333
"MG Lymon","Loyola New Orleans Wolfpack",55.3804
"Carly Keats","Arkansas Razorbacks",55.3776833333333
"O'Mariyah Tucker","Alabama State Lady Hornets",55.3700166666667
"Aileen Marquez","Morehead State Eagles",55.3584333333333
"Ella Lune","Eastern Illinois Panthers",55.3559
"Jacklyn Kulow","Jessup University Warriors",55.3220666666667
"La'Niya Simes","Winston-Salem Rams",55.3083000000001
"Jelena Perovic","Union Garnet Chargers",55.28825
"Kyah Smith","Navy Midshipmen",55.2879
"Emily Strachan","Cal State Fullerton Titans",55.2733833333333
"Destiny Robinson","Toledo Rockets",55.2728500000001
"Tykara Harrison","St. Francis (IL) Fighting Saints",55.2704333333333
"Marta Espinal","Loyola Maryland Greyhounds",55.2606500000001
"Asha Walker","Chicago State Cougars",55.2584666666666
"Taylor Schwab","Arizona Christian Firestorm",55.25325
"Elena Cabello","Eastern Michigan Eagles",55.2478666666667
"Symone Harrell","St. Francis (IL) Fighting Saints",55.2379333333334
"Anna Camden","Richmond Spiders",55.2347166666667
"Erin Toller","Bellarmine Knights",55.23015
"Quanirah Montague","Mississippi State Bulldogs",55.2267666666667
"Asiah Baxter","Ohio Bobcats",55.2244500000001
"Paris Guillory","McNeese Cowgirls",55.2227166666667
"Xoe Rosalez","Youngstown State Penguins",55.22025
"Nia Green","Morgan State Lady Bears",55.2196000000001
"Kathryn Scottland","Faulkner Eagles",55.2154
"Cami Fulcher","San Francisco Dons",55.2120666666667
"Mata Peaua","Weber State Wildcats",55.2078666666667
"Lucia Melero Sabat","New Hampshire Wildcats",55.1974
"Abigail Wright","Harvard Crimson",55.1930833333333
"Jordyn Stokes","Chadron State Eagles",55.1795166666667
"Saige Gibb","Utah Valley Wolverines",55.1641833333333
"Natalie Larranaga","Northeastern Huskies",55.1630666666667
"Daniella Velez","Presbyterian Blue Hose",55.1580833333334
"Luka Malinka","Roosevelt Lakers",55.1548166666666
"Faith Hayward","Bob Jones Bruins",55.1519333333334
"Chrysta Narcisse","South Alabama Jaguars",55.14925
"Emilee Proctor","Wiley Wildcats",55.14785
"Mailien Rolf","Arizona Wildcats",55.1448
"Paris Miller","Nelson Lions",55.1421166666667
"Roxane Makolo","Georgia Lady Bulldogs",55.1208666666667
"Gisela Segura","Long Island University Sharks",55.1192833333334
"Caitlin Travis","Loyola New Orleans Wolfpack",55.1149500000001
"Filipa Calisto","George Washington Revolutionaries",55.0980166666667
"Nicole Kamin","Grand Valley State Lakers",55.0966166666667
"Skylar Bailey","UNC Asheville Bulldogs",55.0936666666667
"Lauren Scott","Wright State Raiders",55.0923333333333
"Shamya Champ","Jarvis Christian Bulldogs",55.0916666666667
"Mikiyah Mallet","Cheyney (PA) Wolves",55.0890000000001
"Delanie Hill","UAlbany Great Danes",55.0860833333333
"Zoe Tillery","UC Riverside Highlanders",55.0756166666667
"Shannon Wheeler","Dayton Flyers",55.0716666666667
"Alexis Whitfield","Oregon Ducks",55.0672
"Mikyah Finley","Shaw Bears",55.0659166666667
"De'Ashaj Crawford","Johnson & Wales (NC) Wildcats",55.0592666666667
"Ally Schimel","Oregon State Beavers",55.0513833333333
"Dannah Martin-Hartwick","LSU Alexandria Generals",55.0459
"Aaliyah Roberson","TCU Horned Frogs",55.0375500000001
"Nia Hardison","Northwestern State Lady Demons",55.0176166666667
"Emma Santoro","Emory & Henry Wasps",55.0137833333333
"Abby Mundy","Evergreen State Geoducks",55.00745
"Aima Ofunrein","Brown Bears",55.0041
"Renna Schwieterman","Purdue Fort Wayne Mastodons",54.9560833333333
"Mikaylah Manley","Southern Miss Lady Eagles",54.9548833333333
"Cayla Williams","UC Santa Barbara Gauchos",54.9487166666667
"Gianna Angiolet","UT Rio Grande Valley Vaqueros",54.9456333333333
"Chloe Williams","Indiana State Sycamores",54.9444
"Junae Mahan","UC San Diego Tritons",54.9332833333333
"Leia Brown","Paine Lions",54.9225666666666
"Chloe Zazueta","Life Pacific Warriors",54.9026333333333
"Ice Brady","UConn Huskies",54.9020333333333
"Crystin Guy","Blue Mountain College Toppers",54.8995666666667
"Kenzie Sirowich","Alaska Anchorage Seawolves",54.8969000000001
"Michaela Ray","University of The Southwest Mustangs",54.8944166666667
"Harmony Earth-Wiley","Bridgeport Purple Knights",54.8860666666667
"Tomisin Adenupe","Davidson Wildcats",54.8775666666667
"Saniya Burks","Texas State Bobcats",54.85985
"Macy Brackett","Virginia-Lynchburg Dragons",54.8591
"Aspen Thornton","UT Arlington Mavericks",54.8561666666667
"Cambree Blackham","Utah Valley Wolverines",54.8377833333334
"Ariana Vanderhoop","St. John's Red Storm",54.8373
"XaiOnna Whitfield","Tennessee State Lady Tigers",54.8324666666667
"Karly Sweeney","Indiana-Southeast Grenadiers",54.8305333333333
"Lilly Ferguson","Massachusetts Minutewomen",54.8220666666667
"Ysabel Puente","Life Pacific Warriors",54.8176
"Kierra Prim","Houston Christian Huskies",54.7728
"Lilee Carlson","Lake Erie Storm",54.7623833333333
"Olivia Fernandez","Bryant Bulldogs",54.7600333333334
"Anya Choice","UC Santa Barbara Gauchos",54.7550333333333
"Elise Grossdidier","Colorado Christian Cougars",54.7543666666666
"Danae Powell","Fresno State Bulldogs",54.7225
"Emani Jenkins","Troy Trojans",54.7096
"Naomi Barnwell","Robert Morris Colonials",54.7003333333333
"Kate Hughes","Mount Saint Mary (NY) Knights",54.6834333333333
"Gemma LaVergne","Corban University Warriors",54.6830196969697
"Olivia Kieffer","South Dakota Coyotes",54.682
"Brianna Wilson","Texas Lutheran Bulldogs",54.6477666666667
"Pam Mock","Meredith College Avenging Angels",54.6439
"Dee Guinn","Faulkner Eagles",54.6416833333333
"Martina Borrellas","UAlbany Great Danes",54.639380952381
"Kaison Wood","Alice Lloyd College Eagles",54.6203333333333
"Jade Fry","Arkansas Baptist Buffaloes",54.6165333333334
"Lucia Yenes","New Mexico State Aggies",54.61455
"Layla Henderson","Johns Hopkins University Blue Jays",54.61145
"Alexa Lora","Johnson & Wales (RI) Griffins",54.6085
"Chantae Embry","SMU Mustangs",54.6074666666666
"Lanay Wheaton","Louisiana Ragin' Cajuns",54.6006333333333
"Myonna Hooper","Detroit Mercy Titans",54.5872333333334
"Reyna Scott","Oklahoma Sooners",54.5855166666667
"Bella Cates","Hendrix College Warriors",54.5729666666667
"Addison Branscum","Regis Rangers",54.5523666666666
"Elivia Moore","Alice Lloyd College Eagles",54.5505166666667
"Hennie Van Schaik","San José State Spartans",54.5453833333334
"Rachel Harvey","Eastern Washington Eagles",54.5453666666667
"Savannah Samuel","Boston College Eagles",54.52615
"Cianna Roberts","Cheyney (PA) Wolves",54.5200166666667
"Queen Ikhiuwu","Wofford Terriers",54.5064666666667
"Marley Langi","Cal State Bakersfield Roadrunners",54.4991666666667
"Kelsie Imai","Hawai'i Rainbow Wahine",54.4829166666667
"Madelynn Muniz","Cal State Fullerton Titans",54.4663
"Kiana Henning","Howard Payne Yellow Jackets",54.4659333333333
"McKenna Layden","Purdue Boilermakers",54.4497333333333
"Haley Debuse","College Of Saint Mary Flames",54.44865
"Elle Papahronis","San Francisco Dons",54.4468333333333
"Elise Stuck","Ball State Cardinals",54.4453
"Adreanna Waddle","Prairie View A&M Lady Panthers",54.4451666666666
"Nevaeh Tot","Oklahoma Sooners",54.4451166666667
"Kylee Madden","Southeastern Baptist College Chargers",54.4401666666667
"Shannen Hinchey","Virginia-Lynchburg Dragons",54.4251833333334
"Bryanna Preston","Texas Longhorns",54.4249
"Lydia York","Central Baptist College Mustangs",54.4183333333333
"Lauren Friedrich","Columbia College (MO) Cougars",54.4124166666667
"Summer Bostock","Houston Cougars",54.4036
"Alex Gitchenko","UMass Lowell River Hawks",54.4031166666667
"Aminata Diakite","Towson Tigers",54.4000333333333
"Addie Porter","Clemson Tigers",54.3962
"Shabrica Leslie","Clinton College Golden Bears",54.3931833333334
"Aaliyah Ibarra","Utah Tech Trailblazers",54.3925166666667
"Skylar Barnes","Southeast Missouri State Redhawks",54.3814666666667
"Jesse Ledgerwood","Indiana-Southeast Grenadiers",54.37715
"Loes Rozing","New Mexico State Aggies",54.3602
"Sarahia Hurd","Southeastern Baptist College Chargers",54.3572166666667
"Zamareya Jones","NC State Wolfpack",54.3564833333333
"Blessing Okoh","Winthrop Eagles",54.3556000000001
"Sydni Morris","Clarke University Pride",54.3321833333333
"Makayla Raines","Southern Wesleyan Warriors",54.3316333333334
"Kailey Kalet","Loyola Maryland Greyhounds",54.3137
"Lish Spoonhunter","Haskell Jayhawks",54.2985
"Anasia Staton","Towson Tigers",54.2915
"Da'naijah Williams","Norfolk State Spartans",54.2906
"Ariana Kupi","Adelphi Panthers",54.2872166666667
"Marie Outlay","Roosevelt Lakers",54.2872
"Jaelyn Talley","North Texas Mean Green",54.27915
"Chanelle McDonald","Bethune-Cookman Wildcats",54.27515
"Kaci Chairs","Prairie View A&M Lady Panthers",54.2708
"Grace Oliver","Colorado Buffaloes",54.2669
"Lillian Null","Goshen Maple Leafs",54.26575
"Brooklyn Stewart","Brescia Bearcats",54.2604333333333
"Anna Rescifina","American University Eagles",54.2561333333333
"Whitney Lind","Lehigh Mountain Hawks",54.2475333333334
"Irene Asensio","UTEP Miners",54.2445500000001
"Jaliyah Green","Villanova Wildcats",54.2384
"Adria Lincoln","Montana Lady Griz",54.2378166666667
"Alexis Gie","Dillard Blue Devils",54.2146666666667
"Madison Cockrell","Incarnate Word Cardinals",54.2144666666667
"Chloe Van Zeeland","UW-Parkside Rangers",54.2059166666667
"Cadence Dykstra","Toledo Rockets",54.2048666666667
"Sarah Miller","Pennsylvania Quakers",54.2004833333333
"Amirah Abdur-Rahim","Texas A&M Aggies",54.1922166666667
"Emerita Mashaire","Pepperdine Waves",54.1772666666667
"Kyla Davis","McNeese Cowgirls",54.1761666666667
"Kalissa Lacy","Northern Kentucky Norse",54.1711833333333
"Mimi Rubino","Bryant Bulldogs",54.16895
"Amelia Scharpf","UC Irvine Anteaters",54.1527166666667
"Kenzie Matulonis","New Hampshire Wildcats",54.1448166666667
"Sydnee Kemp","Sam Houston Bearkats",54.1302666666667
"Jordan Wood","Duke Blue Devils",54.1153833333333
"Ellie Reynolds","Colorado-Colorado Springs Mountain Lions",54.10905
"Irune Orio","Xavier Musketeers",54.0949166666667
"Maria Myklebust","Florida Atlantic Owls",54.0872
"Molly Lavin","Drexel Dragons",54.0821
"Oyindamola Akinbolawa","Auburn Tigers",54.07155
"Grace Koepke","American University Eagles",54.0498
"Taylor Stremlow","Iowa Hawkeyes",54.02095
"Sofia Bell","Oregon Ducks",54.0144333333334
"Jacqueline Aguilar","Bethesda University Flames",54.00385
"Jana Falsdottir","Cal State Fullerton Titans",53.99715
"Carla Viegas","Florida State Seminoles",53.9945833333333
"Petra Bozan","Nebraska Cornhuskers",53.9891
"Lyric Johnson","Eastern Illinois Panthers",53.976
"Kenza Salgues","Florida Gators",53.9523666666667
"Jala Bannerman","Morgan State Lady Bears",53.9449666666667
"Ciniya Moore","Yale Bulldogs",53.93375
"Crystal Smith","Texas State Bobcats",53.9335833333334
"Karrin Purchas","Virginia-Lynchburg Dragons",53.9025666666667
"Charlotte Abraham","Washington State Cougars",53.89865
"Alonya Waldon","Samford Bulldogs",53.8644833333334
"Kaylee Bennett","Arlington Baptist Patriots",53.8595333333334
"Zariah Davis","Wesleyan College (GA) Wolves",53.8265
"Ariana Seawell","Buffalo Bulls",53.8252833333333
"Sydney Thomas","Louisiana Tech Lady Techsters",53.8164166666667
"Alana Rouser","Florida Atlantic Owls",53.7928
"Gracie Rankosky","Walsh Cavaliers",53.7778333333333
"Karsyn Norman","Butler Bulldogs",53.7725666666667
"Malaya Jones","Nicholls Colonels",53.7624
"Arianna Mosley","Grambling Lady Tigers",53.7580666666667
"Julianna Walker","Seattle U Redhawks",53.74465
"Katie Krupa","Harvard Crimson",53.7344333333333
"Tyana Walker","Howard Bison",53.7238833333334
"Taliyah Hayes","Dakota Wesleyan Tigers",53.7226166666667
"Maddy Westbeld","Notre Dame Fighting Irish",53.7184500000001
"Laurel Rockwood","UC Santa Barbara Gauchos",53.7164666666667
"Madelyn Brown","Saint Martin's Saints",53.71085
"Leah Barringer","Lees-McRae Bobcats",53.7088923076923
"Alliance Ndiba","Cincinnati Bearcats",53.6978166666667
"Natalie Edmonson","Hendrix College Warriors",53.6892166666667
"Logan Lewis","IU Indianapolis Jaguars",53.6891166666667
"Jhaid Westbrook","Johnson C Smith Golden Bulls",53.6758666666667
"Brittany Harshaw","Kansas Jayhawks",53.6712333333334
"Aaryn Battle","Pittsburgh Panthers",53.6705833333334
"Darrione Rogers","Miami Hurricanes",53.66085
"Kate Hillyer","William Jewell Cardinals",53.658
"Kaliah Kendrick","Southern Wesleyan Warriors",53.6534666666667
"Eliza Maupin","Kansas State Wildcats",53.6487333333334
"Kyra Long","Miles Golden Bears",53.6286833333334
"Lee Lee Willis","Kennesaw State Owls",53.6268166666667
"Jailah Pineda","Old Westbury Panthers",53.6254666666667
"Cheyanne Kemp","Central Arkansas Sugar Bears",53.6155833333333
"Caitie Gingras","Cal State Bakersfield Roadrunners",53.5925166666666
"Elyza Mitchell","Colby-Sawyer Chargers",53.58755
"Aminata Tal","Presbyterian Blue Hose",53.56255
"Brianna Turnage","Florida State Seminoles",53.5583666666666
"Kennedy Sanders","Colorado Buffaloes",53.5559833333334
"Jariyah Williamson","Southeast Missouri State Redhawks",53.5478833333334
"Tiara Bellamy","UMBC Retrievers",53.5395
"Takiyah Goff","Tennessee Southern Firehawks",53.5331333333333
"Danielle Vuletich","Robert Morris Colonials",53.5318833333333
"Momo LaClair","Massachusetts Minutewomen",53.5091500000001
"Ellizabeth Reed","Culver-Stockton Wildcats",53.4959333333334
"Kyra Tanabe","Chadron State Eagles",53.4929
"Makenna Grillone","Colby-Sawyer Chargers",53.4920833333334
"Kennedy Eskelson","Weber State Wildcats",53.4741166666667
"Nadia Howard","South Alabama Jaguars",53.4603666666667
"Aleah James","Maryland Eastern Shore Hawks",53.4601166666667
"Aya Keita","San Francisco Dons",53.4472166666667
"Fiona Connolly","Valparaiso Beacons",53.4432166666667
"Carla Celaya","Northwestern State Lady Demons",53.4417833333334
"Molly Driscoll","American University Eagles",53.43045
"Madison Butcher","Sacramento State Hornets",53.4293666666667
"Jaedyn Jamison","Mount St. Mary's Mountaineers",53.4285833333333
"Ahnay Adams","Miami Hurricanes",53.4197500000001
"Taylor Jackson","Oklahoma Christian University Eagles",53.40665
"Riley Montagner","Lake Erie Storm",53.3997499999999
"Averi Aaron","Louisiana Tech Lady Techsters",53.3948833333333
"Claire Stern","North Dakota State Bison",53.3904
"Sabrina Larsson","Hofstra Pride",53.3852666666667
"Klea Kaci","Wagner Seahawks",53.3816666666667
"Madison Clay","Howard Payne Yellow Jackets",53.38
"Kaila Berry","Fordham Rams",53.3762833333333
"Eden Sample","Jacksonville State Gamecocks",53.3746
"Akiyonna Joiner","Clinton College Golden Bears",53.3513
"Mary Copple","Canisius Golden Griffins",53.34395
"Myona Dauphinas","Haskell Jayhawks",53.3421666666667
"Mariah Clayton","Old Dominion Monarchs",53.3287166666667
"Tyranny Brown","Southern Illinois Salukis",53.3259
"Empress Roberts","Arkansas-Pine Bluff Golden Lions",53.3221
"Paige Cofer","Utah Tech Trailblazers",53.2982666666667
"Nathalie Santana","Wesleyan College (GA) Wolves",53.2943166666666
"Yvonne Forman","Jarvis Christian Bulldogs",53.28495
"Ana Oliveira Dias","Kansas City Roos",53.2776
"Sydney Woodley","West Virginia Mountaineers",53.2464000000001
"Anna Conza","Oglethorpe Stormy Petrels",53.24265
"Laine McGurk","Drexel Dragons",53.2289666666667
"Jillian Hollingshead","Tennessee Lady Volunteers",53.2183333333333
"Selene Romero","Bethesda University Flames",53.2056833333333
"Gigi Waddell","Texas A&M-Texarkana Eagles",53.1854
"Fantasia James","Florida International Panthers",53.1806166666667
"Mekayla Lumpkin","South Carolina State Lady Bulldogs",53.1792
"Jayda Noble","California Golden Bears",53.1771833333334
"Skylah Travis","Louisiana Ragin' Cajuns",53.1723666666667
"Kyren Wilson","Southern-New Orleans Knights",53.1681833333333
"Erin Condron","UC San Diego Tritons",53.1571166666667
"Kelsey Langston","Cornell Big Red",53.1529833333334
"Taniya Lawson","Southern Jaguars",53.1515666666667
"Olivia Hixson","Westminster (MO) Blue Jays",53.1462166666667
"Ines Piper","South Florida Bulls",53.1417833333334
"Lauren McCall","San Diego Toreros",53.1393
"Rebekah Frisby-Smith","William & Mary Tribe",53.1369833333334
"Kati Ollilainen","Wyoming Cowgirls",53.1368
"Mya Robinson","Fisk Bulldogs",53.1327666666666
"Ana Pinheiro","Idaho Vandals",53.1303166666667
"Mia Broom","Columbia Lions",53.1035333333334
"Amyia Bowie","St. Thomas (TX) Celts",53.0893833333334
"Jovi Lefotu","Hawai'i Rainbow Wahine",53.0787500000001
"Taj Hunter","Western Carolina Catamounts",53.0540166666666
"Alayna Rocco","Harvard Crimson",53.0528166666667
"Phoenix Stotijn","Arkansas Razorbacks",53.04775
"Nariyah Simmons","Austin Peay Governors",53.032
"Olivia Allen","Delta State Statesmen",53.0170833333333
"Aminah Hall","Bellevue University Bruins",53.0166666666667
"Erica King","Youngstown State Penguins",53.0146666666667
"Victoria Baker","UC Davis Aggies",53.0060833333334
"Mia Haynes","Worcester State Lancers",52.9990999999999
"Malia Bullock","Bryn Athyn Lions",52.9952166666667
"Brooke Kleinig","St. Mary's (TX) Rattlers",52.9811333333333
"Coral Mason","South Dakota Coyotes",52.9806833333333
"Imari Berry","Louisville Cardinals",52.9758500000001
"Cory Santoro","Canisius Golden Griffins",52.9745
"Chana Paxixe","High Point Panthers",52.96595
"Justina Graham","Alabama State Lady Hornets",52.9610333333334
"KB Hadley","Siena Saints",52.9600833333334
"Mya Brown","Buffalo State Bengals",52.94545
"Joy Haltom","Portland State Vikings",52.9233
"Lindsey Knuth","Wisconsin-La Crosse Eagles",52.91415
"Dianna Blake","North Carolina Central Eagles",52.9103666666667
"Dekezia Moore","Oakwood Ambassadors",52.9010166666667
"Mattie Dale","Central Christian College Tigers",52.9008833333334
"Amari Faust","Hood College Blaze",52.8851
"Ava Card","Chattanooga Mocs",52.8844833333333
"Hayden Wilkins","Colby-Sawyer Chargers",52.8477333333333
"Hadleigh Dill","Campbell Fighting Camels",52.8427666666667
"Jayda Wood","Berry Vikings",52.7741666666667
"Ania Martinez","Bloomfield Deacons",52.7690833333333
"Taliyah Parker","Texas A&M Aggies",52.7508
"Kylie Buckley","Oakland Golden Grizzlies",52.7442333333334
"Becca Ledford","West Georgia Wolves",52.7226166666667
"Olivia Bradley","UC Santa Barbara Gauchos",52.70445
"Julia Cruz","Life Pacific Warriors",52.6977666666667
"Airah Lavy","St. Francis (PA) Red Flash",52.6967833333333
"Briahna Scott","Guilford Quakers",52.6896666666667
"Synia Johnson","East Carolina Pirates",52.687
"Kendalyn Dixon","Meredith College Avenging Angels",52.6811000000001
"Ana Conde","Siena Saints",52.67335
"Jordyn Beaty","Buffalo Bulls",52.6655166666667
"Neenah George","Northern Colorado Bears",52.65495
"Carleigh Perry","Guilford Quakers",52.6536666666667
"Nayo Lear","Dayton Flyers",52.6414333333334
"Niki Van Wyk","Tarleton State Texans",52.64045
"Rose Nelson","Fordham Rams",52.6284
"Zawadi Ogot","Loyola Marymount Lions",52.6040666666667
"Azaria Knox","Dillard Blue Devils",52.5889333333334
"Alex Pirog","Montana Lady Griz",52.5793
"Gigi Bower","Ohio Bobcats",52.5625833333334
"Lauren Audino","Western Michigan Broncos",52.53985
"Hannah Richardson","St. Bonaventure Bonnies",52.5325666666667
"Ianna Odulaja","Erskine Flying Fleet",52.53015
"Brianna Byars","Cincinnati Bearcats",52.5193333333333
"Tatiana Newsome","Jessup University Warriors",52.5192166666667
"Lainey Spear","Portland Pilots",52.5114000000001
"Jayden McBride","Georgetown Hoyas",52.5082833333334
"Sydney Graber","Purdue Fort Wayne Mastodons",52.4991166666667
"Gabriela Falcao","UAlbany Great Danes",52.4937
"Aria Myers","NJIT Highlanders",52.4848833333333
"Ally Stedman","UCF Knights",52.4780333333334
"Kaylan Lockett","Champion Christian Tigers",52.4776333333333
"Paige Vanstee","Grand Valley State Lakers",52.4758333333333
"Ke'iara Odume","Yale Bulldogs",52.4750333333333
"Queen Ruffin","Indiana State Sycamores",52.4699166666667
"Taisiya Kozlova","Seattle U Redhawks",52.4438166666667
"Peyton Ilderton","Marshall Thundering Herd",52.4341166666667
"Kailee McDonald","Fairleigh Dickinson Knights",52.4312833333334
"Taeya Steinauer","Purdue Fort Wayne Mastodons",52.4023333333334
"Victoria Dixon","Houston Christian Huskies",52.3974833333333
"Clemisha Prackett","Mississippi Valley State Devilettes",52.3972333333333
"Emilee Fox","South Dakota State Jackrabbits",52.3745666666667
"Saharra Murphy","Illinois-Springfield Prairie Stars",52.3704833333333
"Boston Berry","McNeese Cowgirls",52.3689333333333
"Kyra Lawrence","Delaware State Hornets",52.3684166666667
"Ines Monteagudo Pardo","Boston University Terriers",52.3669166666667
"Regan Hubert","Cedarville Yellow Jackets",52.3534833333334
"Julia Thoms","Jamestown Jimmies",52.3493333333333
"Miraya Perkins","UT Arlington Mavericks",52.3388166666667
"Sanna Strom","Colorado State Rams",52.3317
"JaMya Robinson","Longwood Lancers",52.3199666666667
"Erica Moon","Texas A&M Aggies",52.3149333333334
"Audrey Norville","Black Hills State Yellow Jackets",52.3032
"Chloe Chard Peloquin","Wright State Raiders",52.2920333333334
"Melissa Secchiaroli","Cal State Bakersfield Roadrunners",52.2848166666667
"Ari Wiggins","Butler Bulldogs",52.2767166666667
"Bella LaChance","Furman Paladins",52.2715166666667
"Frida Formann","Colorado Buffaloes",52.2688666666667
"Jordan Grenn-Wallace","Walla Walla Wolves",52.252219047619
"Mia Rivers","Abilene Christian Wildcats",52.2514333333333
"Yasmine Brown","Chowan Hawks",52.24715
"Brionna Sims","Life University Running Eagles",52.2249666666667
"Hannah Wallace","Saint Louis Billikens",52.2222666666667
"Karley Johnson","Arkansas Razorbacks",52.2020833333333
"Miriley Simon","North Dakota State Bison",52.20085
"Sille-Liis Molder","UMass Lowell River Hawks",52.1926333333333
"Malea Williams","Florida State Seminoles",52.15805
"Anna Hamilton","Northern Kentucky Norse",52.1573666666667
"Shaniah Nunn","Grambling Lady Tigers",52.1414166666667
"Cora Olsen","Omaha Mavericks",52.1355833333334
"Nevaeh Otis","Niagara Purple Eagles",52.1275333333333
"Hailey Hohenecker","Chicago State Cougars",52.1270166666667
"Makenna Yeager","Illinois-Springfield Prairie Stars",52.1267833333333
"Chloe Vasquez","Iona Gaels",52.11645
"Paula Lopez","Buffalo Bulls",52.1156333333334
"Edie Clarke","Saint Mary's Gaels",52.1118
"Cyriah Griffin","VCU Rams",52.0791666666667
"Kiley Bundy","Keene State Owls",52.0667863636363
"Lauryn Goettl","Viterbo V-Hawks",52.0658833333334
"Shomari Phillips","Bethune-Cookman Wildcats",52.0602333333333
"Avari Berry","SE Louisiana Lady Lions",52.0531
"Alahna Paige","Florida Gulf Coast Eagles",52.0363666666666
"Emma Kate Tittle","North Alabama Lions",52.0122666666667
"Maddy McDaniel","South Carolina Gamecocks",52.0037055555555
"Ava Schmidt","Northern Arizona Lumberjacks",51.9842
"Natalia Chavez","Abilene Christian Wildcats",51.9826666666667
"Princess Anderson","Wichita State Shockers",51.9730023809524
"Sydney Steward","Faulkner Eagles",51.9456166666667
"Mylee Graham","Utah Tech Trailblazers",51.9392333333333
"Bri McDaniel","Maryland Terrapins",51.9296166666667
"Phoebe Frentzel","St. Thomas-Minnesota Tommies",51.9294666666667
"Amina Kameric","UMass Lowell River Hawks",51.9270333333333
"Laia Monclova","Denver Pioneers",51.8950833333333
"Kyra Price","Southern Wesleyan Warriors",51.8735333333333
"Gwen Jenkins","South Carolina Upstate Spartans",51.8726333333333
"Alexsyah Goudeau","UT Arlington Mavericks",51.8639
"Trista Fayta","Illinois State Redbirds",51.82815
"Saniaa Wilson","Syracuse Orange",51.8100333333334
"Kuryn Brunson","Morehead State Eagles",51.8029833333334
"Lauren Pete","UNT Dallas Trailblazers",51.79965
"Elena Bertrand","Lipscomb Bisons",51.7965166666667
"Justice Carlton","Texas Longhorns",51.7851166666667
"Cristina Sanchez Cerqueira","Arkansas Razorbacks",51.7843833333333
"Tyla Heard","Oral Roberts Golden Eagles",51.7517166666667
"Paris Gaines","Georgia Southern Eagles",51.7428166666667
"Tamesha Dozier","Evansville Purple Aces",51.7357166666667
"Jalynn Bristow","Texas Tech Lady Raiders",51.7295333333334
"Dakota Nap","Weber State Wildcats",51.7252166666667
"Alaila Walker","Lincoln (PA) Lions",51.7175166666667
"Ava Miller","South Carolina Upstate Spartans",51.7086833333333
"Nicole Willardson","Utah Tech Trailblazers",51.7049
"Samara Swire","Harris-Stowe State Hornets",51.7014363636363
"Meghan Huerter","UAlbany Great Danes",51.7003666666667
"Janiah Hinton","South Carolina State Lady Bulldogs",51.69945
"Kayla White","Bethune-Cookman Wildcats",51.6693166666667
"Future Asevedo","LeTourneau Yellow Jackets",51.6659666666667
"Jameelah Pharms","Cal Maritime Keelhaulers",51.6519
"Rhyan Harris","Emory & Henry Wasps",51.6330166666667
"Paige Lyons","East Tennessee State Bucs",51.61185
"Jatayah Bryant","Wesleyan College (GA) Wolves",51.6023
"Anela Thomas","Texas Southern Tigers",51.5966833333334
"Kahliya Gaitor","Webber International Warriors",51.5852833333333
"Jordyn DeVaughn","Air Force Falcons",51.5697166666667
"Ashanti Backus","Alcorn State Lady Braves",51.5609
"Samora Watson","Texas A&M-Corpus Christi Islanders",51.5478166666667
"Keziyah Sanders","Erskine Flying Fleet",51.5428166666667
"Sofia Kelemeni","San José State Spartans",51.5392
"Gisela Sanchez","Kansas State Wildcats",51.5247333333334
"Jada Morgan","South Carolina State Lady Bulldogs",51.5241833333334
"Cici Ellington","Portland State Vikings",51.52045
"Lizzy Kellam","Southwestern University Pirates",51.5165023809524
"Grace Pack","Western Carolina Catamounts",51.4796833333334
"Alexa Kinas","Loyola Chicago Ramblers",51.4718833333334
"Kaiden Kreinhagen","Evansville Purple Aces",51.4520833333334
"Destiny Thomas","Murray State Racers",51.4512166666667
"Brooke Barnes","Delaware State Hornets",51.44575
"Valentina Saric","Jacksonville State Gamecocks",51.4211833333333
"Allison Haslam","Walla Walla Wolves",51.39425
"Autumn Moore","Nelson Lions",51.3903023809524
"Janiya Jones","Mississippi Valley State Devilettes",51.3825000000001
"Mia Yanogacio","Le Moyne Dolphins",51.3692333333333
"Sofia Hernandez","Puerto Rico-Mayaguez Bulldogs",51.3625166666667
"Marley Mueller","Rensselaer Engineers",51.3572
"Logan Luebbers Palmer","Evansville Purple Aces",51.3557333333334
"Cassidy Carson","South Dakota Coyotes",51.3379333333334
"Zara Dumatol","Simpson University (CA) Red Hawks",51.3257190476191
"Braxcynn Baker","Murray State Racers",51.3206333333334
"Alisa Williams","Iowa State Cyclones",51.3167666666667
"Zaria Johnson","Grambling Lady Tigers",51.3154666666667
"Sophia Tougas","Charleston Cougars",51.3139666666667
"Allasia Washington","SE Louisiana Lady Lions",51.3132666666667
"Moriah Prewitt","William Jewell Cardinals",51.3023666666667
"Brinley Hagemeier","Eastern Oregon Mountaineers",51.2888166666667
"Jamy De Kock","East Texas A&M Lions",51.28245
"Teryn Gardner","Boise State Broncos",51.2611166666667
"Deb Orianegbena","UNC Asheville Bulldogs",51.2561
"Kiyah Hatcher","Park University Gilbert Buccaneers",51.2493333333333
"Kamryn Doty","Elon Phoenix",51.2468500000001
"Niveya Henley","Furman Paladins",51.2387333333333
"Taylor Wilson","Army Black Knights",51.2039
"Magda Freire","Queens University Royals",51.1837
"Shaquice May","Jacksonville State Gamecocks",51.17035
"Bruna Anguera","Texas A&M-Corpus Christi Islanders",51.1585666666667
"Dunja Zecevic","UTEP Miners",51.1566
"Ashley Gray","Alabama State Lady Hornets",51.1315166666666
"Blake Barbee","Warner Pacific Knights",51.1078666666666
"Marisa Gant","Chicago State Cougars",51.1065166666666
"Lexus Bargesser","Indiana Hoosiers",51.09415
"Morning Grace Spotted Bear","South Dakota Mines Hardrockers",51.09005
"Nene Ndiaye","Boston College Eagles",51.0862166666667
"Makenzie Bremer","UVA Wise Cavaliers",51.0857023809524
"Kyndall Hunter","Texas A&M Aggies",51.0575666666667
"Lisa Thompson","Rutgers Scarlet Knights",51.0480000000001
"Alyssa Moreland","Brown Bears",51.0416833333334
"Nayli Padilla","New Mexico Lobos",51.0387833333334
"Kylie Marshall","SMU Mustangs",51.0373500000001
"Filippa Goula","Cleveland State Vikings",51.019
"Angie Juste-Jean","South Carolina State Lady Bulldogs",51.0174357142857
"Shay Ijiwoye","Stanford Cardinal",51.0154
"Jaeda Whitner","Texas A&M-Corpus Christi Islanders",51.0115833333333
"Sonia Sato","Presbyterian Blue Hose",51.0089333333333
"Ella Brown","Indiana-Southeast Grenadiers",51.00405
"Cheyenne Forney","Cal State Bakersfield Roadrunners",50.9916166666667
"Kailyn Watkins","Alcorn State Lady Braves",50.9876333333334
"Kayla Pope","Clinton College Golden Bears",50.9620333333333
"Sanaa Tripp","Belmont Bruins",50.9308
"Mackenly Randolph","Louisville Cardinals",50.92415
"Megan Oswald","Jamestown Jimmies",50.8892833333334
"Makenzie Covey","LeTourneau Yellow Jackets",50.8813833333333
"Zoey Gore","Warren Wilson Owls",50.8635333333334
"Mor Shabtai","Valparaiso Beacons",50.8582166666667
"Abby Liber","Youngstown State Penguins",50.8460166666666
"Kaitlyn Orihel","Villanova Wildcats",50.8334
"Faith Walker","Duquesne Dukes",50.8288833333334
"Indiya Bowen","Southeast Missouri State Redhawks",50.8204
"Faith Feuerbach","St. Thomas-Minnesota Tommies",50.7595833333333
"Talia Zurinskas","Lafayette Leopards",50.7594833333333
"Ally Fitzgerald","UC Davis Aggies",50.7525166666667
"Rylie Ottmann","Colorado-Colorado Springs Mountain Lions",50.7515
"Laini Dahlin","Cal State Northridge Matadors",50.7463
"Nyla Walker","Gardner-Webb Runnin' Bulldogs",50.7430333333334
"Macie James","UNLV Lady Rebels",50.7374166666667
"Raven Addison","King (TN) Tornado",50.7254833333333
"Alonna Sellers","Central Connecticut Blue Devils",50.7153666666667
"Mailyn Wilkerson","Alabama A&M Bulldogs",50.7014166666667
"Jaz Novelli","Cal Maritime Keelhaulers",50.7001190476191
"Savannah Cook","Montevallo Falcons",50.6890357142857
"Brooke Murrell","Denver Pioneers",50.6866
"Skyler Furr","Guilford Quakers",50.6692690476191
"Helena Friend","Pepperdine Waves",50.65435
"Vanessa de Jesus","Duke Blue Devils",50.6284666666667
"Ashlyn Watkins","South Carolina Gamecocks",50.6067666666667
"Trayanna Crisp","North Carolina Tar Heels",50.6029833333334
"Alana Powell","Omaha Mavericks",50.6020333333333
"Isis Fitch","UNC Wilmington Seahawks",50.5875
"Khloe Vaughn","Life University Running Eagles",50.5672999999999
"Megan Wagner","Western Michigan Broncos",50.5626666666667
"Kaylani Polk","UC Riverside Highlanders",50.5624666666667
"Messiah Hunter","Seton Hall Pirates",50.5623333333334
"Kendall Moriarty","Nebraska Cornhuskers",50.54935
"Jade Goynes","Western New Mexico Mustangs",50.5468833333334
"Sanaiya Edmond","Virginia-Lynchburg Dragons",50.5412
"Maya Chocano","UC Riverside Highlanders",50.5337333333333
"Anna Mooney","College of Idaho Yotes",50.5143833333333
"Kyra Taylor","Sul Ross State Lobos",50.5125
"Jazlen Green","San Diego State Aztecs",50.5097666666667
"Talaiyah Andrews","Texas A&M-San Antonio Jaguars",50.4913642857143
"Alyssa Jimenez","Richmond Spiders",50.4848166666667
"Gracie Barnes","South Carolina Upstate Spartans",50.45305
"Aaliyah Moore","Texas Longhorns",50.4507166666667
"Calista Arzaga","Life Pacific Warriors",50.44025
"Lily Krahn","Wisconsin Badgers",50.4386666666667
"D'Myjah Bolds","Western Michigan Broncos",50.4382833333334
"Janelisse Marrero","Florida National Conquistadors",50.4347022988506
"Lexi Salazar","American University Eagles",50.4207
"Ahmiah Jordan","Bluefield University Ramblin' Rams",50.4108666666666
"Tierney Kelsey","Jackson State Lady Tigers",50.4031833333334
"Madi Gewirtz","New Mexico State Aggies",50.3801166666667
"Halle Wright","Idaho State Bengals",50.3789333333334
"Reagan Chigas","Westminster (MO) Blue Jays",50.3715357142857
"Sa'Nya Green","Arlington Baptist Patriots",50.3658166666667
"Jailyn Martinson","Jamestown Jimmies",50.3492523809524
"Serenity Echols","Mississippi Valley State Devilettes",50.3452666666667
"Zikeyah Carter","Florida A&M Rattlers",50.3128
"Dalanna Carter","Coastal Carolina Chanticleers",50.3019000000001
"Jordan Green-Wallace","Walla Walla Wolves",50.2782333333334
"Nicole Leff","Texas State Bobcats",50.2763666666667
"Shawna Robinson","Jarvis Christian Bulldogs",50.2742666666667
"Tasia Johnson","UNC Greensboro Spartans",50.2550666666667
"Alexsia Rose","Minnesota Golden Gophers",50.2269166666667
"Rosa Revueltas Pareja","Mount St. Mary's Mountaineers",50.2183500000001
"Kaiden Glenn","Long Island University Sharks",50.20875
"Mya Zaccagnini","Iona Gaels",50.1921333333334
"Kendall Dudley","UCLA Bruins",50.1786333333333
"Maddy Tauro","Cal State Fullerton Titans",50.1598500000001
"McKinley Dickerson","Wyoming Cowgirls",50.1544500000001
"Gizelle Carreto","Westminster (MO) Blue Jays",50.1456333333334
"Madison Huhn","UT Rio Grande Valley Vaqueros",50.14515
"Tyra Kennedy","Hampton Lady Pirates",50.1269
"Lauren Glazier","Pacific Tigers",50.1246
"Sydney Boone","Delaware Blue Hens",50.1201
"Kadence Stoner","Maryville College (TN) Fighting Scots",50.11075
"Mahogany Chandler-Roberts","UCF Knights",50.1018333333333
"Nadia Moore","Duquesne Dukes",50.0899166666667
"Sydney Burris","UNC Asheville Bulldogs",50.0690833333334
"Kya Bradshaw","Schreiner Mountaineers",50.0615666666666
"Malia Samuels","USC Trojans",50.0537
"Layken Cox","Memphis Tigers",50.0536333333334
"Journey Hildebrand","Kent State Golden Flashes",50.0360666666667
"Danika Galea","Arkansas Razorbacks",50.01605
"Breelyn Robinson","Colorado-Colorado Springs Mountain Lions",50.0110696969697
"Sophie Bussard","Southeast Missouri State Redhawks",50.0052499999999
"Evyn Carrier","Western Michigan Broncos",50.0019
"Damara Allen","UTSA Roadrunners",49.97785
"Adeang Ring","UCF Knights",49.9772
"Amaris Betts","Cedarville Yellow Jackets",49.9514333333333
"Anna Kunzwiler","Bucknell Bison",49.9419
"Jada Wynn","Texas Tech Lady Raiders",49.9219
"Irene Fernandez de Caleya","Wagner Seahawks",49.9167
"Emma Bruwer","Kentucky Wesleyan Panthers",49.9160666666667
"Nika Lokica","Idaho State Bengals",49.9150833333334
"Mikaela Parris","Mississippi Valley State Devilettes",49.91315
"Sierra Chambers","Southern Utah Thunderbirds",49.9018666666667
"Summer Davis","Georgia Lady Bulldogs",49.9003833333334
"Anna Ostlie","Grand Canyon Lopes",49.8922
"Caitlyn Rayl","Cleary University Cougars",49.8251333333333
"Bella Toomey","Fairleigh Dickinson Knights",49.78065
"Heaven Samayoa-Mathis","UTEP Miners",49.7734
"Emma Imevbore","Troy Trojans",49.7728666666667
"Darrionna Howard","North Carolina A&T Aggies",49.7455833333334
"Marija Markovic","Georgian Court University Lions",49.7372833333334
"Hannah Cleveland","Sewanee Tigers",49.7304333333334
"Delaney Snyder","Cincinnati Bearcats",49.7243333333333
"Kennedi Jackson","Boston College Eagles",49.7125
"Bree Salenbien","Gonzaga Bulldogs",49.7122333333334
"Christin Callens","St. Mary's (TX) Rattlers",49.6818023809524
"Sarah Thompson","King (TN) Tornado",49.6681166666667
"Elana Weisman","Bucknell Bison",49.6497
"Gentry Baldwin","Oral Roberts Golden Eagles",49.6344666666667
"Tia Harvey","Alabama A&M Bulldogs",49.6264333333333
"Molly Manion","Merrimack Warriors",49.6230423076923
"Keiryn McGuff","Bowling Green Falcons",49.61865
"Brooke Wilson","Army Black Knights",49.597
"Meghan Casey","Binghamton Bearcats",49.5865888888889
"Asjah Inniss","App State Mountaineers",49.5803166666667
"Jackie Wright","Davis & Elkins Senators",49.56565
"Ty'Renisha Bowers","La Salle Explorers",49.5598333333334
"Jada Patton","IU Indianapolis Jaguars",49.5468500000001
"Alaina Payne","Little Rock Trojans",49.5396166666667
"Jasmine Peaks","Wichita State Shockers",49.5377333333333
"Blanca Thomas","North Carolina Tar Heels",49.5067333333334
"Arielle-Vadrelle Belinga","Coppin State Eagles",49.50305
"Layla Davis","Cal State Fullerton Titans",49.4801666666667
"Aniya Palmer","Alabama A&M Bulldogs",49.47595
"Kerith Renihan","Ohio Christian Trailblazers",49.46705
"Mauriana Hashemian-Orr","Saint Mary's Gaels",49.4638666666667
"Silvia Gonzalez","Bryant Bulldogs",49.4626
"Ramie Reid","Montevallo Falcons",49.4620666666667
"Mia Curtis","Santa Clara Broncos",49.45095
"Kristyna Jeskeova","Grand Canyon Lopes",49.4404833333333
"Emily Jones","Morgan State Lady Bears",49.43795
"Molly O'Riordan","Dayton Flyers",49.43545
"Jillian Torres","Our Lady Of The Lake Saints",49.4344
"Destine Duckworth","Central Arkansas Sugar Bears",49.4299333333334
"Karyn Sanford","Tarleton State Texans",49.4239666666667
"Brecken Snotherly","East Tennessee State Bucs",49.40845
"Olivia Lambrigtsen","Viterbo V-Hawks",49.4076500000001
"Imani Ivery","St. Mary's (TX) Rattlers",49.3987
"Dani McTeer","Coppin State Eagles",49.3977
"Grace Kingery","Ball State Cardinals",49.3906
"Kristin Sterling","Bowie State Bulldogs",49.3850166666667
"Adara Groman","South Dakota Coyotes",49.3776333333333
"Jordyn Merritt","Texas Tech Lady Raiders",49.3726166666667
"Danni Scully","Ohio Bobcats",49.3530833333333
"Kaili Chamberlin","SE Louisiana Lady Lions",49.34945
"Lamya Alexander","Arlington Baptist Patriots",49.3475333333334
"Chloe Oliver","Stony Brook Seawolves",49.3385166666666
"Meghan Murray","Kent State Golden Flashes",49.3226333333333
"Erin Houpt","San Diego State Aztecs",49.3218333333334
"Jami Hill","Charleston Cougars",49.3009
"Jade Campbell","St. Francis (PA) Red Flash",49.2877333333334
"Daejah Phillips","Hawai'i Rainbow Wahine",49.2854333333334
"Ana Beatriz Passos Alves da Silva","Idaho Vandals",49.2773833333334
"Jordan Hunter","Auburn Tigers",49.2622333333333
"Izzy Pugh","Milwaukee Panthers",49.2508166666667
"Kortney Doman","Southern Utah Thunderbirds",49.2492166666667
"Leyocha Marigney","Marshall Thundering Herd",49.2285666666667
"Taylor Cullinan","Kennesaw State Owls",49.2073333333334
"Jaci Bolden","Longwood Lancers",49.20375
"Katie Burton","Detroit Mercy Titans",49.2018333333333
"Jordan Peete","Charlotte 49ers",49.1812833333334
"Anna Badosa","Liberty Flames",49.1726333333334
"Kourtney Rittenberry","Alabama A&M Bulldogs",49.1382
"Sky Castro","Southern Jaguars",49.1338
"Belle Bramer","Lehigh Mountain Hawks",49.1331166666667
"Macy Chapman","Ohio Dominican Panthers",49.10455
"Lizzie Holder","Navy Midshipmen",49.09355
"Siobhan Ryan","Georgetown Hoyas",49.0571833333333
"Alexandria Warren","Winston-Salem Rams",49.0367245210728
"Kayla Morris","Towson Tigers",49.0223833333334
"McCall King","UNC Wilmington Seahawks",49.017
"Micaela Carter","Hofstra Pride",49.0102333333333
"Uriah Jennings","Arkansas-Pine Bluff Golden Lions",49.0028333333334
"Cori Lard","Miami (OH) RedHawks",48.9911
"Alyssa Nielsen","Lindenwood Lions",48.9747000000001
"Hannah Humphrey","East Texas A&M Lions",48.9643833333333
"Norah Clark","UT Martin Skyhawks",48.9586666666667
"Lyla Kahrimanovic","McNeese Cowgirls",48.947
"Paris Kirk","Eastern Washington Eagles",48.9305666666667
"Nicole Carreno","North Florida Ospreys",48.9283166666667
"Sanaa' St. Andre","Tennessee State Lady Tigers",48.91965
"Lara Langermann","New Mexico Lobos",48.9152833333333
"Eve Alexander","Florida A&M Rattlers",48.91415
"Meliah Van-Otoo","Loyola Maryland Greyhounds",48.9102166666667
"Tyonna Bailey","Charleston Southern Buccaneers",48.9047666666666
"Aaliyah Guyton","Iowa Hawkeyes",48.9021
"Sharmanye Finley","Alcorn State Lady Braves",48.9004
"Isobel Bunyan","Montana State Bobcats",48.8900333333334
"Sanaa Redmond","Rider Broncs",48.8697833333333
"Courtney Wristen","San Diego Toreros",48.81345
"Isabella Jaramillo","Our Lady Of The Lake Saints",48.7974666666667
"Arina Nikishina","Hampton Lady Pirates",48.7718
"Valeria Castro","Florida National Conquistadors",48.7594220779221
"Judit Valero Rodriguez","Florida International Panthers",48.7577333333334
"Kyra Gardner","Washington State Cougars",48.7576
"Caroline Strande","Butler Bulldogs",48.744
"Jennica Suggs","Robert Morris Colonials",48.7410666666667
"Liliani Krause","Salem University Tigers",48.7350000000001
"Jillian Huerter","Fairfield Stags",48.7348166666667
"Olivia Schmitt","Syracuse Orange",48.7343833333333
"Lauren Beach","Fairfield Stags",48.72465
"Jesslynn Jalomo","Nicholls Colonels",48.7105166666667
"Ella Karst","UVA Wise Cavaliers",48.6946666666667
"Haley Walker","DePaul Blue Demons",48.6726333333333
"Taija Sta. Maria","Fresno State Bulldogs",48.6684222222222
"Lili Booker","Longwood Lancers",48.6636666666667
"Mariah Moody","Erskine Flying Fleet",48.6626
"Faith Harris","Life Pacific Warriors",48.6451333333333
"Blake Matthews","Texas State Bobcats",48.6147
"Ale'jah Douglas","Grand Canyon Lopes",48.6061666666666
"Lovisa Asbrink Hose","Florida Atlantic Owls",48.60505
"Amelia Pfeiffer","Tennessee Tech Golden Eagles",48.6027833333333
"McKynnlie Dalan","Gonzaga Bulldogs",48.6017
"Shawnee Nordstrom","California Baptist Lancers",48.60015
"Athena Tomlinson","Boston College Eagles",48.5810166666667
"Kendall Coley","Nebraska Cornhuskers",48.5791055555555
"Briah Hampton","Southeast Missouri State Redhawks",48.54
"Teayona Hoard","Corban University Warriors",48.5322166666667
"Lucia Sotelo","VCU Rams",48.5295833333333
"Ciara Harris","Winthrop Eagles",48.5196333333333
"Nevaeh Rivera","Centenary (LA) Gentlemen",48.5172
"Sydney Lusher","New Hampshire Wildcats",48.5105166666667
"Hannah Hicks","West Georgia Wolves",48.5069333333334
"Brooke Littrell","Creighton Bluejays",48.5018833333334
"Bailey Ford","Kentucky State Thorobreds",48.48505
"Avery Simmons","Loyola Maryland Greyhounds",48.4774166666667
"Mackenzie Leahy","Brown Bears",48.4642833333333
"Sydney McLaughlin","Stonehill Skyhawks",48.4642
"Irene Rey Pineda","Canisius Golden Griffins",48.4477666666667
"Denae Skelton","Utah State Aggies",48.4475499999999
"Cheyenne Holloman","Georgia State Panthers",48.44055
"Krystal Haddock","Tennessee State Lady Tigers",48.4377166666666
"Mara Braun","Minnesota Golden Gophers",48.4372525853373
"Ciera Toomey","North Carolina Tar Heels",48.4118833333333
"Morgan Dillard","Kennesaw State Owls",48.3982500000001
"Starasia Bell-Freeman","Johnson C Smith Golden Bulls",48.37435
"Rylee Sagester","Wright State Raiders",48.3484666666667
"Jayda Mosley","Central Michigan Chippewas",48.3416
"Abbie Riddle","Wright State Raiders",48.3173166666666
"Angelica Velez","Syracuse Orange",48.3121833333333
"Bailey Williams","Northeastern Huskies",48.2996666666667
"Angela Williams","James Madison Dukes",48.2910333333333
"Lily Esparza","Denver Pioneers",48.2880833333333
"Emma Shields","Lafayette Leopards",48.2846833333334
"Ituau Tuisaula","Stephen F. Austin Ladyjacks",48.2737666666667
"Celia Riviere","West Virginia Mountaineers",48.2685833333333
"Ashley Chevalier","Houston Cougars",48.2656166666666
"Grace Ellis","Cleveland State Vikings",48.2288238095238
"Mya Wardle","Eastern Kentucky Colonels",48.2271833333333
"Sierra Dickson","Texas State Bobcats",48.2271333333334
"Jael Hall","Guilford Quakers",48.2201666666667
"Avery Sussex","UC Davis Aggies",48.21855
"Keira Scott","Syracuse Orange",48.2136333333334
"Karissa Antoine","Fordham Rams",48.2073
"Evalyse Cole","Toledo Rockets",48.1908238095238
"Monajah Ford","South Carolina State Lady Bulldogs",48.1821166666667
"Trinity Slocum","Cal State Bakersfield Roadrunners",48.1781333333334
"Ellie Gabel","Tiffin Dragons",48.1711416666667
"Peppi Lohko","Siena Saints",48.1697333333333
"Ryanne Allen","Villanova Wildcats",48.1346833333333
"Ashton Elley","UAB Blazers",48.1339499999999
"Tiana Mathis","Texas Southern Tigers",48.1240666666667
"Ayanna Franks","Rhode Island Rams",48.1228666666667
"Arene Iyekekpolor","Alcorn State Lady Braves",48.1065166666667
"Erin Rodgers","Florida Atlantic Owls",48.1058666666667
"Mjracle Sheppard","LSU Tigers",48.0819166666667
"Kaitlyn McCarn","UT Martin Skyhawks",48.0494333333333
"Orlagh Gormley","Providence Friars",48.0127166666667
"Julia Garcia Roig","Xavier Musketeers",47.99825
"Kayla Beckwith","William & Mary Tribe",47.99605
"Leonor Paisana","Winthrop Eagles",47.99595
"Ava Watson","Ohio State Buckeyes",47.9948833333333
"De'Myla Brown","Missouri Tigers",47.9866023809524
"Daniela Ciscar","St. Mary's (TX) Rattlers",47.9776488095238
"Kensley Feltner","Belmont Bruins",47.943
"Sheridan Kavanagh","St. Mary's (TX) Rattlers",47.9394857142857
"Kendal Robinson","UT Arlington Mavericks",47.9225
"Jasmine Dupree-Hebert","Oakland Golden Grizzlies",47.9174
"Alaisha Brown","Denver Pioneers",47.9147166666666
"Aili Tanke","Iowa State Cyclones",47.9011388888889
"Angelina Smith","DePaul Blue Demons",47.8988833333334
"Jayla Owen","North Dakota Fighting Hawks",47.8915
"Kaila Kelley","Sam Houston Bearkats",47.8546333333334
"Sam Tillson","Army Black Knights",47.8238666666666
"Jadyn Fife","Colorado State Rams",47.7978333333333
"Yonta Vaughn","Virginia Cavaliers",47.7913555555555
"Kaitlyn Duhon","Auburn Tigers",47.7567388888889
"Toby Nweke","Princeton Tigers",47.7551
"Kimmie Hicks","Loyola Maryland Greyhounds",47.7544
"Makenzie Hill","Delta State Statesmen",47.7521256410256
"Somer Johnson","Brevard Tornados",47.7375357142857
"Madison Roshelle","Charlotte 49ers",47.7290666666667
"Ari Long","Oregon Ducks",47.7243222222222
"Aby Shubert","Montana Lady Griz",47.7241333333333
"Kyndal Lewis","Eastern Michigan Eagles",47.7189166666667
"Estie Varga","Long Island University Sharks",47.7188666666667
"Jzaniya Harriel","Stanford Cardinal",47.7145166666667
"Kaelyn Hamilton","San Diego State Aztecs",47.7036166666667
"Jessica Farrell","Central Connecticut Blue Devils",47.693
"Maggie Taylor","Drake Bulldogs",47.68545
"Kaylan Jack","Southern-New Orleans Knights",47.6797166666668
"Sofia Alonso","Sacramento State Hornets",47.6791333333333
"Donavia Hall","SMU Mustangs",47.6766333333333
"Anaiah Jenkins","Towson Tigers",47.64475
"Candela Perez-Castellanos","Warren Wilson Owls",47.6444333333333
"Audia Young","Auburn Tigers",47.6397
"Taylor Lauterbach","Virginia Cavaliers",47.6391166666667
"Sa'lah Hemingway","Howard Bison",47.6361833333333
"Mariona Planes Fortuny","George Washington Revolutionaries",47.6330166666667
"Devin Coppinger","Washington Huskies",47.6311333333333
"Emma Koabel","Duke Blue Devils",47.6203023809524
"Ella Uriarte","Idaho Vandals",47.61875
"Lexie Sinclair","Roosevelt Lakers",47.5988166666667
"Tamia Moody","Schreiner Mountaineers",47.5834833333333
"Lexie Ransom","Southern Wesleyan Warriors",47.5723166666667
"Teniesha Clarke","Akron Zips",47.5706
"Maya Woodson","Morgan State Lady Bears",47.5664
"Jamie Kent","Pacific Tigers",47.56255
"Nuria Jurjo","Miami (OH) RedHawks",47.5231166666667
"Last-Tear Poa","LSU Tigers",47.5144404761904
"Mary Moses Amaniyo","UTEP Miners",47.5142666666667
"Faith Alston","Richmond Spiders",47.4981333333334
"Jade Peacock","Hawai'i Rainbow Wahine",47.4973166666667
"Leila Wells","Virginia Tech Hokies",47.4966571428571
"Grace Clary","Mercyhurst Lakers",47.49575
"Bella Samz","Youngstown State Penguins",47.4939333333333
"Maya Hunkin-Claytor","Alcorn State Lady Braves",47.4853166666666
"Daria Nestorov","Pacific Tigers",47.4841333333334
"Micah O'Dell","Robert Morris Colonials",47.4742
"Mia Bergstrom","Saint Louis Billikens",47.4636666666666
"Izzy Dugal","Cleary University Cougars",47.45155
"Trinity Gooden","Rice Owls",47.4475
"Adlee Blacklock","Texas Tech Lady Raiders",47.4416666666667
"Addison Melton","Lipscomb Bisons",47.42465
"Kennedi Alexander","Tulsa Golden Hurricane",47.4156
"Jada Bediako","Marquette Golden Eagles",47.4156
"Niyah Gaston","Coppin State Eagles",47.3947666666666
"Izela Arenas","Louisville Cardinals",47.3846833333334
"Syriah Daniels","Auburn Tigers",47.378
"Ana Guillen","Yale Bulldogs",47.3627666666667
"Nneka Obiazor","Grand Canyon Lopes",47.3557190476191
"April Rummery-Lamb","Northern Colorado Bears",47.3542833333333
"Reina Green","Duquesne Dukes",47.3397333333333
"Rachael Rose","Wofford Terriers",47.3337555555555
"Kylee Lewandowski","Samford Bulldogs",47.3142333333333
"MacKayla Scarlett","Providence Friars",47.3095166666667
"Tyler Jackson","Tarleton State Texans",47.2964857660455
"Ajok Madol","Dayton Flyers",47.2937833333334
"Skye Robinson","Norfolk State Spartans",47.2909
"Nyaluak Dak","East Texas A&M Lions",47.2686
"Brooke Walker","Utah Utes",47.2595166666666
"Eris Lester","Alabama Crimson Tide",47.2589666666667
"Cady Pauley","Missouri State Lady Bears",47.2327333333333
"Kristian Jackson","Alabama State Lady Hornets",47.2175333333333
"Tamya Smith","Memphis Tigers",47.2150333333334
"Kate Clarke","DePaul Blue Demons",47.2136166666667
"Kennedy Claybrooks","Southeast Missouri State Redhawks",47.21305
"Kenzie Hare","Iowa State Cyclones",47.2092388888888
"Kayla Hopson","Cal State Northridge Matadors",47.2035666666667
"Ruthie Mbugua","Jackson State Lady Tigers",47.1901333333333
"Madysen Vlastuin","South Dakota State Jackrabbits",47.1662833333333
"Patricia Sherrill","Long Island University Sharks",47.14215
"Dalayja Hurt-Floyd","Alcorn State Lady Braves",47.1400166666667
"Soleil Montrose","Army Black Knights",47.1291833333333
"Teagan Brown","Washington Huskies",47.1051166666666
"Khalia Bryant","Kentucky State Thorobreds",47.0939440476191
"Kaylee Headrick","Colorado State Rams",47.0776571428571
"Shy Hawkins","Syracuse Orange",47.0615333333333
"Carlie Vick","Bradley Braves",47.0468571428571
"Andjela Bigovic","Tarleton State Texans",47.0306
"Taylor Janssen","Montana State Bobcats",47.0094833333333
"Madison Mckenzie","Christopher Newport University Captains",47.0090666666667
"Micah Cooper","Southern Miss Lady Eagles",46.9918333333333
"Mya Pratcher","Western Kentucky Lady Toppers",46.9857166666667
"Amelia Storm","Cleary University Cougars",46.9496833333333
"Sydney Mccaig","Cleary University Cougars",46.9430416666667
"Makayla Moore","Arizona State Sun Devils",46.9381166666667
"Waiata Jennings","Baylor Bears",46.93805
"Shailyn Pinkney","Seton Hall Pirates",46.9360067460317
"Calyn Dallas","Utah Tech Trailblazers",46.9298333333333
"Macy Donarski","Montana Lady Griz",46.9275166666667
"Niamya Holloway","Minnesota Golden Gophers",46.9191666666666
"Morgan Cheli","UConn Huskies",46.8941904761904
"Olivia Leung","Dayton Flyers",46.8907833333333
"Bria Shine","UC Davis Aggies",46.8861166666667
"Libby Hutton","Boise State Broncos",46.88155
"Anaya Barney","Coastal Carolina Chanticleers",46.8719333333334
"Kallie Peppler","Milwaukee Panthers",46.84875
"Rakiyah Jackson","Nevada Wolf Pack",46.8389666666667
"KC Carter","Wagner Seahawks",46.8258666666666
"Brooklin Dailey","Drake Bulldogs",46.8069166666667
"Kayla Preston","Valparaiso Beacons",46.8037388888889
"Zyaire Hairston","Virginia-Lynchburg Dragons",46.7911333333334
"Avery Treadwell","Florida State Seminoles",46.7894666666666
"Taliyah Wyche","East Carolina Pirates",46.78005
"Makira Cook","Illinois Fighting Illini",46.7434
"Hannah Linthacum","Missouri Tigers",46.7431833333334
"Elif Istanbulluoglu","Louisville Cardinals",46.7387666666667
"Singo Lekeuneu","Mercyhurst Lakers",46.7128
"Ayanna Thompson","Ole Miss Rebels",46.7029222222222
"Kayana Armbrister","UT Martin Skyhawks",46.70145
"Melesungu Afeaki","Saint Mary's Gaels",46.6945333333333
"Taylor Dunn","Guilford Quakers",46.6818666666666
"Amiyah Reynolds","Purdue Boilermakers",46.64905
"Claire Simmons","Grambling Lady Tigers",46.6426833333334
"Jocelyn Land","Butler Bulldogs",46.6422
"Sahnya Jah","Arizona Wildcats",46.6392
"Mya Jones","Wiley Wildcats",46.6355666666667
"Nyodie Guerard","Mount St. Mary's Mountaineers",46.6273333333334
"Nicole Azar","Western Carolina Catamounts",46.6253388888889
"Amani Lipscomb","Christian Brothers Buccaneers",46.6198857142857
"Makaiya Thomas","Defiance Yellow Jackets",46.61845
"Alana Goosby","Cal Poly Mustangs",46.61025
"Jazmyn Sostand","Arkansas-Pine Bluff Golden Lions",46.6055666666667
"Tiziana Huici","Queens University Royals",46.60495
"Vivienne Knee","Cornell Big Red",46.5904071428571
"Kylee Sheppard","Providence Friars",46.56595
"Jada Williams","Eastern Michigan Eagles",46.5626
"Avery Young","McNeese Cowgirls",46.5615
"Morgan Borgstadt","UT Martin Skyhawks",46.5604333333333
"Valeria Brewer","Westcliff Warriors",46.54795
"Aubrey Griffin","UConn Huskies",46.5004740139088
"Devyn Scott","Stony Brook Seawolves",46.49715
"Rosalie Mercille","Loyola Chicago Ramblers",46.4945833333334
"Freda Moore","College Of Saint Mary Flames",46.4860792207792
"Toni Warren","Wofford Terriers",46.4857357142857
"Grace Carstensen","DePaul Blue Demons",46.4639260822511
"Jaycie Christopher","Maine Black Bears",46.4631055555555
"Rusne Augustinaite","Georgia Tech Yellow Jackets",46.4581666666667
"Breana Delaney","Stonehill Skyhawks",46.4579999999999
"Peyton McCabe","Drake Bulldogs",46.4540571428571
"Lizzy Groetsch","Pennsylvania Quakers",46.42145
"Racky Kane","Long Island University Sharks",46.4174333333333
"Melissa Mwanza","Louisiana Tech Lady Techsters",46.39625
"Jaylyn James","Louisiana Ragin' Cajuns",46.3881166666666
"Kaylee Krysztof","Binghamton Bearcats",46.3783666666666
"Reiven Douglas","North Carolina A&T Aggies",46.3740999999999
"Gracie Johnson","Utah State Aggies",46.3562666666667
"Claudia Acin","Liberty Flames",46.3503166666666
"Allison Weidner","Nebraska Cornhuskers",46.3484333333333
"Sydney Erikstrup","Grand Canyon Lopes",46.3324333333333
"Da'Kariya Jackson","Southeast Missouri State Redhawks",46.2985666666667
"Raven Sims","Memphis Tigers",46.2911333333333
"Raiane Dias Dos Santos","Florida State Seminoles",46.2840833333333
"Bobbi Smith","East Carolina Pirates",46.27165
"Diamond Wiggins","Hampton Lady Pirates",46.2611666666667
"Samyha Suffren","Virginia Tech Hokies",46.2561579365079
"TreShondra Williams","Marshall Thundering Herd",46.2531666666667
"Lydie Mwamba","New Mexico Lobos",46.2502893374741
"Katerina Dakos","Christopher Newport University Captains",46.2463416666666
"Martha Pietsch","UC Santa Barbara Gauchos",46.2402166666666
"Dianne Crespo Lopez","Sacred Heart Pioneers",46.2378166666666
"Aaliyah Ellis","New Orleans Privateers",46.2350166666667
"Dyani Ananiev","Portland Pilots",46.2165833333333
"Erica Hall","Mercyhurst Lakers",46.2124166666667
"Bridget Utberg","Marquette Golden Eagles",46.2104722222222
"Julianna LaMendola","Indiana Hoosiers",46.2044666666667
"Joseana Vaz","Colorado State Rams",46.2044071428572
"Tilda Sjokvist","Missouri Tigers",46.2037571428571
"Elle Snyder","Evansville Purple Aces",46.2035357142857
"Alyssa Andrews","Wake Forest Demon Deacons",46.17415
"Olivia Bowes","Longwood Lancers",46.1622333333333
"Kristina Godfrey","Florida Atlantic Owls",46.1573833333333
"Annika Gustafson","Wisconsin-La Crosse Eagles",46.15725
"Henna Sandvik","Indiana Hoosiers",46.1572238095238
"Audrey Taylor","Northern Arizona Lumberjacks",46.1324404761905
"Mariana Valenzuela","Florida State Seminoles",46.1296166666666
"Dia Denes","Long Island University Sharks",46.1293333333334
"Alisa Knight","Texas Southern Tigers",46.1123893374741
"Katie Thiers","Princeton Tigers",46.1067888888889
"Pinja Paananen","Arkansas Razorbacks",46.1055666666667
"Ramiyah Byrd","Cincinnati Bearcats",46.1051071428572
"Una Jovanovic","TCU Horned Frogs",46.1034238095238
"Lexie Foutch","Tulsa Golden Hurricane",46.1026404761905
"Lexie Green","Southern Indiana Screaming Eagles",46.1023071428571
"Takeira Ramey","Texas State Bobcats",46.1018904761904
"Allie Cummins","Northern Arizona Lumberjacks",46.0930666666666
"Caroline Thiel","Charlotte 49ers",46.0819166666667
"Ellie Magestro-Kennedy","Wright State Raiders",46.07485
"Zaria Glover","Jackson State Lady Tigers",46.0724
"Macy Spencer","UNLV Lady Rebels",46.0647773809523
"Kendal George","SIU Edwardsville Cougars",46.0606333333333
"Justine Pissott","Vanderbilt Commodores",46.0431222222222
"Laila Hull","North Carolina Tar Heels",46.0428
"Ellie Pingree","American University Eagles",46.0402333333333
"Allison Cannon","NJIT Highlanders",46.0233
"Lauren Gerken","Bowling Green Falcons",46.0130833333333
"Grace Ardito","Union Garnet Chargers",45.9963446065429
"Marta Alsina","Washington State Cougars",45.9785666666666
"Amelie Sitterud","Loyola Marymount Lions",45.9737666666667
"Emily Counsel","Denver Pioneers",45.9330666666666
"Alani Fluker","Tarleton State Texans",45.92955
"Madisyn Jordan","Wake Forest Demon Deacons",45.9289666666667
"Jaeda Wilson","Georgetown Hoyas",45.9275499999999
"Nasi Simmons","Columbia Lions",45.9212722222222
"Alexa Mikeska","William & Mary Tribe",45.9164161172161
"Alexis Burce","Erskine Flying Fleet",45.9066
"Lauryn Madsen","UC Irvine Anteaters",45.9011222222222
"Jacee Busick","Belmont Bruins",45.8966333333333
"Lexi Blue","Kentucky Wildcats",45.8957571428572
"Anna Lassan","Detroit Mercy Titans",45.8807666666667
"Ellie Colbeck","South Dakota State Jackrabbits",45.8752071428571
"Emilia Tenbrock","Coastal Carolina Chanticleers",45.8588666666667
"Maya Hyacienth","Saint Peter's Peacocks",45.8543833333334
"Kyera Thornsbury","Jacksonville State Gamecocks",45.8442049242424
"Audrey Biggs","Pittsburgh Panthers",45.8415571428571
"Ella Brow","SMU Mustangs",45.84055
"Lele Tanuvasa","South Carolina Upstate Spartans",45.8399166666667
"Samantha Crispe","Utah Utes",45.83765
"Madi Hawk","Wofford Terriers",45.8311888888889
"Maggie Stutelberg","Western Michigan Broncos",45.82625
"Taylor Woodson","Minnesota Golden Gophers",45.8113464285714
"Shirel Nahum","UC Irvine Anteaters",45.8029666666666
"Sapphire Jones","La Sierra Golden Eagles",45.7982047619048
"Aasia Sam","Louisiana Ragin' Cajuns",45.7963333333333
"Camron Blank","IU Indianapolis Jaguars",45.7928500000001
"Ali Hardwell","South Carolina State Lady Bulldogs",45.7872166666667
"Jayden Rhodes","San Diego Toreros",45.7871
"Gretchen Dolan","Illinois Fighting Illini",45.7777357142857
"Savannah Curry","Temple Owls",45.7764833333334
"Sara Aumer","Virginia-Lynchburg Dragons",45.75005
"Lauryn Stover","Mercyhurst Lakers",45.7463833333333
"Savannah Davis","Middle Tennessee Blue Raiders",45.7420666666666
"Se'Quoia Allmond","Southern Illinois Salukis",45.7376166666667
"Kaziah Akinniyi","Lincoln (PA) Lions",45.7278666666667
"Victoria Morris","North Carolina Central Eagles",45.7169499999999
"Quinn Borroni","Mercyhurst Lakers",45.7157071428571
"Chloe Siegel","North Alabama Lions",45.7001805555555
"Kam'Ren Rhodes","Akron Zips",45.6946166666667
"Taylor Ross","UTSA Roadrunners",45.68655
"Zoe Jackson","Abilene Christian Wildcats",45.6779071428571
"Raeven Raye-Redmond","Valparaiso Beacons",45.6595666666666
"Allison Heathcock","Creighton Bluejays",45.636596031746
"Gabby Razzano","Northern Kentucky Norse",45.6342678571428
"Danielle Roberts","Bethesda University Flames",45.631
"Caleigh-Rose West","Western Kentucky Lady Toppers",45.6303
"Zuri Ransom","Ball State Cardinals",45.6243366702741
"Indiya Clarke","Wofford Terriers",45.6236948051948
"Anna Hager","High Point Panthers",45.6170166666667
"Zahira Arizmendi Rubio","Florida Atlantic Owls",45.6087760822511
"Raymi Coueta","Duquesne Dukes",45.6087666666667
"Emily Bennett","Virginia-Lynchburg Dragons",45.5917166666667
"Frode Flos van der Schans","Chattanooga Mocs",45.5841
"Kendall Hendrix","Loyola Chicago Ramblers",45.5749833333334
"Kennedy Lee","Nevada Wolf Pack",45.5681357142857
"Anjelicia Del Valle","Southeast Missouri State Redhawks",45.56525
"Maryam Dauda","South Carolina Gamecocks",45.5635666666666
"Tally Williams","Chicago State Cougars",45.5590333333333
"Elizabeth Lavoie","New Hampshire Wildcats",45.5350833333333
"Jada Williams","Milwaukee Panthers",45.5334166666667
"Rubi Gray","Sacramento State Hornets",45.5252357142857
"Alyssa Berry","Morehead State Eagles",45.5058666666667
"Summer Yancy","UCF Knights",45.4939166666667
"Leyah Houston","Alcorn State Lady Braves",45.4801333333333
"Payton Miller","Northwestern State Lady Demons",45.4792333333334
"Shanihya Brown","New Orleans Privateers",45.4744833333333
"Janet Arias","Park University Gilbert Buccaneers",45.4671523809524
"Olivia Forster","South Carolina Upstate Spartans",45.4661333333333
"Mackenzie Joseph","New Orleans Privateers",45.4597701298702
"Jenna Cook","Central Arkansas Sugar Bears",45.4576166666666
"Mackenzie Wright-Rawls","NJIT Highlanders",45.4569
"Cassidy Lafler","Ohio Bobcats",45.4555166666667
"Shadasia Brackens","North Texas Mean Green",45.4541166666666
"Sofie Lowis","SIU Edwardsville Cougars",45.44615
"Aga Makurat","Vanderbilt Commodores",45.4458953907203
"Kenadee Winfrey","UNLV Lady Rebels",45.443867027417
"Kaitlyn Adams","Queens University Royals",45.4321166666667
"Anastasija Veljovic","Fordham Rams",45.43095
"Camille Jackson","Miami (OH) RedHawks",45.4199912698412
"Brianna Hill","Southeast Missouri State Redhawks",45.4189166666666
"Bella Perkins","Pittsburgh Panthers",45.4117412698413
"Camryn Hill","Old Dominion Monarchs",45.4084666666667
"Abby Graham","North Dakota State Bison",45.4044333333333
"Kharyssa Richardson","Ole Miss Rebels",45.3978166666666
"Kathleen Birmingham","SUNY Geneseo Knights",45.388603030303
"Clara Glad","UC Davis Aggies",45.3841222222222
"Dawson Jemerson","Coastal Carolina Chanticleers",45.37575
"Eszter Turi","Siena Saints",45.37305
"Kendall Beck","Houston Christian Huskies",45.3690555555555
"Teagan Mallegni","Iowa Hawkeyes",45.3643166666667
"Keshia Vitalicio","Lehigh Mountain Hawks",45.3634071428571
"Justice Ross","Lamar Cardinals",45.3521238095238
"Nora Perez","Cal Poly Mustangs",45.3475333333333
"Andraya Dimas","Park University Gilbert Buccaneers",45.3427333333333
"Annemarie Batista","Little Rock Trojans",45.3320904761904
"Ellie Southards","Presbyterian Blue Hose",45.3283773809524
"Casey Valenti-Paea","Virginia Cavaliers",45.3222166666667
"Karsen Marshall","Cal State Northridge Matadors",45.3210666666667
"Jada Cook","Murray State Racers",45.3169333333333
"Brooklyn Taylor","Sacramento State Hornets",45.3158166666667
"Karianna Woods","Bethune-Cookman Wildcats",45.3147
"Cassidy Rowe","Kentucky Wildcats",45.3094571428571
"Kaelyn Flowers","Florida Gulf Coast Eagles",45.3042666666666
"Yasmin Ott","UMBC Retrievers",45.29105
"Janelle Brown","Fairfield Stags",45.2825549242424
"Malaka Cobb","Hampton Lady Pirates",45.2796
"Kali Haizlip","UT Arlington Mavericks",45.2745555555555
"Torie Sevier","Texas A&M-Corpus Christi Islanders",45.2734537240537
"Jazmyne Jackson","Georgia Southern Eagles",45.2726833333333
"Salma Khedr","Western Kentucky Lady Toppers",45.2666333333334
"Leah Philpotts","Charleston Cougars",45.2617
"Taylor Holohan","Northeastern Huskies",45.2525
"Latazia Williamson","Memphis Tigers",45.2517333333334
"Bailey Gilmore","Memphis Tigers",45.2513833333334
"Malia Tharpe","San Diego Toreros",45.2453333333334
"Caitlyn Stanley","LeTourneau Yellow Jackets",45.2437333333334
"Taedyn Gray","Drake Bulldogs",45.2384
"Paris Whitfield","Champion Christian Tigers",45.2260523809524
"Te'Yala Delfosse","Michigan Wolverines",45.2133388888889
"Hama'ya Fielder","Old Dominion Monarchs",45.2108773809523
"Sarah Lazar","Vermont Catamounts",45.2106293650794
"Ja'Shelle Johnson","UT Rio Grande Valley Vaqueros",45.1946738095238
"Reagan Trumm","Western Carolina Catamounts",45.1873439393939
"Lola Donez","California Golden Bears",45.1686333333333
"Sinai Douglas","Michigan State Spartans",45.1660893374741
"Grace Knutson","Drake Bulldogs",45.1578784632034
"Blau Tor","Columbia Lions",45.1545261904762
"Emiyah Cobb","SIU Edwardsville Cougars",45.1539
"Jade Tillman","East Carolina Pirates",45.1511
"Page Greenburg","George Mason Patriots",45.1474023809523
"Janie Bachmann","Holy Cross Crusaders",45.1339666666667
"Ashna Tambe","Pennsylvania Quakers",45.1220722222222
"Audrey Kormann","NJIT Highlanders",45.1210380952381
"Nicki Polocheck","UC San Diego Tritons",45.1158857142857
"Emily Siesel","Bowling Green Falcons",45.1086857660455
"Gabby Robinson","Cal Poly Mustangs",45.1086833333333
"Stephanie Utomi","Mercer Bears",45.1080833333334
"Kiersten Johnson","Oklahoma Sooners",45.0963666666666
"Nariah Scott","Providence Friars",45.09355
"Abby Sharpe","Pennsylvania Quakers",45.0935107142857
"Rylee Langerman","Oklahoma State Cowgirls",45.090991025641
"Courtney Taylor","Coker Cobras",45.0839666666667
"Marley Long","William & Mary Tribe",45.0823333333334
"Jada Richard","LSU Tigers",45.0821704365079
"Saniah Tyler","Kentucky Wildcats",45.0799685425686
"Janyah Bohanon","Howard Bison",45.0772833333333
"J'Unti Franklin","East Texas A&M Lions",45.0693328282828
"Success Prysock","Morgan State Lady Bears",45.0672166666667
"Jordan Boddie","Austin Peay Governors",45.066
"Aspen Johnson","Mercer Bears",45.0631666666667
"Kendra Gillispie","BYU Cougars",45.0513
"Elizabeth Field","Stony Brook Seawolves",45.0501440476191
"Mikayla Werner","St. Thomas-Minnesota Tommies",45.0464722222222
"Kaylan Deveney","Rider Broncs",45.0454166666667
"Noelle Hubert","Northern Kentucky Norse",45.0409666666666
"Angelina Nice","Radford Highlanders",45.0311833333333
"Mayla Ham","Central Michigan Chippewas",45.0299
"Charlece Ohiaeri","DePaul Blue Demons",45.0181888888889
"Victoria Suarez","Puerto Rico-Mayaguez Bulldogs",45.0181666666667
"Abbigail Stephens","UT Martin Skyhawks",45.0176412698413
"Allie Ziebell","UConn Huskies",45.0026138888889
"Courtney Turner","Portland State Vikings",44.9945166666667
"Maele Van Houtert","Central Baptist College Mustangs",44.9890363636363
"Cam Mathews","Tulsa Golden Hurricane",44.9870166666667
"Kennedy Moore","Wake Forest Demon Deacons",44.9866404761905
"Camerah Langston","Bethune-Cookman Wildcats",44.9778428571428
"Tianna Thompson","Georgia Tech Yellow Jackets",44.9748704365079
"Rosie Scognamiglio","Lafayette Leopards",44.97395
"Regina Walton","Elon Phoenix",44.9683404761904
"Mady Calhoun","Brown Bears",44.9633357142857
"Reagan Wilson","Iowa State Cyclones",44.9492
"Chania Price","North Texas Mean Green",44.9403833333334
"Devyn Quigley","NC State Wolfpack",44.9250722222222
"Judit Oliva Fernandez","Long Beach State Beach",44.9233
"Bailey Burns","Jacksonville Dolphins",44.9210833333333
"Davina Smith","Indiana State Sycamores",44.9199333333334
"Sofia Ceppellotti","North Alabama Lions",44.9181690476191
"Morgan Holland","Faulkner Eagles",44.9107523809524
"Lucy Hood","East Tennessee State Bucs",44.8951939393939
"Ayanna Varela","Montreat Cavaliers",44.8943547619048
"Riley Smith","Central Michigan Chippewas",44.8936333333333
"Michelina Lombardi","Le Moyne Dolphins",44.8932166666666
"Nia Chima","UMass Lowell River Hawks",44.8884
"Lauren Thompson","UMBC Retrievers",44.8865833333333
"Sydni Scott","Fairfield Stags",44.8806272727272
"Ashley Rojas","Arkansas-Pine Bluff Golden Lions",44.8715
"Kamara Mills","Queens University Royals",44.8536071428571
"Grace Booth","Tarleton State Texans",44.8505378787879
"Nia McGee","St. Thomas (TX) Celts",44.8505333333333
"Lilah Moore","Northern Colorado Bears",44.8395936591186
"Nisea Burrell","Austin Peay Governors",44.8372
"Carla Osma","Kansas Jayhawks",44.8364833333333
"Natalie Potts","Nebraska Cornhuskers",44.8352989621489
"Macy Brown","Michigan Wolverines",44.8299720238095
"Dakota Alston","Morgan State Lady Bears",44.8265
"Tove Caesar","Houston Christian Huskies",44.8259867965368
"Audrey Deptula","Loyola Chicago Ramblers",44.8251833333333
"Kennedy Carlyle","Utah Valley Wolverines",44.8239369565217
"Brooklyn Vaughn","Loyola Chicago Ramblers",44.8204190476191
"Amiyah Ferguson","Fordham Rams",44.8184
"Samantha Shanks","Southern Miss Lady Eagles",44.81385
"Eghosa Obasuyi","Georgia State Panthers",44.8137333333333
"Lucie Castagne","UCF Knights",44.8096666666666
"Vitoria Santana","Penn State Lady Lions",44.8075696428571
"Andheya Aurelio","Jessup University Warriors",44.8034333333334
"Aubrey Brown","Northeastern State RiverHawks",44.8024023809524
"Chantrel Clayton","UIC Flames",44.8011739718614
"Mariah Knight","Jacksonville Dolphins",44.7983833333334
"Rakiyah Beal","North Dakota Fighting Hawks",44.796619047619
"Mackenzie Thomas","SE Louisiana Lady Lions",44.7949214803313
"Makenna Earnest","College Of Saint Mary Flames",44.7919554112554
"JaKayla Thompson","Boston College Eagles",44.7790982142857
"Avery O'Connor","New Hampshire Wildcats",44.7756666666667
"Isabel Tillett","Saint Louis Billikens",44.7741904761905
"Mallory Daly","Buffalo Bulls",44.7738488095238
"Tia Morgan","Purdue Fort Wayne Mastodons",44.7724999999999
"Amy Kurkowski","Saint Mary's Gaels",44.7654
"Maria McConnell","Mercyhurst Lakers",44.7552369565217
"Aysia Proctor","UTSA Roadrunners",44.7540055555555
"Reza Po","New Mexico Lobos",44.752297979798
"Bri Robinson","Northern Iowa Panthers",44.7475833333333
"Alieghya Bartholomew","Delaware Blue Hens",44.7433166666667
"Ruby Willard","Elon Phoenix",44.742769047619
"Mia Beam","Bellarmine Knights",44.7412555555555
"Sam Dewey","Richmond Spiders",44.7396333333333
"Mahri Petree","Purdue Boilermakers",44.7353666666666
"Sydney White","California Baptist Lancers",44.7070666666666
"Destinee Salgado","Iona Gaels",44.6977333333334
"Emma Barnett","Ohio Bobcats",44.6974440993788
"Kiarra Kennedy","Maryland Eastern Shore Hawks",44.6937833333333
"Isabella Tanedo","Utah State Aggies",44.692994047619
"Lexi Castator","Valparaiso Beacons",44.6865833333334
"Landry Allen","Oklahoma Sooners",44.6805066534915
"Jada Brown","George Mason Patriots",44.68015
"Ciara Bailey","Norfolk State Spartans",44.6676833333333
"Peyton Gerdes","High Point Panthers",44.6602619565218
"Malea Egan","Marist Red Foxes",44.6491833333333
"Kayla Mount","Chicago State Cougars",44.6486666666667
"Lyric Barr","Houston Christian Huskies",44.6441
"Leah Harmon","Miami Hurricanes",44.6383888888889
"Artemis Kouki","Western Michigan Broncos",44.6352833333333
"Natalia Sierra-Vargas","George Washington Revolutionaries",44.6335571428571
"Sophie Benharouga","Seattle U Redhawks",44.6166
"Tamia Dolls","Wiley Wildcats",44.6156190476191
"Jaelyn Acker","Furman Paladins",44.6103333333333
"Laycee Drake","UAlbany Great Danes",44.6103166666666
"Katie Fiso","Oregon Ducks",44.60435
"Jhaven Meade","South Carolina State Lady Bulldogs",44.6001666666667
"Alondra Lizama","Cal State Northridge Matadors",44.5998
"Dani Ceseretti","Villanova Wildcats",44.5987571428571
"Ava Knipstein","Schreiner Mountaineers",44.5885333333333
"Hilary Fuller","Belmont Bruins",44.5877821428572
"Amelia Osgood","Princeton Tigers",44.5866375059723
"Terren Ward","Mississippi State Bulldogs",44.5849243589744
"Madi Symons","Wyoming Cowgirls",44.5837333333333
"Lexi Deden","Montana State Bobcats",44.5756666666666
"Jayda Clark","Boise State Broncos",44.5751329004329
"Jazmine Klausmeier","Virginia-Lynchburg Dragons",44.5741333333333
"Timia Ware","East Carolina Pirates",44.56815
"Charia Smith","Marquette Golden Eagles",44.5578166666667
"Diana Eliasson","New Hampshire Wildcats",44.5513333333333
"Kylah Moore","Coppin State Eagles",44.5494470238095
"Autumn Smith","Louisiana Tech Lady Techsters",44.5482939393939
"Candela Garcia-Escribano","Long Island University Sharks",44.5439833333333
"Dylan Tse","Cal State Bakersfield Roadrunners",44.53645
"Katelyn Chomko","Robert Morris Colonials",44.5358666666666
"Nia Brown","North Florida Ospreys",44.5313
"Alli Harness","Western Michigan Broncos",44.5302261904761
"Amelia Hobson","North Dakota State Bison",44.5295666666667
"Noemi Arvai","Sacramento State Hornets",44.5217912698413
"Eriny Kindred","Florida Gators",44.51265
"Kassie Ingram","Marshall Thundering Herd",44.5029666666666
"Ashley Carrillo","Presbyterian Blue Hose",44.5016166666667
"Mya Johnson","Bethune-Cookman Wildcats",44.5009
"Myla Benton","Morehead State Eagles",44.4970404761905
"Tierney Coleman","North Carolina Central Eagles",44.4933666666666
"Maria Doreste","Wagner Seahawks",44.4802333333333
"Nia Anderson","California Baptist Lancers",44.4793666666667
"Bailey Barnhard","San Diego State Aztecs",44.4756579365079
"Julia Puente","McNeese Cowgirls",44.474448962149
"Ambah Kowcun","Eastern Kentucky Colonels",44.462926992452
"Nicole Sandifer","Grambling Lady Tigers",44.459219047619
"Anna Stromberg","Radford Highlanders",44.45305
"Sydney Bolden","Ball State Cardinals",44.4526148809524
"Holly Griffiths","Fresno State Bulldogs",44.4468
"Kalise Hill","Morehead State Eagles",44.4422666666667
"Teagan Erickson","Montana State Bobcats",44.4409208393056
"Kanani Coon","UC Santa Barbara Gauchos",44.436969047619
"Sophie Baydanov","UMass Lowell River Hawks",44.4295166666666
"Ayasha Thomas","Bowie State Bulldogs",44.4277107142857
"Clara Rosini","Georgia State Panthers",44.426319047619
"Olivia Vandergriff","Lipscomb Bisons",44.4196951298701
"Keona Curtis","North Carolina A&T Aggies",44.4149833333334
"Ja-Kahla Craft","Seton Hall Pirates",44.4148631469979
"Jadyn Atchison","Old Dominion Monarchs",44.4134
"Sania Jenkins","La Salle Explorers",44.4087666666667
"Lily Bottomley","Loyola Maryland Greyhounds",44.4066833333333
"Sarah Baker","Youngstown State Penguins",44.3989833333333
"Alyssa Christensen","Boise State Broncos",44.3976642857143
"Paige Girardi","Quinnipiac Bobcats",44.3962571428571
"Kyriana Jones","Tarleton State Texans",44.3937333333333
"Isabellah Middleton","St. Bonaventure Bonnies",44.3936833333333
"Jordyn Marshall","UC Riverside Highlanders",44.3903333333333
"Karina Gordon","Florida Gulf Coast Eagles",44.3875499999999
"Aislin Malcolm","Pittsburgh Panthers",44.3848
"Nadechka Laccen","St. Bonaventure Bonnies",44.3846166666666
"Abbey Cracknell","Marquette Golden Eagles",44.3844666666667
"D'Yanis Jimenez","Wisconsin Badgers",44.37825
"Joniyah Bland-Fitzpatrick","Seton Hall Pirates",44.3769357142857
"Makenna Jarratt","Cleary University Cougars",44.3748023809524
"Abby Ray","UAlbany Great Danes",44.3684440476191
"Hana Abdel Aal","Bellarmine Knights",44.3626
"Hannah Robbins","Montana State Bobcats",44.359714492452
"Emma Haan","Vermont Catamounts",44.3538055555555
"Abby Holtman","Cincinnati Bearcats",44.3474333333333
"Cori Allen","Illinois Fighting Illini",44.3429071428571
"Ali Stephens","Omaha Mavericks",44.3259857142857
"Tyra Myers","Stetson Hatters",44.3175272727273
"Mia Vuksic","San Francisco Dons",44.3160073051948
"Jamiria Jones","Georgia Southern Eagles",44.3002811147186
"Kylee Fears","Merrimack Warriors",44.2998333333334
"Brittany Cambell","Kentucky State Thorobreds",44.2997
"Lucia Martinez Lopez","Xavier Musketeers",44.2977404761905
"Emerson Thompson","Campbell Fighting Camels",44.2958238612836
"Aleah Sorrentino","Massachusetts Minutewomen",44.2948
"Keala Johnson","Cheyney (PA) Wolves",44.2938333333333
"Brianna Ellis","New Orleans Privateers",44.293681547619
"Alanna Phillipo","Eastern Illinois Panthers",44.2877333333333
"Emma Donnelly","Iona Gaels",44.2827037698413
"Ella Weaver","Toledo Rockets",44.2673510822511
"Sydney Postell","Le Moyne Dolphins",44.2672871031746
"Elizabeth Romer","UT Rio Grande Valley Vaqueros",44.2659
"Laila Harrison","Bowling Green Falcons",44.2620166666667
"Angel Hill","Tennessee State Lady Tigers",44.25775
"Ale Civera","Iona Gaels",44.2504
"Nasia Powell","UNC Greensboro Spartans",44.2460613154961
"Felicia Jacobs","Temple Owls",44.2453
"Gabby Betton","Loyola Maryland Greyhounds",44.2428888888889
"Selma Eklund","North Florida Ospreys",44.2399666666667
"Ashtyn Zeigler","Guilford Quakers",44.2393357142857
"Catelyn Wheeler","Stonehill Skyhawks",44.2384869565218
"Kylie Morris","Davis & Elkins Senators",44.237858974359
"Irena Korolenko","Santa Clara Broncos",44.2372333333333
"Jordan Rosier","South Alabama Jaguars",44.2337166666666
"Sydnei Collier","Texas A&M-San Antonio Jaguars",44.2327940476191
"Emily McElmurry","Eastern Washington Eagles",44.2278023809524
"Cristina Parrella","Princeton Tigers",44.2276666666666
"McKenna Johnson","Minnesota Golden Gophers",44.2274670177045
"Kaitlin Burgess","Weber State Wildcats",44.2190655279503
"Taylor Charles","Princeton Tigers",44.2178976190476
"Kyara Champagne","Chicago State Cougars",44.2166833333333
"Aimee Flippen","Abilene Christian Wildcats",44.1891333333334
"Esther Kursite","Sacred Heart Pioneers",44.1845166666667
"Cierra Pearson","Central Connecticut Blue Devils",44.1816333333333
"Meghan Fiso","San Diego State Aztecs",44.1815333333333
"Eri Blithikioti","UC San Diego Tritons",44.1752404761905
"Xamiya Walton","Northwestern Wildcats",44.17045
"Kyleigh Welsh","NJIT Highlanders",44.1595833333334
"Alarice Gooden","Hofstra Pride",44.1517333333333
"Julia Webster","Stonehill Skyhawks",44.1408019480519
"Jasmine Nichols","Western Illinois Leathernecks",44.1377666666667
"Syria Butler","New Orleans Privateers",44.1360166666667
"Katarina Knezevic","Arizona Wildcats",44.1283833333333
"Kylah McCullers","Mississippi Valley State Devilettes",44.1229999999999
"DeeDee Shephard","Charlotte 49ers",44.1182214368964
"Zora Fray-Chinn","South Carolina Upstate Spartans",44.11655
"Ellie Cerf","Dartmouth Big Green",44.1157131469979
"Maci Quiller","Texas Southern Tigers",44.1138869565218
"Paris Lauro","New Mexico Lobos",44.1137055555556
"Janiyah Tucker","Arkansas-Pine Bluff Golden Lions",44.1093523809523
"Madison St. Rose","Princeton Tigers",44.1019839285714
"Jordan Zubich","North Carolina Tar Heels",44.1008679089027
"Taylor Caldwell","Charleston Southern Buccaneers",44.0971738095238
"Jazzy Owens-Barnett","Rice Owls",44.0967071428571
"Staci Williams","Fairleigh Dickinson Knights",44.0884926587301
"Anaya Harris","Gardner-Webb Runnin' Bulldogs",44.0841357142857
"Ella Wedin","Saint Mary's Gaels",44.062769047619
"Ellie Buzzelle","Green Bay Phoenix",44.0423316280941
"Lila Posthuma","Bradley Braves",44.0401333333333
"Paula Pique","Abilene Christian Wildcats",44.0400333333333
"Madeline Potts","Syracuse Orange",44.0373333333333
"Sophi Hall","Providence Friars",44.0301404761905
"Snowda Watie","Northeastern State RiverHawks",44.0249547619048
"Magdalena Schmidt","Yale Bulldogs",44.0246999999999
"Ivy Fox","La Salle Explorers",44.0218333333333
"Rosa Smith","UC San Diego Tritons",44.0110148809523
"Albina Syla","Rhode Island Rams",43.9899702898551
"Mariyah Brown","Houston Christian Huskies",43.9829
"Lemyah Hylton","Miami Hurricanes",43.9824555555555
"Nya Harmon","Texas Southern Tigers",43.9790166666666
"Violette Skipworth","Nicholls Colonels",43.9764833333333
"Laila Phelia","Texas Longhorns",43.9730008019758
"Alejandra Mastral","Robert Morris Colonials",43.9719333333333
"Steph Ouderkirk","Richmond Spiders",43.9568686147186
"Alize Tripp","Detroit Mercy Titans",43.9516166666666
"Daviane Mindoudi Ongbakahoumb","Florida Gators",43.9452517916866
"Katy Reyerson","Northern Iowa Panthers",43.9359803631152
"Sydney Pettis","North Florida Ospreys",43.9351
"Monna Julkunen","Georgia State Panthers",43.9251083333333
"Morgan Matthews","George Washington Revolutionaries",43.923
"Amarah Streiff","Colgate Raiders",43.9224023809524
"Mariyah Noel","Ole Miss Rebels",43.9170666666666
"Olivia O'Meally","NJIT Highlanders",43.9093833333333
"Mickelle Lowry","Coppin State Eagles",43.9084
"Sienna Dauer","Davidson Wildcats",43.90785
"Jasmine Fearne","Bowling Green Falcons",43.9054055555555
"Georgia Heine","Pennsylvania Quakers",43.9040464803312
"Maria Arrebola","Columbia Lions",43.9012722222222
"Remi Sisselman","Lehigh Mountain Hawks",43.89865
"Chelsea Graiver","Stonehill Skyhawks",43.8984648809523
"Shayla Gillmer","Washington Huskies",43.8962261904761
"Tatiana Matthews","Colgate Raiders",43.8946767399267
"Lucy Larson","Seattle U Redhawks",43.8932666666667
"Alva Mofalk","McNeese Cowgirls",43.8881279821628
"Bianca Juzzo","Kent State Golden Flashes",43.8861091353091
"Karina McMillan","Cal Lutheran Kingsmen",43.8810333333333
"Terriana Gray","North Carolina Central Eagles",43.8808333333333
"Milly Sharp","Boise State Broncos",43.876219047619
"Natalie Fraley","Portland Pilots",43.8743722222222
"Shira Elkis","Stonehill Skyhawks",43.8695
"Sofia Llanos","Portland State Vikings",43.867220289855
"Hennessey Luu-Brown","Miami (OH) RedHawks",43.8653159247757
"Isabella Pitta","Lipscomb Bisons",43.8490333333333
"Jamia Carter","Portland State Vikings",43.8423
"Kennedy Blair","Michigan State Spartans",43.8406503607503
"Jocelyn Chavez","Rider Broncs",43.8374666666666
"Ali'a Matavao","Loyola Marymount Lions",43.8309333333333
"Kehinde Obasuyi","Western Carolina Catamounts",43.8292573051948
"Lily Hansford","Iowa State Cyclones",43.8235738095238
"Lara Cook","Colgate Raiders",43.8229960317461
"Alexia Araujo-Dagba","Georgetown Hoyas",43.81745
"Brooklyn McDaniel","Jacksonville State Gamecocks",43.8169803571428
"Grace Hunter","North Florida Ospreys",43.8142239718614
"Caelan Ellis","Charleston Southern Buccaneers",43.79855
"Qadence Samuels","UConn Huskies",43.7941190476191
"Maddie Diabate","Detroit Mercy Titans",43.7930166666667
"Jaidyn Harper","East Tennessee State Bucs",43.7927916666667
"Jalysa Stokes","UIC Flames",43.7908748075596
"Tamar Kopilevech","Queens University Royals",43.7883
"Marisa Davis-Jones","San José State Spartans",43.7871166666666
"Rhema Pegues","North Alabama Lions",43.7784450396825
"Maddie Cox","NC State Wolfpack",43.7715944444444
"Gemma Gruttner Bacoul","East Tennessee State Bucs",43.7715503246753
"Jailah Clark-Jones","UNC Greensboro Spartans",43.768769047619
"Taleiyah Gibbs","Texas State Bobcats",43.7664166666667
"Deniz Torgut","VCU Rams",43.7663499999999
"Savannah McGowan","Illinois State Redbirds",43.7603690476191
"Ruby Sweeney-Spitzeck","Idaho State Bengals",43.7584412698413
"Lillian Jackson","Grambling Lady Tigers",43.7545333333333
"Khamya McNeal","George Mason Patriots",43.7484073051948
"Alyssa Crockett","Michigan Wolverines",43.746733016983
"Jess Ross","Massachusetts Minutewomen",43.7383360472861
"Hope LeMelle","Stephen F. Austin Ladyjacks",43.7290644480519
"Yana Karamfilova","South Florida Bulls",43.7277529821627
"Jada Collins","Tennessee State Lady Tigers",43.7200166666667
"Maren Westin","Green Bay Phoenix",43.7185005952381
"Madi Ott","Clemson Tigers",43.7081267916865
"Macy Smith","St. Bonaventure Bonnies",43.7070333333333
"Bri Bowen","Quinnipiac Bobcats",43.6979560041408
"Kendall Wingler","IU Indianapolis Jaguars",43.6913329365079
"Eden Johnson","Georgia State Panthers",43.6884523809524
"Zaire Mcneal","Southern-New Orleans Knights",43.6835867965368
"Ava McKennie","Maryland Terrapins",43.6823404761905
"Maddie Antenucci","Florida Gulf Coast Eagles",43.6797572954823
"KJ Walker","Lamar Cardinals",43.6729328282828
"Caliana Fenceroy","Niagara Purple Eagles",43.6511666666667
"Aliyah Collins","Mercer Bears",43.6503721403596
"Alaijah Kirk-Veal","Clinton College Golden Bears",43.6490238095238
"Jordan Jackson","Wichita State Shockers",43.6431738095238
"Maggie Czinano","Minnesota Golden Gophers",43.6418017916865
"Inez Gallegos","Boston University Terriers",43.6303
"Shanelle Smith","Queens University Royals",43.6198964803312
"Mary Wilson","Denver Pioneers",43.6106166666667
"Jasmine Matthews","Louisiana Ragin' Cajuns",43.6072374542125
"Tivona Myles","Brenau University Golden Tigers",43.6032720779221
"Elizabeth Archer","American University Eagles",43.60185
"Lauren Cohen","Illinois State Redbirds",43.6014406024531
"Layla Laws","Saint Peter's Peacocks",43.5970815476191
"Paula Maurina","Saint Joseph's Hawks",43.5956333333333
"Fatou Diakite","South Florida Bulls",43.5810833333333
"Kiyah Hurst","North Dakota Fighting Hawks",43.571719047619
"Marya Hudgins","BYU Cougars",43.5677940993789
"Laci Steele","NC State Wolfpack",43.5667125059723
"Sydney Golladay","Creighton Bluejays",43.5639869565217
"Rhianna Williams","Kentucky State Thorobreds",43.550053030303
"Eryn McKinzie","Incarnate Word Cardinals",43.5467333333333
"Chloe Spreen","Alabama Crimson Tide",43.5451184583532
"Mia Hardin","Mississippi Valley State Devilettes",43.5413333333334
"Jelissa Reese","Prairie View A&M Lady Panthers",43.5380410714286
"Serina Quezada","Bethesda University Flames",43.5337964285714
"Madelyne Davis","Houston Christian Huskies",43.532946031746
"Corrie McLaughlin","UNC Wilmington Seahawks",43.53205
"Lexy Linton","Kent State Golden Flashes",43.5270036231884
"Abbey Kimball","Michigan State Spartans",43.5246375059723
"Rachel Griffin","North Carolina A&T Aggies",43.5216071428572
"Timaya Lewis-Eutsey","VCU Rams",43.5211614718615
"Anaja Hall","Alabama State Lady Hornets",43.5147
"Nia Henley","Navy Midshipmen",43.5052644383394
"Taliah Scott","Auburn Tigers",43.4947648809523
"Ja'Miyah Bryant","Grambling Lady Tigers",43.4908397342995
"Desiree Ware","UAB Blazers",43.486078030303
"Draya Wacker","Montana Lady Griz",43.4704203907204
"Aubrey Joens","Oklahoma Sooners",43.4672575480076
"Ellie Boni","Eastern Washington Eagles",43.4670571428571
"Mikiya House","Queens University Royals",43.4651036231884
"Ashley Tudor","Marshall Thundering Herd",43.4642833333333
"Juliann Woodard","Michigan State Spartans",43.4636773809524
"Latifa Amzil","Detroit Mercy Titans",43.4622237530585
"LaKeeyah Barnes","Niagara Purple Eagles",43.4544482142857
"Jordan Tuff","UNC Asheville Bulldogs",43.4512005952381
"Mariama Sow","Western Kentucky Lady Toppers",43.447169047619
"Ella Meabon","Colgate Raiders",43.44
"Ashley O'Connor","Bucknell Bison",43.4363333333333
"Kelowna Ngoyi","Southern Illinois Salukis",43.4357666666667
"Kayce Hyman","Bellarmine Knights",43.4345523809524
"Maria Messling","Western Illinois Leathernecks",43.4250857226107
"Stella Sgro","San José State Spartans",43.4184886964485
"Jeniah Thompson","Southern Illinois Salukis",43.417289484127
"Paulina Hernandez","Cleveland State Vikings",43.4134154761905
"Laryn Scott","Nicholls Colonels",43.4081536231884
"Tre'Miyah Berry","New Orleans Privateers",43.4049246031746
"Tahnyjia Purifoy","Florida A&M Rattlers",43.3964477813852
"Daniela Falcon Hernandez","UC Irvine Anteaters",43.396019055944
"Brooke Suttle","Pennsylvania Quakers",43.3935946488294
"Kayla Hampton","Tulane Green Wave",43.3826148809524
"Charli Kay","Southern Utah Thunderbirds",43.381062987013
"Kennan Ka","Long Beach State Beach",43.3794071428571
"Maggie Besselink","Arizona State Sun Devils",43.377869047619
"Alyssa Ervin","Elon Phoenix",43.3753809523809
"De'Ahna Richardson","Western Michigan Broncos",43.3750166666667
"Semie Brar","Indiana State Sycamores",43.372
"Kira-May Filemu","Hawai'i Rainbow Wahine",43.3519239357865
"Adriana Jones","Troy Trojans",43.3517037698412
"Kelian Cedano","Temple Owls",43.3503922702297
"Heather Baymon","Texas State Bobcats",43.3469628607504
"Nalani Simmons","Longwood Lancers",43.3431036231884
"Sophia Zufelt","UT Rio Grande Valley Vaqueros",43.3370644480519
"Jada Gyamfi","Iowa Hawkeyes",43.3360351250199
"Meegan Fahy","SIU Edwardsville Cougars",43.3333406385281
"Aaliyah Gayles","USC Trojans",43.3315964803312
"Margarita Satini","Weber State Wildcats",43.3194114718615
"Kennedy Flanagan","Western Illinois Leathernecks",43.3150733766234
"Caroline Waite","Illinois State Redbirds",43.3113881035631
"Kaylee Corbin","Northern Iowa Panthers",43.3086166666667
"Emily Bratton","Miami (OH) RedHawks",43.3072866702741
"Camila De Pool","Fordham Rams",43.301681547619
"Raina Tomasicka","South Florida Bulls",43.2892614718615
"Monica Williams","Ohio Bobcats",43.2806906385281
"Kelly Boyle","UNC Greensboro Spartans",43.2779033369408
"Abigail Long","Yale Bulldogs",43.2771773809524
"Nyayongah Gony","UTSA Roadrunners",43.2598015151515
"Savanna Jones","Seton Hall Pirates",43.2569723484849
"Destiny Agubata","West Virginia Mountaineers",43.2479749542125
"Sara Zabrecky","UIC Flames",43.2393172702297
"Avery Strickland","Tennessee Lady Volunteers",43.2307107142857
"Amari DeBerry","Maryland Terrapins",43.2304571428572
"Kristina Rakotobe","UNC Greensboro Spartans",43.2282925407926
"Grace Strickland","Mercyhurst Lakers",43.22705
"Gisella Maul","California Golden Bears",43.2195732142857
"Lauren Perry","Omaha Mavericks",43.2191666666667
"Rachel Shropshire","Bellarmine Knights",43.2175702898551
"Madisyn Moore-Nicholson","American University Eagles",43.2123722222222
"Sarang West","North Alabama Lions",43.2115888888889
"Madison Bartley","Baylor Bears",43.2016103257853
"Zoe Stewart","Missouri State Lady Bears",43.2000982142857
"Payton Fields","St. Bonaventure Bonnies",43.1703219155844
"Jada Knight","Samford Bulldogs",43.1611073051948
"Claire Gallagher","San Diego Toreros",43.1460571428571
"Madison O'Dell","Robert Morris Colonials",43.141637057387
"Claudia Marina Gonzalez","Florida International Panthers",43.1301023809524
"Aanaya Harris","Charlotte 49ers",43.12425
"Ar'Mani Reid","Winthrop Eagles",43.1164833333333
"Seneya Martinez","App State Mountaineers",43.1037648809524
"Journee McDaniel","East Carolina Pirates",43.1035434065934
"Jessica Woods","Campbell Fighting Camels",43.0971201298701
"Sophia LeGoullon","William & Mary Tribe",43.07845
"Cloe Vecina","Oregon State Beavers",43.0624666666666
"Jayda Johnson","Dayton Flyers",43.0586388888889
"Brenna Burk","Little Rock Trojans",43.0577926587302
"Tahira Muhammad","Dartmouth Big Green",43.0493222222222
"Kierra Morrow","Elon Phoenix",43.0492922619048
"Kylie Waytashek","Valparaiso Beacons",43.0477537698413
"Isabella Casey","Bucknell Bison",43.0429303571429
"Hildur Gunnsteinsdottir","Boston University Terriers",43.0420598484848
"Alyssa Febres","Kansas City Roos",43.0419121933622
"Kastyn Young","Utah Tech Trailblazers",43.0368704365079
"Jessie Ozzauto","Lehigh Mountain Hawks",43.0355833333333
"Stella Szabo","Pacific Tigers",43.0309621031746
"Ariel Little","St. John's Red Storm",43.0162311147186
"Kiylynn Dawkins","Northern Illinois Huskies",43.0156369565217
"Emilie Bessell","Davidson Wildcats",43.0121923784548
"Mar'Cyah Willis","Tarleton State Texans",43.0082308959157
"Aubrey Reid","UT Arlington Mavericks",42.9927323232323
"Rebecca Moors","Hawai'i Rainbow Wahine",42.9910666666666
"Tara Daye","St. John's Red Storm",42.9743079448329
"Tanajah Hayes","Florida International Panthers",42.9693702380952
"Jada Bates","Arkansas Razorbacks",42.9565166666667
"MacKenzie Givens","Xavier Musketeers",42.9439916208791
"Morgan Boyd","Presbyterian Blue Hose",42.9185833333334
"Alyssa Tarpley","Samford Bulldogs",42.916331547619
"Joselyn Johnson","Virginia-Lynchburg Dragons",42.9111482142857
"Asha Sra","Grand Canyon Lopes",42.9088404761905
"Natalie Herrin","Presbyterian Blue Hose",42.9069839285714
"Morgan Tompkins","Marist Red Foxes",42.9010348484848
"Amiaya Morgan","Maryland Eastern Shore Hawks",42.9001643759019
"Maddie Vizza","Northeastern Huskies",42.8993185425685
"Takiela Jones","Mississippi University For Women Owls",42.8917054112554
"Cadence Johnson","Merrimack Warriors",42.8803333333333
"Lena Walz","St. Bonaventure Bonnies",42.865569047619
"Jayda Brown","St. John's Red Storm",42.8598536231884
"Veronaye Charlton","North Alabama Lions",42.8440225732601
"Maria Serracanta","Northern Illinois Huskies",42.8309120670995
"Anastasia Drosouni","California Golden Bears",42.824091991342
"Teresa Mbemba","Presbyterian Blue Hose",42.809131547619
"Mona Zaric","Harvard Crimson",42.8068583333333
"Lorena Barbosa","San Francisco Dons",42.8039225732601
"Kamryn Mafua","California Golden Bears",42.8019718050066
"Shannon Blacher","Northern Illinois Huskies",42.7818098124098
"Allie Hueckman","Boise State Broncos",42.7799702898551
"Xanthippi Karatasiou","Canisius Golden Griffins",42.7797475732601
"Ona Alarcon","Maine Black Bears",42.7777692520041
"Alicia Newell","Richmond Spiders",42.7732983308358
"Susana Yepes","Oregon State Beavers",42.7691880387729
"Mya Dotson","Charleston Southern Buccaneers",42.7633951923077
"Kylee Norkus","Evansville Purple Aces",42.7518082875458
"Kaley Perkins","Kent State Golden Flashes",42.7451452898551
"Leah Bullard","Oakland Golden Grizzlies",42.7362982142857
"Brianna Sanchez","UT Rio Grande Valley Vaqueros",42.7278598484848
"Taylor Moffat","Portland State Vikings",42.7269750541125
"Vinyet Morato","Western Michigan Broncos",42.7251857142857
"Emily Fisher","Maryland Terrapins",42.7203906385281
"Julene Royale","Jacksonville Dolphins",42.7151857142857
"Emma Lytle","Air Force Falcons",42.7140852897103
"Emily Monson","Middle Tennessee Blue Raiders",42.696496236131
"Isabella Gonzalez","Virginia-Lynchburg Dragons",42.6913166666667
"Ashala Moseberry","West Virginia Mountaineers",42.6890369565217
"Diarrah Sissoko","New Mexico State Aggies",42.6889009559884
"Erin Powell","Colorado Buffaloes",42.6705418650794
"Avery O'Roke","NJIT Highlanders",42.6635225732601
"Hannah Riddick","Memphis Tigers",42.6559831408929
"Kayanna Cox","SMU Mustangs",42.6531829448329
"Trinity Barnes","UNC Asheville Bulldogs",42.6331023809524
"JaNai Coleman","UT Rio Grande Valley Vaqueros",42.6291803631151
"Logann Alvar","Wyoming Cowgirls",42.6264681818182
"Sh'Diamond McKnight","Mississippi Valley State Devilettes",42.6238149975025
"Kelis Grant","Sam Houston Bearkats",42.61865
"Audrey Annee","Army Black Knights",42.6148577440675
"Stanislava Kabernick","Middle Tennessee Blue Raiders",42.6107631469979
"Raven LeXander","Stetson Hatters",42.6015369565217
"De'Shawnti Thomas","Illinois State Redbirds",42.5993622294372
"Nyla Cooper","Howard Bison",42.5946686147186
"JoJo Nworie","Colorado Buffaloes",42.5873848484848
"Kailyn Farrell","Chattanooga Mocs",42.5550350732601
"Jeanee Anderson","Alcorn State Lady Braves",42.5539571428572
"Ellie Colson","Eastern Illinois Panthers",42.5462410714286
"Daylee Dunn","Cincinnati Bearcats",42.5462213721061
"Georgia Cox","Eastern Illinois Panthers",42.546031547619
"Kyana Weir","Omaha Mavericks",42.5419857142857
"Arlisha Boston","Hampton Lady Pirates",42.5401122197247
"Ines Gnahore","UC Irvine Anteaters",42.5387860653235
"Jamia Blake","Rider Broncs",42.5337339285714
"Audrey Meyers","High Point Panthers",42.5285946488294
"Alisa Blalock","La Salle Explorers",42.52792257326
"Jessica Wangolo","Le Moyne Dolphins",42.5248969516595
"Jayda Johnston","Eastern Illinois Panthers",42.5242023809524
"Lauren Crocker","Utah Tech Trailblazers",42.5187571428571
"Aalayah Wilson","Lindenwood Lions",42.5143148809523
"Gabriella Kelley","Pennsylvania Quakers",42.5142075914424
"Dayshawna Carter","Monmouth Hawks",42.4980767399267
"Gal-la Font","West Georgia Wolves",42.4734589983688
"Kassidy Thompson","Hofstra Pride",42.4728274327122
"Taylor Rietveld","Louisiana Tech Lady Techsters",42.4711523809524
"Sarah Hammack Fitzgerald","Old Dominion Monarchs",42.4690072954823
"Izzy McPherson","Chattanooga Mocs",42.4680184065934
"Jovana Spasovski","Wisconsin Badgers",42.4663672619047
"Wyvette Mayberry","Kansas Jayhawks",42.4657000600848
"Liz Murphy","Akron Zips",42.4654190476191
"Isamery Telleria","Jacksonville Dolphins",42.4624648809524
"Alice Dart","Washington State Cougars",42.4578190476191
"Alena Fusetti","Mercyhurst Lakers",42.455519047619
"Ternadoo Agatha Agba","Southern Illinois Salukis",42.4456720682096
"Caya Smith","Oklahoma Sooners",42.4221960474308
"Rachel Kuhl","Monmouth Hawks",42.4220881469979
"Amany Lopez","Rider Broncs",42.4201765151515
"Riley Wright","St. Thomas-Minnesota Tommies",42.4062336580086
"Sophia Rueppell","Kennesaw State Owls",42.3990553751804
"Sophia Lee","Sacramento State Hornets",42.3967684065934
"Saran Moschella","Navy Midshipmen",42.3904648809524
"Jordana Codio","Texas Longhorns",42.3890931818182
"Kennedy Clifton","Rice Owls",42.3854172161172
"Jayda Holiman","UT Rio Grande Valley Vaqueros",42.3523190476191
"Noga Haran","Stetson Hatters",42.3468434523809
"Mataeya Mathern","North Dakota Fighting Hawks",42.3427483923082
"Natalie Mazurek","TCU Horned Frogs",42.3417036231884
"Makolla Bagayegou","Houston Christian Huskies",42.3350005952381
"Eliza Buerk","Davidson Wildcats",42.3321119565218
"Jada Harrison","Middle Tennessee Blue Raiders",42.3261137085137
"Madison Watts","Loyola Marymount Lions",42.3167990884116
"Imani Warren","New Mexico State Aggies",42.296225008325
"Dacia Jones","Louisiana Ragin' Cajuns",42.2932333333333
"Katie Hurt","Lehigh Mountain Hawks",42.2536184583532
"Alba Garcia","Charleston Southern Buccaneers",42.2480553631151
"Ava Toone","Loyola Marymount Lions",42.240928226363
"Jasmine Timmerson","Davidson Wildcats",42.2340928571429
"Anna Rodgers","Bellarmine Knights",42.2262113154961
"Kennadi Archibald","Sacramento State Hornets",42.2238793807641
"Lucy Lynn","Yale Bulldogs",42.2053475468975
"Shelby Bowman","Western Illinois Leathernecks",42.2012964165062
"Elliott Jessup","North Carolina A&T Aggies",42.2001830266955
"Anna Csenyi","New Mexico State Aggies",42.175131547619
"Shantavia Dawkins","Dayton Flyers",42.1683333333334
"Lauren Rust","Pittsburgh Panthers",42.1683134716732
"Zahra King","California Golden Bears",42.1672811507936
"Jade Moore","Chattanooga Mocs",42.1633936507937
"Rebecca Dwomoh","Robert Morris Colonials",42.1604071428571
"Ella Riggs","Purdue Fort Wayne Mastodons",42.1521119565217
"Aubrie Kierscht","South Carolina Upstate Spartans",42.1467189994788
"Elle Johansson","Wagner Seahawks",42.1362333333333
"Arianna Durrell","Jackson State Lady Tigers",42.1334648809524
"Hilary Behrens","South Dakota State Jackrabbits",42.1144627140975
"LaNiya Scales","North Carolina Central Eagles",42.1027765151515
"Genesis Harris","Tennessee State Lady Tigers",42.1024386881234
"Allysan Tse","Cal State Bakersfield Roadrunners",42.1022333333333
"Naiya Carney","Texas A&M-Corpus Christi Islanders",42.096394534632
"Samiana Suguturaga","Utah State Aggies",42.0929036231884
"Kenya Ramsey","UMBC Retrievers",42.0896754485853
"Momina Kassim","Northwestern State Lady Demons",42.0859181818182
"Kellyn Preira","Monmouth Hawks",42.0837829087579
"Hilke Feldrappe","Missouri Tigers",42.0836863095238
"Tylie Jones","New Mexico State Aggies",42.0795934523809
"Heather Middleton","Mount St. Mary's Mountaineers",42.0636452898551
"Jean Chiu","Washington State Cougars",42.0564461580087
"Hilary Englert","Furman Paladins",42.051063263548
"Asa Snyder","Furman Paladins",42.0220127140975
"Mackenzie Marenchin","Idaho State Bengals",42.0173092074592
"Alexis Parker","UTSA Roadrunners",42.0086640151515
"Valentyna Kadlecova","Indiana Hoosiers",41.996344215929
"Chelsea Bishop","Eastern Michigan Eagles",41.9954934065934
"Taylor Norris","Chicago State Cougars",41.9947310041408
"Xyllize Harrison","Southern Jaguars",41.9931553631152
"Anya McKenzie","Tarleton State Texans",41.9908008741258
"Adiana Pacheco","Marshall Thundering Herd",41.9887556360306
"Addison Klosterbuer","South Dakota Coyotes",41.9858630952381
"Hekla Nokkvadottir","App State Mountaineers",41.981054491342
"Jenesis Hill","Norfolk State Spartans",41.9722476708074
"Dara Capaldi","Eastern Michigan Eagles",41.9692
"Kristen Kelley","Merrimack Warriors",41.9616702898551
"Laila Lewis","North Carolina Central Eagles",41.9553051383399
"Jaidyn Koerdt","Coastal Carolina Chanticleers",41.9474566534914
"Mary Ferrito","UNC Wilmington Seahawks",41.9466872377622
"Sydney Barker","North Carolina Tar Heels",41.9358548219896
"Genevive Wedemeyer","UAB Blazers",41.9275291666666
"Kylie Favours","Lafayette Leopards",41.9229300407925
"Josee Steadman","Boise State Broncos",41.9226470297818
"Kaia Ponder","Kansas City Roos",41.9224732142857
"Josie Grosdidier","Colorado Christian Cougars",41.9182833333333
"Mary McGrath","Lindenwood Lions",41.9177446488294
"Maya Anderson","Detroit Mercy Titans",41.8858628787879
"Samia Greene","Northeastern Huskies",41.8740482142857
"Kaylen Reed","Western Illinois Leathernecks",41.8577537240537
"Sheyene Neale","Bradley Braves",41.8539643457991
"Tia Shelling","Western Kentucky Lady Toppers",41.8354119565217
"Maddy Saracco","Tennessee Tech Golden Eagles",41.826931547619
"Denver Anderson","Southern Utah Thunderbirds",41.8266357142857
"Faith Pappas","Sacred Heart Pioneers",41.8251963203463
"Sara Deidda","Wofford Terriers",41.825109469697
"Cristina Garcia","Loyola Maryland Greyhounds",41.8172309523809
"Claudia Jimenez","Manhattan Jaspers",41.799691025641
"Dejah Jenkins","Merrimack Warriors",41.7829430638806
"Teagan Colvin","UNLV Lady Rebels",41.768813582251
"Ariana Williams","Penn State Lady Lions",41.7507940993789
"Payton Dunbar","Virginia Cavaliers",41.7476047702298
"Dallas Pierce","Massachusetts Minutewomen",41.7451613154961
"Hailey Smith","Ball State Cardinals",41.7413011183261
"Aarionna Redman","Marshall Thundering Herd",41.7386113154961
"Tristan Spearman","Southeast Missouri State Redhawks",41.6912733201581
"Adebukola Akomolafe","VCU Rams",41.6858869565217
"Jaelyn Brown","Longwood Lancers",41.6852553631152
"Caitlin Washington","Bradley Braves",41.6784107660455
"Kianni Westbrook","Tulane Green Wave",41.6780583333333
"Ramani Parker","Seton Hall Pirates",41.6637202898551
"Grace Lomen","Milwaukee Panthers",41.6580675407925
"Avary Cain","UCLA Bruins",41.6440184583533
"Lucija Banovic","Dartmouth Big Green",41.620776984127
"Faith Okorie","George Mason Patriots",41.6131869565218
"Genna Wienecke","Cal State Fullerton Titans",41.599661462149
"Grace Billington","Murray State Racers",41.5995369565217
"Paris Miller","Nicholls Colonels",41.5980422702297
"Raneem ElBarky","Wagner Seahawks",41.5970017399267
"Hanna Miller","Arizona State Sun Devils",41.5951106938955
"Kimora Smith","South Carolina State Lady Bulldogs",41.5858005952381
"Marie Kenembeni","Old Dominion Monarchs",41.5833515151515
"Siena Guttadauro","UTSA Roadrunners",41.5755260979359
"Laila Acox","Radford Highlanders",41.5751166666667
"Tayla Thomas","Northwestern Wildcats",41.5660015151515
"Avery Watkins","Fresno State Bulldogs",41.5643767399267
"Fatou Sane","Duquesne Dukes",41.561053525641
"Mia Galbraith","Texas State Bobcats",41.5603702898551
"Vivien Nejasmic","Xavier Musketeers",41.559394279754
"Nyla Allen","Alabama A&M Bulldogs",41.5542714549339
"Jada Brown","Vanderbilt Commodores",41.5518626262626
"Riley Black","West Georgia Wolves",41.5493849002447
"Chanteese Craig","Detroit Mercy Titans",41.5480184343434
"Stella Gougoufkas","Holy Cross Crusaders",41.5392015151515
"Kimora Lopez","Morgan State Lady Bears",41.5184175120773
"Mary Hollensteiner","Harvard Crimson",41.5177995911094
"Shelomi Sanders","Alabama A&M Bulldogs",41.5082000600848
"Laney Amundsen","Fresno State Bulldogs",41.5069136266511
"Irene Noya Catoira","Illinois Fighting Illini",41.4896076358424
"Khalis Whiting","Stony Brook Seawolves",41.4832416749917
"Bradyn Griffin","North Carolina Central Eagles",41.4726440018315
"Emily Montes","Columbia Lions",41.4689248353096
"Emma Lucio","UTSA Roadrunners",41.4632059065934
"Knisha Godfrey","TCU Horned Frogs",41.4530872294372
"Maya Robinson","Charleston Southern Buccaneers",41.4509666666667
"Shaelyn Steele","Penn State Lady Lions",41.4405898892774
"Caydence Hadley","Towson Tigers",41.4396848484848
"Reniya Jones","Radford Highlanders",41.4173379051504
"Daniela Abies","Miami Hurricanes",41.4144166666666
"Allie McGinn","Fairleigh Dickinson Knights",41.4119851250199
"Piper Engelby","NJIT Highlanders",41.3856265151515
"Courtney Davis","Charleston Southern Buccaneers",41.3832092171717
"Taylor Scohy","UT Martin Skyhawks",41.3768684583532
"Tiffany Barbosa","Portland Pilots",41.3459914044289
"Ayanna Jackson","UNC Greensboro Spartans",41.3440583333333
"Alie Bisballe","Wisconsin Badgers",41.338494047619
"Elli Guiney","UNLV Lady Rebels",41.3345733201581
"Paris Santacaterina","San Diego Toreros",41.3322378787879
"Piper Risdon","Vermont Catamounts",41.3235815018315
"Amy Thompson","South Florida Bulls",41.3178323472421
"Aryelle Stevens","Marquette Golden Eagles",41.3096348484848
"Makeili Ika","Utah Tech Trailblazers",41.3040003787878
"ZaNiya Nelson","Eastern Michigan Eagles",41.2962681818182
"Diora Ressaissi","La Salle Explorers",41.2931374976473
"Grace Munt","Holy Cross Crusaders",41.2687524327123
"Adriana Arroyo","Eastern Illinois Panthers",41.2643713286713
"Danijela Kujovic","Hawai'i Rainbow Wahine",41.2235566534914
"Zayla Tinner","Grambling Lady Tigers",41.221984577922
"Morgan Moseley","East Carolina Pirates",41.2102231060606
"Lex Therien","Loyola Maryland Greyhounds",41.1980869588745
"Emma West","William & Mary Tribe",41.1897225732601
"Leah Brooks","Alabama Crimson Tide",41.1830619565218
"Sarah Cernugel","Notre Dame Fighting Irish",41.1781308959156
"Lexi Sepulveda","Southern Indiana Screaming Eagles",41.1688922702297
"Dacia Lewandowski","Youngstown State Penguins",41.1623625
"Jermesha Frierson","Northwestern State Lady Demons",41.1342781565656
"Emma Dasovich","New Mexico State Aggies",41.1034851010101
"Hanna Knoll","Mercer Bears",41.1015842074592
"Amanda Ajobiewe","Georgetown Hoyas",41.0903181818182
"Alayna Kraus","Oral Roberts Golden Eagles",41.0811523809523
"Nika Kurdija","Vermont Catamounts",41.0732202898551
"Ariana Perry","South Carolina State Lady Bulldogs",41.0426021103896
"Olivia Medford","High Point Panthers",41.0393931818182
"Quinn Eubank","Belmont Bruins",41.0301758741259
"Jaida Brooks","UC Irvine Anteaters",41.0299811230436
"Zya Nugent","West Virginia Mountaineers",40.9975890956266
"Janeya Grant","St. John's Red Storm",40.9889306818182
"Priscila Varela","Idaho State Bengals",40.9821177933178
"Jennesse Byrd","South Carolina State Lady Bulldogs",40.9807973484848
"Carla Subirats","UMass Lowell River Hawks",40.9639112012987
"Denika Lightbourne","Dayton Flyers",40.9636306818182
"Eva Bradshaw","Stetson Hatters",40.9426761363636
"Kat Righeimer","Northwestern Wildcats",40.9363718050066
"Daria Shelby","Omaha Mavericks",40.9259387241985
"Katy Wade","Bradley Braves",40.9252589368964
"Laura Molnarova","James Madison Dukes",40.921388155323
"Emma Arca","Stonehill Skyhawks",40.8967396187146
"Marta Morales Romero","VCU Rams",40.8850000600849
"Paula Reus Piza","Loyola Marymount Lions",40.8785565535914
"Kassandra Martinez","University of The Southwest Mustangs",40.8752904761905
"Keona McGee","Chicago State Cougars",40.8719
"Naia Tanuvasa","BYU Cougars",40.8673423219896
"Kasey Bretones","Massachusetts Minutewomen",40.8607343073593
"Olivia Delancy","Florida A&M Rattlers",40.8534958333333
"Ellie Foster","Northern Iowa Panthers",40.8474119565217
"Kennedy Brandt","Rutgers Scarlet Knights",40.8467832768681
"Bre'Aria Cannon","Eastern Kentucky Colonels",40.8250181818182
"Cameron Dill","Lamar Cardinals",40.8237536231884
"Shakirah Edwards","Mississippi State Bulldogs",40.8055524868248
"Audrey Chen","Cornell Big Red",40.7928431818181
"TT Hill-Brown","UC Riverside Highlanders",40.7795036231884
"Malaya LeSueur","Fresno State Bulldogs",40.7761811147186
"Jordyn Poole","Purdue Boilermakers",40.7708780483405
"Colbi Maples","Cleveland State Vikings",40.7418
"Aaliyah Holmes","Morehead State Eagles",40.7135303631151
"Nia Young","Charlotte 49ers",40.7105616341991
"Ashley Iiams","Drake Bulldogs",40.6823468697969
"Kiana Wilson","Southern Jaguars",40.6777819888445
"Aja Austin","Ohio Bobcats",40.6764333333334
"Mia Hammonds","UTSA Roadrunners",40.670891025641
"Anaisha Carriere","Mississippi State Bulldogs",40.6655613154961
"Meena Tate","Dartmouth Big Green",40.649726242236
"Maya Bokunewicz","Rice Owls",40.6216783813409
"Aina Roque Sucarrats","New Hampshire Wildcats",40.6188094756693
"Aurore Eyango","St. Bonaventure Bonnies",40.6132157550782
"Christabel Osarobo","Gonzaga Bulldogs",40.6114023989899
"Jayda Pinder","Furman Paladins",40.5793196405044
"Kendra Hicks","Nevada Wolf Pack",40.5714806818182
"Alonna Poole","James Madison Dukes",40.5647036231884
"Amiya Jenkins","Pittsburgh Panthers",40.5642261904762
"Satori Griffin","Central Michigan Chippewas",40.5557213203463
"Solangelei Akridge","Alabama State Lady Hornets",40.5519498737374
"Briyanna Sapp","Davis & Elkins Senators",40.5484567999051
"Madison French","Northern Kentucky Norse",40.5410758741259
"Olivia Anderson","Washington Huskies",40.5373991341991
"Jade Blagrove","St. John's Red Storm",40.5258383741258
"Hailey Long","California Baptist Lancers",40.5158289478637
"Amaya Evans","Iona Gaels",40.5008398892774
"Sophia Rampulla","Milwaukee Panthers",40.4990681818182
"Kaliyah Dillard","San José State Spartans",40.4940748353096
"Gwendlyn McGrew","North Texas Mean Green",40.4812806818182
"Ndate Ndiaye","Florida International Panthers",40.480393452381
"Nicole Melious","Seton Hall Pirates",40.4680851250199
"Emmie Streams","Maine Black Bears",40.4558875
"Gabbie Grooms","Georgia Tech Yellow Jackets",40.4405931818182
"Simone Morris","Robert Morris Colonials",40.4233702898551
"Maria Andorinho","Saint Peter's Peacocks",40.4109217074592
"Reagan Barkema","Northern Illinois Huskies",40.4070829965928
"Taylor Meyners","UT Rio Grande Valley Vaqueros",40.4060338263186
"Daria Shishkina","Merrimack Warriors",40.4031050407926
"Lanae Riley","Akron Zips",40.3949931818182
"Cassandra Hawthorne","Bethune-Cookman Wildcats",40.3944505952381
"Jemma Amoore","Sacramento State Hornets",40.3910619565217
"Sydney Roundtree","Air Force Falcons",40.3706648351649
"Marissa Hargrave","Air Force Falcons",40.3472767676767
"Kaya Weiskopf","Central Connecticut Blue Devils",40.3408306818182
"Makayla Minshall","UC Riverside Highlanders",40.3293890151515
"Karoline Lundin","Wyoming Cowgirls",40.3140381553229
"Jill Jekot","Penn State Lady Lions",40.3083750804751
"Rian Forestier","USC Trojans",40.2950440993789
"Erin Stack","Western Carolina Catamounts",40.2862765151515
"Rakisha Ballinger","Jackson State Lady Tigers",40.282203525641
"Brooke Jarvis","Marist Red Foxes",40.2815661519037
"Kellie McConnell","Duquesne Dukes",40.2814305555556
"Drew Alexander","Temple Owls",40.2771613154961
"Gabby Harris","Santa Clara Broncos",40.2614107660456
"Mackenzie Curtis","Idaho Vandals",40.2388439393939
"Payton Muma","Wyoming Cowgirls",40.2311943806194
"Aspen Caldwell","Utah Valley Wolverines",40.2268590909091
"Esther Rodellar","Sam Houston Bearkats",40.2221496993345
"Indya Davis","Georgia Lady Bulldogs",40.2209393356644
"Emma Larios","High Point Panthers",40.2175824675325
"Arial Ford","New Orleans Privateers",40.2175008741258
"Shanaii Gamble","Long Island University Sharks",40.2077773809524
"Perina Lieme","Little Rock Trojans",40.2050017916866
"Anna Eddy","Portland Pilots",40.204377216262
"Kennedy Klick","Minnesota Golden Gophers",40.2017223183821
"Miya Giles-Jones","Fordham Rams",40.1959258741259
"Mecca Alexander","San José State Spartans",40.1955846861472
"Skyler Volmer","North Dakota Fighting Hawks",40.1800800407925
"Filipa Barros","California Baptist Lancers",40.1770475625823
"Adrianna Gonzalez","Iona Gaels",40.1699848484848
"Laney Bone","UNC Asheville Bulldogs",40.1640548219896
"Olivia Smith","Ball State Cardinals",40.1560627140975
"Maryn Archer","Arkansas Razorbacks",40.1534106060606
"Grace John","Sacred Heart Pioneers",40.1378598484848
"Nya Bostic","Florida A&M Rattlers",40.1192324217449
"Hailee Brennen","Charleston Southern Buccaneers",40.0934561206909
"Kristiana Kulackovska","Bowling Green Falcons",40.0757609668109
"Deja Lumsden","Incarnate Word Cardinals",40.0720536231884
"Tasha Lima","UMass Lowell River Hawks",40.0653579545455
"Alex Moses","Canisius Golden Griffins",40.0535392399267
"Jaidyn Elam","Oakland Golden Grizzlies",40.0407382756132
"Leah Mackenzie","North Dakota State Bison",40.0259687747036
"Corniya Clay","Canisius Golden Griffins",40.0124028679654
"Modesti McConnell","Georgetown Hoyas",39.9939848484848
"Favor Ayodele","Tennessee Lady Volunteers",39.9936416666667
"McKenna Rife","Marist Red Foxes",39.9882227873576
"Marina Hernandez","San Francisco Dons",39.982311198946
"Carlota Gomez","Abilene Christian Wildcats",39.9806416666666
"Maddie Pounds","Hofstra Pride",39.9556863095238
"Alexis Black","VCU Rams",39.9548024771123
"Mar Vidal","Omaha Mavericks",39.9477682419432
"Chariot Johnson","Bethune-Cookman Wildcats",39.9468015151515
"Sydnee Eggleton","Seton Hall Pirates",39.9462662337662
"Cia Eklof","Rhode Island Rams",39.9210306818182
"Nevaeh Wingate","St. John's Red Storm",39.8951702898551
"Macy Wike","South Carolina Upstate Spartans",39.8678493589743
"RyAnne Walters","Louisiana Ragin' Cajuns",39.8629770122993
"Madelyn Geers","Purdue Fort Wayne Mastodons",39.8578377140975
"Zenia Palaska","Mercer Bears",39.8378800407925
"Ella Hopkins","Gonzaga Bulldogs",39.8220143457992
"Laia Oliva","Northwestern State Lady Demons",39.8139521547896
"Ayen Angoi","Hofstra Pride",39.7965619565217
"Kimora Jenkins","East Carolina Pirates",39.7936464886562
"Maca Retamales","Florida Gulf Coast Eagles",39.7899272727272
"Gemma Walker","St. Francis (PA) Red Flash",39.7850385780886
"Luisa Anderegg","Pacific Tigers",39.7748549062049
"Aina Subirats","Florida A&M Rattlers",39.7526376262626
"Gabriela Bendeck-Giron","Kennesaw State Owls",39.7413113154961
"Destinee Wells","Tennessee Lady Volunteers",39.7402000600849
"Mariam Traore","Arkansas-Pine Bluff Golden Lions",39.7387175407925
"Lea-line Romain","Eastern Washington Eagles",39.7014113154961
"Makaela Quimby","Wake Forest Demon Deacons",39.6958696488295
"Alyssa Lewis","Queens University Royals",39.6954127247752
"Adout Ring","Presbyterian Blue Hose",39.6751383454106
"McKayla Miller","Tulsa Golden Hurricane",39.6637166666667
"Kaylynn Janes","Northern Iowa Panthers",39.6575730963481
"Adriana Blazquez","Murray State Racers",39.6573274327122
"Louann Battiston","Duke Blue Devils",39.6420005928853
"Asjha Leake","UL Monroe Warhawks",39.6300515151515
"Sophie Singleton","UT Martin Skyhawks",39.6190779821628
"Gracie Grzesk","Wisconsin Badgers",39.6172226708074
"Bella Hasan","Southern Utah Thunderbirds",39.5980476731602
"Idan Shlush","Maine Black Bears",39.5893343313691
"Caiside Snapp","Mississippi Valley State Devilettes",39.5793143457992
"Ava Smith","Utah State Aggies",39.5739722041847
"Reagan Bender","Louisville Cardinals",39.5661566534914
"Kendall Braden","Toledo Rockets",39.5627904040404
"Nahndi Smith","North Carolina A&T Aggies",39.5580036255411
"Olivia Ziolkowski","Marshall Thundering Herd",39.5494877140975
"Justina Hernandez","Milwaukee Panthers",39.5360390151515
"Lucija Milkovic","Missouri Tigers",39.5237476791325
"Noah Garcia","New Mexico State Aggies",39.4639598484848
"Ioanna Stefanaki","Mercer Bears",39.4536640234765
"Kailyn Peters","Nicholls Colonels",39.4512247738372
"Nicole Benini","Seattle U Redhawks",39.450659178744
"Lexi Kerstein","Vermont Catamounts",39.4472833934182
"Jennah Johnson","UMass Lowell River Hawks",39.4407619565217
"Sophia Kelly","Mercyhurst Lakers",39.420984032634
"Aislinn Gibson","William & Mary Tribe",39.4062952898551
"Kaylee Van Eps","Lehigh Mountain Hawks",39.3854128306476
"Kadidia Toure","Arizona State Sun Devils",39.3450108825957
"Cristina Gil Abad","Stetson Hatters",39.3427011183261
"Oralye Kiefer","Northeastern Huskies",39.3221476791325
"Adaora Nwokeji","Princeton Tigers",39.3146499518598
"Lucia Navarro","Oregon State Beavers",39.2930875059723
"Elizabeth Gentry","Creighton Bluejays",39.2116515151515
"Londyn Oliphant","Missouri Tigers",39.2103370009218
"Tara Green","South Alabama Jaguars",39.1587634716733
"Capria Brown","Eastern Kentucky Colonels",39.1299881553229
"Morgan Blackford","Navy Midshipmen",39.1208148351648
"Arshiya Ranjitkar","UC Santa Barbara Gauchos",39.1186842952941
"Ava Sawi","Radford Highlanders",39.0987457310805
"Adalyn Koelling","Murray State Racers",39.0880181818182
"Mariam Coulibaly","Bradley Braves",39.0856917184265
"Kimora Daly","Morgan State Lady Bears",39.0820618589744
"Kamryn Grant","Dayton Flyers",39.0806869565217
"Cydney Curtis","Delaware State Hornets",39.0526822594073
"Emily Eadie","Princeton Tigers",39.0467995670996
"Eliana Sheplee","Northern Iowa Panthers",39.0349551383399
"Stavi Papadaki","Stanford Cardinal",39.0256437747035
"Stephanie Mosley","Norfolk State Spartans",38.9972616300366
"Tiani Abrams","Hampton Lady Pirates",38.9666812853813
"Sydney Piekny","North Dakota Fighting Hawks",38.9468754773005
"Kyraha Parnell","George Washington Revolutionaries",38.9373473484848
"Jenna Hampton","Morehead State Eagles",38.9297566534914
"Aminata Hernandez","Loyola Maryland Greyhounds",38.9079917832168
"Gabrielle Sweeney","Bryant Bulldogs",38.9029415019763
"Zoey Washington","St. Thomas-Minnesota Tommies",38.8541984848484
"Sahana Kanagasabay","UC Davis Aggies",38.8512988513319
"Sandrine Clesca","Monmouth Hawks",38.8175316738817
"Bird Martin","Texas Tech Lady Raiders",38.7734094756693
"Amari Smith","Norfolk State Spartans",38.7715655362753
"Skye Miller","Northwestern State Lady Demons",38.7627399868248
"Erin Tack","Arizona Wildcats",38.7522254412254
"Azailah Funches","Oral Roberts Golden Eagles",38.726141991342
"Kierra Middleton","Tulane Green Wave",38.7219305555556
"Ariana Peagler","Southern Illinois Salukis",38.6772990162615
"Kaitlyn Elsholz","Grand Canyon Lopes",38.671495959596
"Kionna Gaines","Kennesaw State Owls",38.6121257215007
"LeAire Nicks","George Mason Patriots",38.5639181818181
"Mary Bolesky","American University Eagles",38.5617674242424
"Emma Soldis","Liberty Flames",38.5531957310805
"Alexis Stewart","Monmouth Hawks",38.5409989357864
"Linsey Lovrovich","Boise State Broncos",38.4993114357864
"Monique Judge","Florida A&M Rattlers",38.4609082851931
"Brooke Hollawell","Dartmouth Big Green",38.424580473693
"Macy Hanzlick","Denver Pioneers",38.3917582851931
"Samira Khalil","Elon Phoenix",38.3898919871795
"Aaliyah Davis","UTEP Miners",38.3491083333333
"Sofia Decierdo","St. Francis (IL) Fighting Saints",38.3452866485366
"Lexi Bugajski","Wright State Raiders",38.3407363154961
"Ashlee Shaw","Elon Phoenix",38.3276851250199
"Irene Garcia","La Salle Explorers",38.2924536231884
"Mauryah Jones","UT Martin Skyhawks",38.2769973484848
"Angelina Banas","NJIT Highlanders",38.2056446488294
"Haley Wright","Long Beach State Beach",38.1704306818182
"Sasha Murphy","Saint Mary's Gaels",38.0504376262626
"Alyssa Green","Bethune-Cookman Wildcats",37.9638348484848
"Alyssa Costigan","Manhattan Jaspers",37.9391249518597
"Fatumata Djalo","Ole Miss Rebels",37.9243583333333
"Amelia Raidaveta","Nevada Wolf Pack",37.9113354395605
"Emani Wofford","Alabama State Lady Hornets",37.9010183501684
"Brenna Perez","Incarnate Word Cardinals",37.9001345321345
"Louise Dykstra","Northern Colorado Bears",37.8937116341991
"Milaan Moore","Alcorn State Lady Braves",37.8026440993789
"Desirae Ashton","Bucknell Bison",37.8024303631151
"Tamera Maple","Delaware State Hornets",37.76809496337
"Natalie Jasper","Boston University Terriers",37.764219047619
"Kirstine Munk","Portland State Vikings",37.6981229395604
"Lilly Amor","San Diego Toreros",37.1488223484848
"Candela Sabater Sanchez","Maryland Eastern Shore Hawks",37.1268882575758
"Vanessa Wright","Viterbo V-Hawks",37.041658982684
"Erica Carr","San Diego Toreros",37.0314070707071
"Jayda Bowen","Alcorn State Lady Braves",36.9928310124658
"Marta Jaama","Columbia Lions",36.9503295454546
"Claire Fraser","Northern Colorado Bears",36.8473637043512
"Miriam Vilafranca","Texas A&M-Corpus Christi Islanders",36.6213657967033
"Asha Parker","Northeastern Huskies",36.1799021062271
"Kiara Smith","Lindenwood Lions",35.9067003787879
"Jenessa Cotton","Duke Blue Devils",35.5783662337662
