Name,School,Rating,team_key,team_id,conference_id,conf_z,Rating_conf
Paige Bueckers,UConn Huskies,77.02615,uconnhuskies,41,4,1.1815976661979184,79.77507997314018
Serena Sundell,Kansas State Wildcats,75.7787166666667,kansasstatewildcats,2306,8,1.627414016520187,79.23737012430199
Olivia Miles,Notre Dame Fighting Irish,75.1901166666667,notredamefightingirish,87,2,1.7410828106998104,78.69936553239401
Sarah Strong,UConn Huskies,75.94435,uconnhuskies,41,4,1.1815976661979184,78.42026338794912
Payton Verhulst,Oklahoma Sooners,74.7929999999999,oklahomasooners,201,23,2.220381999275397,78.37640502900109
Georgia Amoore,Kentucky Wildcats,74.7723333333334,kentuckywildcats,96,23,2.220381999275397,78.34821806726596
Kymora Johnson,Virginia Cavaliers,74.8126666666667,virginiacavaliers,258,2,1.7410828106998104,78.19067421774773
Kiki Rice,UCLA Bruins,74.50215,uclabruins,26,7,1.8898677492822935,77.98080952484788
Emily Ryan,Iowa State Cyclones,74.74865,iowastatecyclones,66,8,1.627414016520187,77.868140866098
Tonie Morgan,Georgia Tech Yellow Jackets,74.3348666666666,georgiatechyellowjackets,59,2,1.7410828106998104,77.55208098524228
Katie Dinnebier,Drake Bulldogs,76.4396,drakebulldogs,2181,18,0.3818613853103341,77.11580473685146
O'Mariah Gordon,Florida State Seminoles,73.9382833333333,floridastateseminoles,52,2,1.7410828106998104,77.02646599057775
Hailey Van Lith,TCU Horned Frogs,74.0667,tcuhornedfrogs,2628,8,1.627414016520187,76.97583473786126
Addy Brown,Iowa State Cyclones,73.8120999999999,iowastatecyclones,66,8,1.627414016520187,76.64549608577778
Saniya Rivers,NC State Wolfpack,73.5136833333333,ncstatewolfpack,152,2,1.7410828106998104,76.46806862027219
Ta'Niya Latson,Florida State Seminoles,73.4076333333334,floridastateseminoles,52,2,1.7410828106998104,76.329290958834
Jada Walker,Baylor Bears,73.4962333333333,baylorbears,239,8,1.627414016520187,76.23773042226406
Megan McConnell,Duquesne Dukes,75.3163666666667,duquesnedukes,2184,3,0.21493314091272497,75.56833136641639
Chloe Moore-McNeil,Indiana Hoosiers,72.5537833333333,indianahoosiers,84,7,1.8898677492822935,75.38890854900332
Samara Spencer,Tennessee Lady Volunteers,72.4725333333333,tennesseeladyvolunteers,2633,23,2.220381999275397,75.2829270553134
Sarah Andrews,Baylor Bears,72.6765333333333,baylorbears,239,8,1.627414016520187,75.1899466636124
Jaelyn Glenn,Kansas State Wildcats,72.6654166666666,kansasstatewildcats,2306,8,1.627414016520187,75.17583780522756
Ally Becki,Ball State Cardinals,76.5824666666667,ballstatecardinals,2050,14,-0.06421715182798006,75.04009435920742
Lacy Stokes,Missouri State Lady Bears,74.3368333333334,missouristateladybears,2623,18,0.3818613853103341,74.88664127685786
Melannie Daley,Northwestern Wildcats,72.0242,northwesternwildcats,77,7,1.8898677492822935,74.70101858292374
Haven Ford,Murray State Racers,74.0962166666667,murraystateracers,93,18,0.3818613853103341,74.6327632051011
Zoe Brooks,NC State Wolfpack,72.00395,ncstatewolfpack,152,2,1.7410828106998104,74.51750133430892
JuJu Watkins,USC Trojans,71.8447166666666,usctrojans,30,7,1.8898677492822935,74.46941468825595
Madison Scott,Ole Miss Rebels,71.8006833333333,olemissrebels,145,23,2.220381999275397,74.41271119311133
Rori Harmon,Texas Longhorns,71.6874666666666,texaslonghorns,251,23,2.220381999275397,74.2671274138565
Kitty Henderson,Columbia Lions,74.0699,columbialions,171,12,0.1841164774285017,74.2347549556567
Makayla Timpson,Florida State Seminoles,71.7791000000001,floridastateseminoles,52,2,1.7410828106998104,74.23147370403986
Sonia Citron,Notre Dame Fighting Irish,71.7602333333333,notredamefightingirish,87,2,1.7410828106998104,74.20752481695446
Paula Suarez,George Mason Patriots,73.9690833333334,georgemasonpatriots,2244,3,0.21493314091272497,74.18924620943578
Harmoni Turner,Harvard Crimson,73.9676,harvardcrimson,108,12,0.1841164774285017,74.13074713446176
Sedona Prince,TCU Horned Frogs,71.7525333333333,tcuhornedfrogs,2628,8,1.627414016520187,74.02617545746791
Zaay Green,Alabama Crimson Tide,71.4593166666667,alabamacrimsontide,333,23,2.220381999275397,73.97466381348303
Lucy Olsen,Iowa Hawkeyes,71.4039333333333,iowahawkeyes,2294,7,1.8898677492822935,73.9038507422641
Liv McGill,Florida Gators,71.3886,floridagators,57,23,2.220381999275397,73.88425807911057
Hannah Hidalgo,Notre Dame Fighting Irish,71.4764666666667,notredamefightingirish,87,2,1.7410828106998104,73.8482624340832
Jordan Harrison,West Virginia Mountaineers,71.5934666666667,westvirginiamountaineers,277,8,1.627414016520187,73.827620878616
Josie Gilvin,Western Kentucky Lady Toppers,73.7322166666666,westernkentuckyladytoppers,98,11,0.1427033440452017,73.81679683264991
Haley Cavinder,Miami Hurricanes,71.1709666666667,miamihurricanes,2390,2,1.7410828106998104,73.46344091709916
Te-Hina Paopao,South Carolina Gamecocks,71.0319833333333,southcarolinagamecocks,2579,23,2.220381999275397,73.43009867227693
Katelyn Young,Murray State Racers,72.8183666666666,murraystateracers,93,18,0.3818613853103341,73.28838498219777
Cecelia Collins,Columbia Lions,73.0838166666666,columbialions,171,12,0.1841164774285017,73.23274419354904
Lauren Jensen,Creighton Bluejays,71.5874,creightonbluejays,156,4,1.1815976661979184,73.16311490785195
Tori McKinney,Minnesota Golden Gophers,70.7888,minnesotagoldengophers,135,7,1.8898677492822935,73.12204993493366
Serah Williams,Wisconsin Badgers,70.75135,wisconsinbadgers,275,7,1.8898677492822935,73.0747282041912
Alexis Mead,Western Kentucky Lady Toppers,72.9323,westernkentuckyladytoppers,98,11,0.1427033440452017,73.0101476308814
Amaya Battle,Minnesota Golden Gophers,70.6862666666667,minnesotagoldengophers,135,7,1.8898677492822935,72.99256315346052
Dalayah Daniels,Washington Huskies,70.6270333333334,washingtonhuskies,264,7,1.8898677492822935,72.91786499241766
Grace Larkins,South Dakota Coyotes,73.4874166666666,southdakotacoyotes,NA,NA,0,72.80413900733494
Maya McDermott,Northern Iowa Panthers,72.296,northerniowapanthers,2460,18,0.3818613853103341,72.7406494020727
Emilia Long,Alaska Anchorage Seawolves,73.3823333333333,alaskaanchorageseawolves,NA,NA,0,72.70640617835899
Kelsie Siegner,Eastern Oregon Mountaineers,73.2700333333333,easternoregonmountaineers,NA,NA,0,72.60189777353348
Sarah Ashlee Barker,Alabama Crimson Tide,70.34195,alabamacrimsontide,333,23,2.220381999275397,72.55942900965037
Grace Grocholski,Minnesota Golden Gophers,70.3204833333333,minnesotagoldengophers,135,7,1.8898677492822935,72.532510658502
Clara Strack,Kentucky Wildcats,70.3154333333333,kentuckywildcats,96,23,2.220381999275397,72.5261796091831
Makyra Tramble,Oral Roberts Golden Eagles,73.1765666666666,oralrobertsgoldeneagles,NA,NA,0,72.51486606093854
Jessica Bollwahn,Regis (CO) Rangers,73.1003333333333,regiscorangers,NA,NA,0,72.4438477596932
Aneesah Morrow,LSU Tigers,70.1804166666667,lsutigers,99,23,2.220381999275397,72.3571171096232
Alexis Mark,Portland Pilots,72.2469166666666,portlandpilots,2501,29,0.15617675887640683,72.34010508427248
Laura Ziegler,Saint Joseph's Hawks,72.1427833333334,saintjosephshawks,2603,3,0.21493314091272497,72.32466422193144
Jayden Marable,Coastal Carolina Chanticleers,73.39595,coastalcarolinachanticleers,324,27,-0.06224989283771565,72.28238534146476
Madison Booker,Texas Longhorns,70.1090166666666,texaslonghorns,251,23,2.220381999275397,72.26787140158785
Sara Guerreiro,Cleveland State Vikings,72.909,clevelandstatevikings,NA,NA,0,72.26547170049841
Khamil Pierre,Vanderbilt Commodores,70.0231666666666,vanderbiltcommodores,238,23,2.220381999275397,72.16070844196567
Kiara Jackson,UNLV Lady Rebels,72.7581166666666,unlvladyrebels,NA,NA,0,72.12467446203476
Sira Thienou,Ole Miss Rebels,69.9285,olemissrebels,145,23,2.220381999275397,72.04272186492443
Maggie Doogan,Richmond Spiders,71.7931666666667,richmondspiders,257,3,0.21493314091272497,71.96831682953362
Jasmine Bascoe,Villanova Wildcats,70.5349833333333,villanovawildcats,222,4,1.1815976661979184,71.93598444170351
Sayvia Sellers,Washington Huskies,69.7329166666666,washingtonhuskies,264,7,1.8898677492822935,71.79955875366889
Addie Budnik,Richmond Spiders,71.6118166666666,richmondspiders,257,3,0.21493314091272497,71.78354823024225
Mikaylah Williams,LSU Tigers,69.7079666666666,lsutigers,99,23,2.220381999275397,71.76859689908967
Gianna Kneepkens,Utah Utes,69.8817,utahutes,254,8,1.627414016520187,71.72245298738058
Liatu King,Notre Dame Fighting Irish,69.7231999999999,notredamefightingirish,87,2,1.7410828106998104,71.66629891319708
Yarden Garzon,Indiana Hoosiers,69.6191333333332,indianahoosiers,84,7,1.8898677492822935,71.65846408852967
Tara Wallack,Washington State Cougars,71.5578333333333,washingtonstatecougars,265,29,0.15617675887640683,71.64433792970395
Noelani Cornfield,Buffalo Bulls,72.6809,buffalobulls,2084,14,-0.06421715182798006,71.634234993526
Britt Prince,Nebraska Cornhuskers,69.505,nebraskacornhuskers,158,7,1.8898677492822935,71.517205718127
Isabel Grimes,Montevallo Falcons,71.8921999999999,montevallofalcons,NA,NA,0,71.3144360940324
S'Mya Nichols,Kansas Jayhawks,69.5308166666666,kansasjayhawks,2305,8,1.627414016520187,71.29775931506946
Emilee Hope,Oakland City Mighty Oaks,71.8274833333333,oaklandcitymightyoaks,NA,NA,0,71.25373243911851
Amelia Hassett,Kentucky Wildcats,69.2523166666667,kentuckywildcats,96,23,2.220381999275397,71.20542339500493
Kendall Bostic,Illinois Fighting Illini,69.2269833333333,illinoisfightingillini,356,7,1.8898677492822935,71.17423688358286
Ber'Nyah Mayo,St. John's Red Storm,69.8655333333333,stjohnsredstorm,2599,4,1.1815976661979184,71.16312782477497
Jorie Allen,DePaul Blue Demons,69.8564,depaulbluedemons,305,4,1.1815976661979184,71.1526239353226
Anaya James,Pacific Tigers,71.0660666666666,pacifictigers,279,29,0.15617675887640683,71.14802053905069
Elise Williams,Wake Forest Demon Deacons,69.25975,wakeforestdemondeacons,154,2,1.7410828106998104,71.09987598521441
En'Dya Buford,Old Dominion Monarchs,72.0137333333333,olddominionmonarchs,295,27,-0.06224989283771565,71.05039095129547
Mikayla Blakes,Vanderbilt Commodores,69.1082333333333,vanderbiltcommodores,238,23,2.220381999275397,71.02822345259699
Teonni Key,Kentucky Wildcats,69.0651333333334,kentuckywildcats,96,23,2.220381999275397,70.97529866866904
Adalia McKenzie,Illinois Fighting Illini,69.0546833333333,illinoisfightingillini,356,7,1.8898677492822935,70.96247218601638
Ronnie Porter,Wisconsin Badgers,69.0056833333333,wisconsinbadgers,275,7,1.8898677492822935,70.90235810984217
Hannah Stines,Washington Huskies,68.9916666666667,washingtonhuskies,264,7,1.8898677492822935,70.88517106536523
Aziaha James,NC State Wolfpack,69.03605,ncstatewolfpack,152,2,1.7410828106998104,70.82794759354219
Hannah Spainhour,Emory & Henry Wasps,71.3192999999999,emoryhenrywasps,NA,NA,0,70.77636101471718
Karly Weathers,Alabama Crimson Tide,68.8848833333333,alabamacrimsontide,333,23,2.220381999275397,70.75436365104676
Naudia Evans,Loyola Marymount Lions,70.6573666666667,loyolamarymountlions,2351,29,0.15617675887640683,70.73567367502575
Delaney Gibb,BYU Cougars,69.0576166666667,byucougars,252,8,1.627414016520187,70.7285205677068
Jerkaila Jordan,Mississippi State Bulldogs,68.84305,mississippistatebulldogs,344,23,2.220381999275397,70.70318056344892
Tuti Jones,Belmont Bruins,70.3272166666667,belmontbruins,2057,18,0.3818613853103341,70.68518874719534
Paige Meyer,South Dakota State Jackrabbits,71.1662833333333,southdakotastatejackrabbits,NA,NA,0,70.63238161755751
Yvonne Ejim,Gonzaga Bulldogs,70.5548166666667,gonzagabulldogs,2250,29,0.15617675887640683,70.63222753673894
Trinity San Antonio,Grand Canyon Lopes,73.4222166666667,grandcanyonlopes,2253,30,-0.3067245555951177,70.61136902086528
Khadija Faye,Pittsburgh Panthers,68.827,pittsburghpanthers,221,2,1.7410828106998104,70.57468035156462
Julia Ayrault,Michigan State Spartans,68.70055,michiganstatespartans,127,7,1.8898677492822935,70.52909177797181
Derrica McCall,Shorter Hawks,71.0381166666666,shorterhawks,NA,NA,0,70.51170006620468
Emma Ronsiek,Colorado State Rams,71.0313999999999,coloradostaterams,NA,NA,0,70.50537354848359
Flau'jae Johnson,LSU Tigers,68.6799333333333,lsutigers,99,23,2.220381999275397,70.5039380438874
Malene Pedersen,Wyoming Cowgirls,71.0194666666666,wyomingcowgirls,NA,NA,0,70.49413286498279
Molly Mogensen,Creighton Bluejays,69.2080333333333,creightonbluejays,156,4,1.1815976661979184,70.40966046351865
Stailee Heard,Oklahoma State Cowgirls,68.7770333333333,oklahomastatecowgirls,197,8,1.627414016520187,70.39284927556149
Zyanna Walker,Kansas State Wildcats,68.7587666666666,kansasstatewildcats,2306,8,1.627414016520187,70.37104347333431
Kirsten Lewis-Williams,Buffalo Bulls,71.2674833333333,buffalobulls,2084,14,-0.06421715182798006,70.36784912297082
Elena Bosgana,Stanford Cardinal,68.6438166666667,stanfordcardinal,24,2,1.7410828106998104,70.35341988459055
Latasha Lattimore,Virginia Cavaliers,68.6317666666667,virginiacavaliers,258,2,1.7410828106998104,70.33888685339988
Madison Conner,TCU Horned Frogs,68.7161,tcuhornedfrogs,2628,8,1.627414016520187,70.32013255082286
Asia Avinger,Georgia Lady Bulldogs,68.52045,georgialadybulldogs,61,23,2.220381999275397,70.30963880176569
Leah Earnest,Valparaiso Beacons,69.9518166666666,valparaisobeacons,2674,18,0.3818613853103341,70.294786638757
Talaysia Cooper,Tennessee Lady Volunteers,68.4756999999999,tennesseeladyvolunteers,2633,23,2.220381999275397,70.25520876853732
Emme Shearer,Portland Pilots,70.1708,portlandpilots,2501,29,0.15617675887640683,70.24492151249792
Chloe Clardy,Stanford Cardinal,68.5511,stanfordcardinal,24,2,1.7410828106998104,70.24166663979702
Avery Brittingham,UT Arlington Mavericks,72.9056833333333,utarlingtonmavericks,250,30,-0.3067245555951177,70.23966769691883
Halle Vice,Marquette Golden Eagles,69.0311166666667,marquettegoldeneagles,269,4,1.1815976661979184,70.20784087631156
Jaloni Cambridge,Ohio State Buckeyes,68.4320666666667,ohiostatebuckeyes,194,7,1.8898677492822935,70.20217435414978
Zahirah Walton,George Mason Patriots,69.9701999999999,georgemasonpatriots,2244,3,0.21493314091272497,70.11316251675899
DeYona Gaston,Auburn Tigers,68.3559166666666,auburntigers,2,23,2.220381999275397,70.1097055182424
Lexi Donarski,North Carolina Tar Heels,68.4237833333334,northcarolinatarheels,153,2,1.7410828106998104,70.08846549981078
Carys Baker,Virginia Tech Hokies,68.4185666666666,virginiatechhokies,259,2,1.7410828106998104,70.0821945376282
Kylie Horstmeyer,San Diego Toreros,69.9596666666667,sandiegotoreros,301,29,0.15617675887640683,70.032023782877
Darianna Littlepage-Buggs,Baylor Bears,68.4336166666666,baylorbears,239,8,1.627414016520187,69.9838502252408
Anna Miller,Drake Bulldogs,69.6248666666667,drakebulldogs,2181,18,0.3818613853103341,69.95515007262432
Lachelle Austin,Ball State Cardinals,70.7936166666666,ballstatecardinals,2050,14,-0.06421715182798006,69.93973983639152
Deja Kelly,Oregon Ducks,68.12445,oregonducks,2483,7,1.8898677492822935,69.82931921756767
Amari Whiting,BYU Cougars,68.2963333333333,byucougars,252,8,1.627414016520187,69.82090845914315
Anhelica Shanrock,Dickinson State (ND) Blue Hawks,70.2469333333333,dickinsonstatendbluehawks,NA,NA,0,69.765047990141
Kiki Iriafen,USC Trojans,68.05125,usctrojans,30,7,1.8898677492822935,69.740861034014
Kennedy Todd-Williams,Ole Miss Rebels,68.0444,olemissrebels,145,23,2.220381999275397,69.73258837322132
Ava Learn,Murray State Racers,69.3936,murraystateracers,93,18,0.3818613853103341,69.71511928266361
Bella Vinson,Lipscomb Bisons,70.1815,lipscombbisons,NA,NA,0,69.70317059962093
Ryley Goebel,Northern Iowa Panthers,69.3369833333333,northerniowapanthers,2460,18,0.3818613853103341,69.65638323484416
Nevaeh Thomas,Illinois State Redbirds,69.3325833333333,illinoisstateredbirds,2287,18,0.3818613853103341,69.65181895462274
Gabriela Jaquez,UCLA Bruins,67.9710333333334,uclabruins,26,7,1.8898677492822935,69.6440398618496
Essence Cody,Alabama Crimson Tide,67.9618,alabamacrimsontide,333,23,2.220381999275397,69.63290304512209
Peyton McDaniel,James Madison Dukes,70.4352833333333,jamesmadisondukes,256,27,-0.06224989283771565,69.62490201789103
Skylar Forbes,Marquette Golden Eagles,68.50055,marquettegoldeneagles,269,4,1.1815976661979184,69.60486819034043
Alice Recanati,Eastern Kentucky Colonels,70.0637666666667,easternkentuckycolonels,NA,NA,0,69.59178740311017
Liz Smith,Pacific Tigers,69.49895,pacifictigers,279,29,0.15617675887640683,69.56756361550627
Taylor Thierry,Ohio State Buckeyes,67.8878333333333,ohiostatebuckeyes,194,7,1.8898677492822935,69.54374564820976
Paige Kohler,Bowling Green Falcons,70.3495,bowlinggreenfalcons,189,14,-0.06421715182798006,69.5369561257701
Mila Holloway,Michigan Wolverines,67.8785666666667,michiganwolverines,130,7,1.8898677492822935,69.5325830860844
Emani Jefferson,Florida Gulf Coast Eagles,69.9512166666666,floridagulfcoasteagles,NA,NA,0,69.48525054308446
Genesis Bryant,Illinois Fighting Illini,67.8330333333333,illinoisfightingillini,356,7,1.8898677492822935,69.47775725969554
Avery Koenen,North Dakota State Bison,69.9250666666667,northdakotastatebison,NA,NA,0,69.46048964266551
Olivia Olson,Michigan Wolverines,67.8089,michiganwolverines,130,7,1.8898677492822935,69.44871444962348
Shyanne Sellers,Maryland Terrapins,67.75885,marylandterrapins,120,7,1.8898677492822935,69.38851725305786
Katie Collins,Pennsylvania Quakers,69.28445,pennsylvaniaquakers,219,12,0.1841164774285017,69.38233551224417
Kelsey Ransom,Georgetown Hoyas,68.2627333333334,georgetownhoyas,46,4,1.1815976661979184,69.33568501242522
Amellia Bromenschenkel,Purdue Fort Wayne Mastodons,69.7546666666667,purduefortwaynemastodons,NA,NA,0,69.29906788455911
Yaya Felder,Baylor Bears,67.8394166666666,baylorbears,239,8,1.627414016520187,69.28084854789408
Sophie Glancey,Northern Arizona Lumberjacks,69.8008666666666,northernarizonalumberjacks,2464,5,-0.02468095143188219,69.22527734681725
Kayla Williams,California Golden Bears,67.6983,californiagoldenbears,25,2,1.7410828106998104,69.22103604566294
Amy Velasco,Bowling Green Falcons,69.9959333333333,bowlinggreenfalcons,189,14,-0.06421715182798006,69.2152442460358
Maya Hernandez,Loyola Marymount Lions,69.1456833333333,loyolamarymountlions,2351,29,0.15617675887640683,69.21152375131076
Skylar Vann,Oklahoma Sooners,67.5925166666667,oklahomasooners,201,23,2.220381999275397,69.18879449132342
JJ Quinerly,West Virginia Mountaineers,67.7516166666667,westvirginiamountaineers,277,8,1.627414016520187,69.17746371658845
Alasia Smith,Memphis Tigers,69.6197833333333,memphistigers,NA,NA,0,69.17120162452993
Lili Wilken,Alabama-Huntsville Chargers,69.6018666666667,alabamahuntsvillechargers,NA,NA,0,69.1542111034312
Ta'Mia Scott,Middle Tennessee Blue Raiders,69.1009,middletennesseeblueraiders,2393,11,0.1427033440452017,69.15178507789639
Megan Olbrys,Massachusetts Minutewomen,69.01925,massachusettsminutewomen,113,3,0.21493314091272497,69.1472553304712
Alyssa Ustby,North Carolina Tar Heels,67.6254666666667,northcarolinatarheels,153,2,1.7410828106998104,69.1344641726906
Rayah Marshall,USC Trojans,67.4969333333334,usctrojans,30,7,1.8898677492822935,69.0742542104758
Ashtyn Barrett,Alice Lloyd College Eagles,69.5135333333333,alicelloydcollegeeagles,NA,NA,0,69.07042361143529
Taylor Barbot,Charleston Cougars,72.8935833333333,charlestoncougars,232,10,-0.4891651654627686,69.05617074510678
Izzy Higginbottom,Arkansas Razorbacks,67.4738333333334,arkansasrazorbacks,8,23,2.220381999275397,69.04659787789582
Grace Arnolie,Brown Bears,68.94545,brownbears,225,12,0.1841164774285017,69.03951053182541
Anaiyah Tu'ua,California Baptist Lancers,71.23805,californiabaptistlancers,2856,30,-0.3067245555951177,69.00337572527694
Kayla Presley,Texas Lutheran Bulldogs,69.4407833333334,texaslutheranbulldogs,NA,NA,0,69.00139226560597
Laniah Randle,Missouri Tigers,67.4164166666666,missouritigers,142,23,2.220381999275397,68.97789824312595
Amarachi Kimpson,UNLV Lady Rebels,69.4138166666667,unlvladyrebels,NA,NA,0,68.97579824347775
Meghan Mayotte,Ohio Dominican Panthers,69.4010833333333,ohiodominicanpanthers,NA,NA,0,68.96371197357891
Ashlyn Traylor-Walker,Stephen F. Austin Ladyjacks,72.0901166666667,stephenfaustinladyjacks,2617,25,-0.4220080591350636,68.95600821710421
Allyson Fertig,Wyoming Cowgirls,69.3901333333333,wyomingcowgirls,NA,NA,0,68.95331785932305
Lauren Sansano,Texas Lutheran Bulldogs,69.2908,texaslutheranbulldogs,NA,NA,0,68.85900387350706
Sydney Affolter,Iowa Hawkeyes,67.3118,iowahawkeyes,2294,7,1.8898677492822935,68.85287715312859
Jade Hill,St. Thomas-Minnesota Tommies,69.2725,stthomasminnesotatommies,NA,NA,0,68.8416239928182
Jillian Hayes,Cincinnati Bearcats,67.4474166666667,cincinnatibearcats,2132,8,1.627414016520187,68.8202270729588
Emily Mellema,Wyoming Cowgirls,69.1941666666666,wyomingcowgirls,NA,NA,0,68.76721316938047
Destiny Adams,Rutgers Scarlet Knights,67.23815,rutgersscarletknights,164,7,1.8898677492822935,68.7649810281455
Kara Dunn,Georgia Tech Yellow Jackets,67.2994666666667,georgiatechyellowjackets,59,2,1.7410828106998104,68.74808915657135
Kennedy Johnson,Saint Mary's Gaels,68.6771833333333,saintmarysgaels,2608,29,0.15617675887640683,68.73947313174278
Hannah Ronsiek,Colorado State Rams,69.1612833333333,coloradostaterams,NA,NA,0,68.73596870939295
Bella Earle,Abilene Christian Wildcats,70.8456166666667,abilenechristianwildcats,2000,30,-0.3067245555951177,68.70469862205483
Emma Smith,Denver Pioneers,69.11575,denverpioneers,NA,NA,0,68.69269717134259
Ioanna Krimili,California Golden Bears,67.2364833333334,californiagoldenbears,25,2,1.7410828106998104,68.67365006010087
Temira Poindexter,Kansas State Wildcats,67.3079333333333,kansasstatewildcats,2306,8,1.627414016520187,68.65691791740537
Peyton Carter,Tennessee Tech Golden Eagles,72.0144833333333,tennesseetechgoldeneagles,2635,20,-0.46568010292818823,68.64923016357459
Briana Marquez,Northern New Mexico Eagles,69.0315833333333,northernnewmexicoeagles,NA,NA,0,68.61268835781743
Georgia Woolley,Syracuse Orange,67.1785666666666,syracuseorange,183,2,1.7410828106998104,68.60525828393853
Anastasiia Boldyreva,Middle Tennessee Blue Raiders,68.5227166666667,middletennesseeblueraiders,2393,11,0.1427033440452017,68.57022670423082
Amber Tretter,Miami (OH) RedHawks,69.2870166666667,miamiohredhawks,193,14,-0.06421715182798006,68.56746206559437
Elle Ladine,Washington Huskies,67.0530333333334,washingtonhuskies,264,7,1.8898677492822935,68.54448653003323
Molly Heard,Lipscomb Bisons,68.9505333333333,lipscombbisons,NA,NA,0,68.53561415042124
Sydney Freeman,Purdue Fort Wayne Mastodons,68.9316333333333,purduefortwaynemastodons,NA,NA,0,68.51763731249942
Loyal McQueen,Clemson Tigers,67.0871166666667,clemsontigers,228,2,1.7410828106998104,68.49738294256237
Jayda McNabb,Air Force Falcons,68.8994666666666,airforcefalcons,NA,NA,0,68.48703838519697
Zanai Jones,SMU Mustangs,67.0768833333334,smumustangs,2567,2,1.7410828106998104,68.48532031415832
Nina De Leon Negron,UTSA Roadrunners,68.8829833333333,utsaroadrunners,NA,NA,0,68.4713567456992
Teya Sidberry,Boston College Eagles,67.0648833333333,bostoncollegeeagles,103,2,1.7410828106998104,68.47117744159439
Sydney Shaw,West Virginia Mountaineers,67.1438,westvirginiamountaineers,277,8,1.627414016520187,68.46514005619258
Faith Masonius,Seton Hall Pirates,67.4890833333333,setonhallpirates,2550,4,1.1815976661979184,68.46451549638363
Madison Hayes,NC State Wolfpack,67.0464666666666,ncstatewolfpack,152,2,1.7410828106998104,68.44947673712807
Lee Volker,Marquette Golden Eagles,67.4727333333333,marquettegoldeneagles,269,4,1.1815976661979184,68.44617765115042
Koi Love,UT Arlington Mavericks,70.4927666666667,utarlingtonmavericks,250,30,-0.3067245555951177,68.43371777204966
Kendal Cheesman,Belmont Bruins,68.1438,belmontbruins,2057,18,0.3818613853103341,68.4208646125573
Alexis Markowski,Nebraska Cornhuskers,66.9452666666667,nebraskacornhuskers,158,7,1.8898677492822935,68.41640517049946
Olivia Olsen,Providence Friars,67.4341666666666,providencefriars,2507,4,1.1815976661979184,68.40293380676998
Chance Gray,Ohio State Buckeyes,66.9337166666667,ohiostatebuckeyes,194,7,1.8898677492822935,68.40269010081
Sydney Parrish,Indiana Hoosiers,66.9241833333333,indianahoosiers,84,7,1.8898677492822935,68.39137149711901
Jenna Batsch,Kent State Golden Flashes,69.0782666666667,kentstategoldenflashes,2309,14,-0.06421715182798006,68.37603321796875
Fadima Tall,Princeton Tigers,68.2665500000001,princetontigers,163,12,0.1841164774285017,68.3532795158934
Sabria Dean,Lamar Cardinals,71.1524166666666,lamarcardinals,2320,25,-0.4220080591350636,68.3170770938992
Kilyn McGuff,Butler Bulldogs,67.3450166666667,butlerbulldogs,2086,4,1.1815976661979184,68.30303530742826
Esmeralda Morales,Montana State Bobcats,68.7891,montanastatebobcats,147,5,-0.02468095143188219,68.27748192617946
Emilee Weakley,Frostburg State Bobcats,68.6759,frostburgstatebobcats,NA,NA,0,68.27424921548425
Benthe Versteeg,Sacramento State Hornets,68.7632666666666,sacramentostatehornets,16,5,-0.02468095143188219,68.25321113279121
Kaitlyn Flanagan,Holy Cross Crusaders,71.6864166666667,holycrosscrusaders,107,22,-0.505160124153813,68.21314172778906
Kate Novik,Morehead State Eagles,71.2860166666666,moreheadstateeagles,2413,20,-0.46568010292818823,68.1721386601552
Taylor Feldman,Northern Arizona Lumberjacks,68.6711166666667,northernarizonalumberjacks,2464,5,-0.02468095143188219,68.16660670753629
Lashae Dwyer,St. John's Red Storm,67.2004,stjohnsredstorm,2599,4,1.1815976661979184,68.14116927880875
Anna Gret Asi,Oklahoma State Cowgirls,66.8437,oklahomastatecowgirls,197,8,1.627414016520187,68.11557695573894
Chellia Watson,Buffalo Bulls,68.7904,buffalobulls,2084,14,-0.06421715182798006,68.11155503330667
Shay Ciezki,Indiana Hoosiers,66.6687166666667,indianahoosiers,84,7,1.8898677492822935,68.08865771371929
Jaddan Simmons,Michigan State Spartans,66.6637833333333,michiganstatespartans,127,7,1.8898677492822935,68.08282317943495
La'Nya Foster,Austin Peay Governors,68.4583666666667,austinpeaygovernors,NA,NA,0,68.06700501046329
Dazia Lawrence,Kentucky Wildcats,66.61535,kentuckywildcats,96,23,2.220381999275397,68.02556461476848
Theryn Hallock,Michigan State Spartans,66.6086166666667,michiganstatespartans,127,7,1.8898677492822935,68.01760758456346
Tiarra Brown,Grand Canyon Lopes,69.9386166666666,grandcanyonlopes,2253,30,-0.3067245555951177,68.00359070539686
Mataya Gayle,Pennsylvania Quakers,67.8915333333333,pennsylvaniaquakers,219,12,0.1841164774285017,67.97439668755563
Kaylene Smikle,Maryland Terrapins,66.5456833333333,marylandterrapins,120,7,1.8898677492822935,67.94327472774616
Oluchi Okananwa,Duke Blue Devils,66.6150333333333,dukebluedevils,150,2,1.7410828106998104,67.94271533117039
Mia Jacobs,Fresno State Bulldogs,68.3179500000001,fresnostatebulldogs,NA,NA,0,67.93312754496036
Olivia Pollerd,Santa Clara Broncos,67.8333333333333,santaclarabroncos,2541,29,0.15617675887640683,67.88958260695132
Hope Hassmann,Idaho Vandals,68.3613166666667,idahovandals,70,5,-0.02468095143188219,67.87513040787094
Amiya Joyner,East Carolina Pirates,68.2488666666667,eastcarolinapirates,NA,NA,0,67.86723216943835
Maye Toure,Utah Utes,66.6163833333333,utahutes,254,8,1.627414016520187,67.85171121769599
Halli Poock,Murray State Racers,67.5825333333333,murraystateracers,93,18,0.3818613853103341,67.84117096925834
Skylar Treadwell,Bellarmine Knights,68.2187166666667,bellarmineknights,NA,NA,0,67.83846746754533
Kennedy Calhoun,Saint Louis Billikens,67.7276833333333,saintlouisbillikens,139,3,0.21493314091272497,67.83724404944927
Ashley Chea,Princeton Tigers,67.7522666666667,princetontigers,163,12,0.1841164774285017,67.83372677464745
Jayda Curry,Louisville Cardinals,66.5175166666667,louisvillecardinals,97,2,1.7410828106998104,67.82859387388149
Sarah Lamet,Saint Martin's Saints,68.2031166666667,saintmartinssaints,NA,NA,0,67.8235828055577
Stefanie Ingram,Florida Atlantic Owls,68.2023166666667,floridaatlanticowls,NA,NA,0,67.82281946323516
Jalynn Gregory,Middle Tennessee Blue Raiders,67.7752166666667,middletennesseeblueraiders,2393,11,0.1427033440452017,67.81860868901481
Mya Blake,Northwestern State Lady Demons,70.39225,northwesternstateladydemons,2466,25,-0.4220080591350636,67.78381364615822
Shawntenna Tillman,Coker Cobras,68.1513666666667,cokercobras,NA,NA,0,67.77419881555551
Morgan Maly,Creighton Bluejays,66.8635166666667,creightonbluejays,156,4,1.1815976661979184,67.7649885166124
Chelby Koker,Northern Illinois Huskies,68.4126333333333,northernillinoishuskies,2459,14,-0.06421715182798006,67.76361948046095
Charity Gallegos,North Alabama Lions,68.11015,northalabamalions,NA,NA,0,67.73485890950886
Ali Saunders,Southern Indiana Screaming Eagles,70.6345166666666,southernindianascreamingeagles,88,20,-0.46568010292818823,67.73393170030636
Lexie Givens,Nevada Wolf Pack,68.0973166666667,nevadawolfpack,NA,NA,0,67.7226085445435
Ruby Santos,Saint Michael's Purple Knights,68.0890833333333,saintmichaelspurpleknights,NA,NA,0,67.71474887357782
Chloe Kitts,South Carolina Gamecocks,66.34155,southcarolinagamecocks,2579,23,2.220381999275397,67.70263271430797
Angelina Dimarsico,Dominican (NY) Chargers,68.0306833333333,dominicannychargers,NA,NA,0,67.65899155535493
Maisie Burnham,Portland Pilots,67.59635,portlandpilots,2501,29,0.15617675887640683,67.65098258089003
Amyah Moore Allen,Colorado-Colorado Springs Mountain Lions,68.0035333333333,coloradocoloradospringsmountainlions,NA,NA,0,67.63306551349109
Syla Swords,Michigan Wolverines,66.2821833333334,michiganwolverines,130,7,1.8898677492822935,67.632781645119593
Hannah Stuelke,Iowa Hawkeyes,66.2727333333333,iowahawkeyes,2294,7,1.8898677492822935,67.62166823900773
Allie Turner,Gonzaga Bulldogs,67.5130833333334,gonzagabulldogs,2250,29,0.15617675887640683,67.5671559876038
Rashunda Jones,Purdue Boilermakers,66.2251,purdueboilermakers,2509,7,1.8898677492822935,67.56567335391163
Aaliyah McQueen,Detroit Mercy Titans,67.9136333333333,detroitmercytitans,NA,NA,0,67.54719747393683
Mihjae Hayes,Virginia St Trojans,67.9069333333333,virginiasttrojans,NA,NA,0,67.54079668531645
Jordyn Jenkins,UTSA Roadrunners,67.89995,utsaroadrunners,NA,NA,0,67.53412502802922
Stefanie Kulesza,Massachusetts Minutewomen,67.3942166666666,massachusettsminutewomen,113,3,0.21493314091272497,67.49934860194854
Leia Beattie,Northern Arizona Lumberjacks,67.9578666666667,northernarizonalumberjacks,2464,5,-0.02468095143188219,67.4948143625894
Crystal Henderson,Georgia State Panthers,68.1117833333333,georgiastatepanthers,2247,27,-0.06224989283771565,67.49350173809513
Jailyn Banks,Belmont Bruins,67.2402666666666,belmontbruins,2057,18,0.3818613853103341,67.48811601228567
Nevaeh Jackson,Valparaiso Beacons,67.2387333333334,valparaisobeacons,2674,18,0.3818613853103341,67.4865350995953
Tate Walters,Furman Paladins,70.27365,furmanpaladins,231,24,-0.4695431161729573,67.46785375382832
Ariel Jenkins,Georgetown Hoyas,66.5806833333334,georgetownhoyas,46,4,1.1815976661979184,67.45010396859482
Ny'Ceara Pryor,Sacred Heart Pioneers,72.8910166666667,sacredheartpioneers,2529,13,-0.7445170244651927,67.44375010608455
Maia Jones,Saint Mary's Gaels,67.3841166666666,saintmarysgaels,2608,29,0.15617675887640683,67.43733034377253
Azzi Fudd,UConn Huskies,66.5649666666667,uconnhuskies,41,4,1.1815976661979184,67.4326311302276
Alyssa Brown,UNLV Lady Rebels,67.77445,unlvladyrebels,NA,NA,0,67.4141935470788
Kennedy Harris,George Mason Patriots,67.3001666666667,georgemasonpatriots,2244,3,0.21493314091272497,67.40407345705609
Tatum Thompson,Boise State Broncos,67.7612666666667,boisestatebroncos,NA,NA,0,67.40159157843075
Destini Lombard,Purdue Boilermakers,66.0827166666666,purdueboilermakers,2509,7,1.8898677492822935,67.39852348103268
Catherine Or,Carnegie Mellon Tartans,67.7485666666667,carnegiemellontartans,NA,NA,0,67.38945098545851
Kiera Pemberton,North Dakota Fighting Hawks,67.74395,northdakotafightinghawks,NA,NA,0,67.38503751640151
Sophie Burrows,Syracuse Orange,66.1329166666667,syracuseorange,183,2,1.7410828106998104,67.37999198351885
Bella Smuda,Liberty Flames,67.3291833333334,libertyflames,2335,11,0.1427033440452017,67.37024563887189
Leah Mafua,Central Arkansas Sugar Bears,67.7271333333333,centralarkansassugarbears,NA,NA,0,67.3689603125633
Abrie Cabana,Grand Valley State Lakers,67.7257666666667,grandvalleystatelakers,NA,NA,0,67.36765369243172
Truitt Reilly,San Diego Toreros,67.2978333333334,sandiegotoreros,301,29,0.15617675887640683,67.35047789593149
Ainhoa Cea,Lipscomb Bisons,67.7004166666666,lipscombbisons,NA,NA,0,67.34341616003684
Kyrah Daniels,Missouri State Lady Bears,67.0903,missouristateladybears,2623,18,0.3818613853103341,67.33352730721995
Matilda Ekh,Virginia Tech Hokies,66.0862166666667,virginiatechhokies,259,2,1.7410828106998104,67.32568021958959
Kaitlyn Costner,Eastern Kentucky Colonels,67.6767,easternkentuckycolonels,NA,NA,0,67.3207380132145
Jasmine Kondrakiewicz,Green Bay Phoenix,67.6615666666666,greenbayphoenix,NA,NA,0,67.30626620199116
Macy McGlone,Eastern Illinois Panthers,69.9924666666667,easternillinoispanthers,2197,20,-0.46568010292818823,67.29174295265564
Paris Bradley,Louisiana Tech Lady Techsters,67.24,louisianatechladytechsters,2348,11,0.1427033440452017,67.28060763939462
Grace Cave,Omaha Mavericks,67.6263,omahamavericks,NA,NA,0,67.27253768578899
Lexi Fleming,Bowling Green Falcons,67.85825,bowlinggreenfalcons,189,14,-0.06421715182798006,67.2512817463323
Kate Ellis,Findlay Oilers,67.5884166666667,findlayoilers,NA,NA,0,67.23630124553034
Jada Eads,Seton Hall Pirates,66.3819666666667,setonhallpirates,2550,4,1.1815976661979184,67.22937365481289
Trinity Moore,Stephen F. Austin Ladyjacks,69.6106833333333,stephenfaustinladyjacks,2617,25,-0.4220080591350636,67.22176814057364
Sidney Love,UTSA Roadrunners,67.5717,utsaroadrunners,NA,NA,0,67.22030952852968
Sydne Tolbert,West Georgia Wolves,67.5475,westgeorgiawolves,NA,NA,0,67.19715708966038
Fiona Snashall,Regis Rangers,67.5314333333333,regisrangers,NA,NA,0,67.18178465984474
Alli Campbell,Penn State Lady Lions,65.89155,pennstateladylions,213,7,1.8898677492822935,67.17463638243511
Courtney Becker,Drake Bulldogs,66.9297833333333,drakebulldogs,2181,18,0.3818613853103341,67.1681333887233
Emily Robinson,Oral Roberts Golden Eagles,67.5129,oralrobertsgoldeneagles,NA,NA,0,67.1640509084375
Avery Collins,Concordia-Ann Arbor Cardinals,67.5116333333333,concordiaannarborcardinals,NA,NA,0,67.16283884103032
Jordyn Dorsey,North Carolina A&T Aggies,69.9472166666666,northcarolinaataggies,2448,10,-0.4891651654627686,67.1500771701252
Desiree Wooten,North Texas Mean Green,67.4911166666666,northtexasmeangreen,NA,NA,0,67.14320567639332
Carleigh Wenzel,Virginia Tech Hokies,65.9214666666666,virginiatechhokies,259,2,1.7410828106998104,67.1343497891552
Kayla Cooper,Southern Illinois Salukis,66.8814833333333,southernillinoissalukis,79,18,0.3818613853103341,67.11837986219057
Kacey Spink,Idaho State Bengals,67.533,idahostatebengals,304,5,-0.02468095143188219,67.09343666510452
Jaidynn Mason,Marquette Golden Eagles,66.2299333333333,marquettegoldeneagles,269,4,1.1815976661979184,67.06077612629305
Tajianna Roberts,Louisville Cardinals,65.8489166666667,louisvillecardinals,97,2,1.7410828106998104,67.0502286356607
Bella Fontleroy,Baylor Bears,65.9163833333333,baylorbears,239,8,1.627414016520187,67.04400426478558
Zanai Barnett-Gay,Navy Midshipmen,69.8996333333333,navymidshipmen,2426,22,-0.505160124153813,67.04292628523146
Raelyn Kelty,Concordia Nebraska Bulldogs,67.3780333333333,concordianebraskabulldogs,NA,NA,0,67.03496293539551
Marie Kiefer,Ball State Cardinals,67.5921333333334,ballstatecardinals,2050,14,-0.06421715182798006,67.00463164513994
Bridget Dunn,Kent State Golden Flashes,67.5653166666666,kentstategoldenflashes,2309,14,-0.06421715182798006,66.97975125834414
Tyi Skinner,Arizona State Sun Devils,65.8602666666666,arizonastatesundevils,9,8,1.627414016520187,66.97956308217394
Gabby Elliott,Penn State Lady Lions,65.72195,pennstateladylions,213,7,1.8898677492822935,66.97651195477589
Courtney Blakely,Middle Tennessee Blue Raiders,66.9288333333333,middletennesseeblueraiders,2393,11,0.1427033440452017,66.9678832541153
Emma Calvert,BYU Cougars,65.8442333333333,byucougars,252,8,1.627414016520187,66.96115962844593
Kayba Laube,Northern Iowa Panthers,66.7096333333333,northerniowapanthers,2460,18,0.3818613853103341,66.94141058246596
Jaiden Ross,Webber International Warriors,67.2765833333334,webberinternationalwarriors,NA,NA,0,66.93781385524291
Jaaucklyn Moore,North Texas Mean Green,67.26505,northtexasmeangreen,NA,NA,0,66.92676698544301
Mackenzie Egger,Yale Bulldogs,66.8364,yalebulldogs,43,12,0.1841164774285017,66.90905852831926
Dontavia Waggoner,Boston College Eagles,65.7109333333333,bostoncollegeeagles,103,2,1.7410828106998104,66.89046219542954
Ashlon Jackson,Duke Blue Devils,65.7096666666667,dukebluedevils,150,2,1.7410828106998104,66.8889969177975
Brianne Foley,Johnson & Wales (RI) Griffins,67.2222833333333,johnsonwalesrigriffins,NA,NA,0,66.8857997530187
Sammi Mikonowicz,Toledo Rockets,67.4473666666666,toledorockets,2649,14,-0.06421715182798006,66.87026302591069
Angeliki Ziaka,San Francisco Dons,66.81415,sanfranciscodons,2539,29,0.15617675887640683,66.86368584652294
Sarah Te-Biasu,Maryland Terrapins,65.6220833333334,marylandterrapins,120,7,1.8898677492822935,66.86006879920127
Emma Koons,Ohio Christian Trailblazers,67.1736666666667,ohiochristiantrailblazers,NA,NA,0,66.83922022808613
Mar'shaun Bostic,Auburn Tigers,65.6025333333333,auburntigers,2,23,2.220381999275397,66.83729271221071
Jade Weathersby,UAB Blazers,67.1415333333334,uabblazers,NA,NA,0,66.80842843490943
Alyssa Hargrove,New Mexico Lobos,67.1269333333333,newmexicolobos,NA,NA,0,66.79443668281517
Rachel Ullstrom,Richmond Spiders,66.6707333333333,richmondspiders,257,3,0.21493314091272497,66.76670639544292
Jewel Spear,Tennessee Lady Volunteers,65.5407833333334,tennesseeladyvolunteers,2633,23,2.220381999275397,66.76539347274992
Hannah Spitzley,Western Michigan Broncos,67.3286,westernmichiganbroncos,2711,14,-0.06421715182798006,66.75992703302575
Ashley Sofilkanich,Bucknell Bison,69.4758666666667,bucknellbison,2083,22,-0.505160124153813,66.75313911452608
Audi Crooks,Iowa State Cyclones,65.6604166666667,iowastatecyclones,66,8,1.627414016520187,66.75043287889416
Jeriah Warren,Florida Gators,65.5206333333333,floridagators,57,23,2.220381999275397,66.74194492415486
Elena Rodriguez,Harvard Crimson,66.6577999999999,harvardcrimson,108,12,0.1841164774285017,66.72882643061624
Anna Foley,Quinnipiac Bobcats,71.3853499999999,quinnipiacbobcats,2514,13,-0.7445170244651927,66.72683124909646
Jade Upshaw,Central Arkansas Sugar Bears,67.0481833333333,centralarkansassugarbears,NA,NA,0,66.71895360586183
I'yanna Lops,Seton Hall Pirates,65.9193666666666,setonhallpirates,2550,4,1.1815976661979184,66.71711139466733
Mia Nicastro,Western Illinois Leathernecks,69.1532166666667,westernillinoisleathernecks,2710,20,-0.46568010292818823,66.69874988395789
Fanta Kone,Sam Houston Bearkats,66.65955,samhoustonbearkats,2534,11,0.1427033440452017,66.69728734532735
Samiyah Nasir,Shepherd Rams,67.02485,shepherdrams,NA,NA,0,66.69658376682213
Cali Clark,San Diego State Aztecs,67.0073500000001,sandiegostateaztecs,NA,NA,0,66.67980504573029
Elyce Knudsen,Illinois State Redbirds,66.4520166666667,illinoisstateredbirds,2287,18,0.3818613853103341,66.6762712898046
Chazadi Wright,Georgia Tech Yellow Jackets,65.5065333333334,georgiatechyellowjackets,59,2,1.7410828106998104,66.65432920909893
Jayla Murray,Wichita State Shockers,66.9764666666666,wichitastateshockers,NA,NA,0,66.6501917959564
Kaety L'Amoreaux,Fairfield Stags,71.2168333333333,fairfieldstags,2217,13,-0.7445170244651927,66.64132672843311
Adia Dormu,Paine Lions,66.9582666666666,painelions,NA,NA,0,66.63273860176176
Riley Weiss,Columbia Lions,66.5554666666667,columbialions,171,12,0.1841164774285017,66.62557005202123
Camryn Runner,Evansville Purple Aces,66.3826166666667,evansvillepurpleaces,339,18,0.3818613853103341,66.60487553557094
Angela Dugalic,UCLA Bruins,65.3945666666667,uclabruins,26,7,1.8898677492822935,66.59538916176156
Olivia Cochran,Louisville Cardinals,65.4520833333333,louisvillecardinals,97,2,1.7410828106998104,66.59153273342648
Raegan Beers,Oklahoma Sooners,65.3711,oklahomasooners,201,23,2.220381999275397,66.56813662023748
Veronica Sheffey,San Diego State Aztecs,66.89035,sandiegostateaztecs,NA,NA,0,66.56759784994594
Joyce Edwards,South Carolina Gamecocks,65.3638,southcarolinagamecocks,2579,23,2.220381999275397,66.5596607021954
Emma Trawally Porta,San Francisco Dons,66.5072833333333,sanfranciscodons,2539,29,0.15617675887640683,66.55491748595797
Enjulina Gonzalez,Miami (OH) RedHawks,67.1013,miamiohredhawks,193,14,-0.06421715182798006,66.54851319760812
Imani Rothschild,Dillard Blue Devils,66.8647666666667,dillardbluedevils,NA,NA,0,66.54305570767177
Mallory Brake,Creighton Bluejays,65.75685,creightonbluejays,156,4,1.1815976661979184,66.53766488418901
Caia Elisaldez,Chattanooga Mocs,68.9495833333333,chattanoogamocs,236,24,-0.4695431161729573,66.53617018506266
Cheyanne Bonilla,Sul Ross State Lobos,66.8518666666667,sulrossstatelobos,NA,NA,0,66.53067978836395
Mya Babbitt,Kent State Golden Flashes,67.0767833333333,kentstategoldenflashes,2309,14,-0.06421715182798006,66.52569062899533
Ashlynn Shade,UConn Huskies,65.74415,uconnhuskies,41,4,1.1815976661979184,66.52365306215162
Meredith Mayes,Abilene Christian Wildcats,68.0773833333333,abilenechristianwildcats,2000,30,-0.3067245555951177,66.51994849129318
Zada Porter,App State Mountaineers,67.0604,appstatemountaineers,2026,27,-0.06224989283771565,66.51717304491663
Kayla Cooper,UAlbany Great Danes,69.4478666666667,ualbanygreatdanes,399,1,-0.5587271973835142,66.49710648335669
Cotie McMahon,Ohio State Buckeyes,65.3097666666667,ohiostatebuckeyes,194,7,1.8898677492822935,66.4969497936852
Lauren Ross,Purdue Fort Wayne Mastodons,66.8109833333333,purduefortwaynemastodons,NA,NA,0,66.49145331261232
Jordyn Oliver,Vanderbilt Commodores,65.2986,vanderbiltcommodores,238,23,2.220381999275397,66.4839955803747
Silkiari Vazquez-Troche,Tennessee Southern Firehawks,66.7960833333333,tennesseesouthernfirehawks,NA,NA,0,66.4771556148613
Kendall Sneed,Tulane Green Wave,66.7938333333333,tulanegreenwave,NA,NA,0,66.47499649502099
Emily La Chapell,Belmont Bruins,66.2525,belmontbruins,2057,18,0.3818613853103341,66.47105196247678
Hadley Periman,Tulsa Golden Hurricane,66.7883666666667,tulsagoldenhurricane,NA,NA,0,66.46975055532789
Ines Vieira,Utah Utes,65.4120833333333,utahutes,254,8,1.627414016520187,66.46650404579697
Liz Freihofer,Eastern Kentucky Colonels,66.78465,easternkentuckycolonels,NA,NA,0,66.46618389286382
Paris Clark,Virginia Cavaliers,65.3390333333333,virginiacavaliers,258,2,1.7410828106998104,66.46129604592285
Kendra Parra,Weber State Wildcats,66.8400166666666,weberstatewildcats,2692,5,-0.02468095143188219,66.43689699286256
Marta Suarez,California Golden Bears,65.3177666666667,californiagoldenbears,25,2,1.7410828106998104,66.43681765851247
Rory Hetrick,Cal State San Marcos Cougars,66.7536166666667,calstatesanmarcoscougars,NA,NA,0,66.43640106500102
Brooklyn Meyer,South Dakota State Jackrabbits,66.7525166666666,southdakotastatejackrabbits,NA,NA,0,66.43534532473743
Camryn Tade,Army Black Knights,69.0134166666666,armyblackknights,349,22,-0.505160124153813,66.43174968730195
Kyah Watson,West Virginia Mountaineers,65.3748833333333,westvirginiamountaineers,277,8,1.627414016520187,66.42404630875234
Eleonora Villa,Washington State Cougars,66.37035,washingtonstatecougars,265,29,0.15617675887640683,66.41715292196304
Astera Tuhina,Washington State Cougars,66.35895,washingtonstatecougars,265,29,0.15617675887640683,66.40568419900413
Aaliyah Nye,Alabama Crimson Tide,65.2109333333333,alabamacrimsontide,333,23,2.220381999275397,66.38236393125096
Micah Gray,Oklahoma State Cowgirls,65.3355333333333,oklahomastatecowgirls,197,8,1.627414016520187,66.37915565373324
Madison Smith,Air Force Falcons,66.6913333333334,airforcefalcons,NA,NA,0,66.37661673599806
Chloe Hodges,Drexel Dragons,68.8247166666667,drexeldragons,2182,10,-0.4891651654627686,66.36510062452692
Sherese Pittman,Tulane Green Wave,66.67515,tulanegreenwave,NA,NA,0,66.3610803881792
A'Vyonna Kinsey,Miami (OH)-Hamilton Harriers,66.6722333333333,miamiohhamiltonharriers,NA,NA,0,66.35828022295418
Taleyah Jones,Oral Roberts Golden Eagles,66.6569166666667,oralrobertsgoldeneagles,NA,NA,0,66.34357484158626
MiLaysia Fulwiley,South Carolina Gamecocks,65.1710833333333,southcarolinagamecocks,2579,23,2.220381999275397,66.3362060767594
Rachel Leggett,South Alabama Jaguars,66.8616,southalabamajaguars,6,27,-0.06224989283771565,66.33178588654323
Gemma Nunez,Campbell Fighting Camels,68.7721166666667,campbellfightingcamels,2097,10,-0.4891651654627686,66.32756909226346
Kierra Merchant,Houston Cougars,65.2581333333333,houstoncougars,248,8,1.627414016520187,66.2909200472177
Brooke Demetre,Stanford Cardinal,65.1897833333333,stanfordcardinal,24,2,1.7410828106998104,66.28964835134576
Jakayla Johnson,UL Monroe Warhawks,66.7949166666667,ulmonroewarhawks,2433,27,-0.06224989283771565,66.26954749347338
Elle Evans,Kansas Jayhawks,65.2353,kansasjayhawks,2305,8,1.627414016520187,66.26490598443914
Brooke Coffey,Lindenwood Lions,68.5529,lindenwoodlions,2815,20,-0.46568010292818823,66.2644895539617
Amaya Staton,Wright State Raiders,66.5645166666667,wrightstateraiders,NA,NA,0,66.2548442395811
Molly Kaiser,New Mexico State Aggies,66.2153,newmexicostateaggies,166,11,0.1427033440452017,66.25094243199304
Diamond Johnson,Norfolk State Spartans,73.63055,norfolkstatespartans,2450,16,-0.9745622795118004,66.24097982391542
Nitzan Amar,Manhattan Jaspers,70.4504,manhattanjaspers,2363,13,-0.7445170244651927,66.23947387826509
Jada Burton,Western Carolina Catamounts,68.5372,westerncarolinacatamounts,2717,24,-0.4695431161729573,66.23757212974564
Acacia Hayes,Western Kentucky Lady Toppers,66.1912166666666,westernkentuckyladytoppers,98,11,0.1427033440452017,66.2267480032411
Saniah Parker,Tennessee State Lady Tigers,68.49865,tennesseestateladytigers,2634,20,-0.46568010292818823,66.22484090772005
Soleil Barnes,Bradley Braves,66.0049833333334,bradleybraves,71,18,0.3818613853103341,66.21660827673048
Jordan Durant,Johnson & Wales (NC) Wildcats,66.5094666666666,johnsonwalesncwildcats,NA,NA,0,66.20196553852485
Kylee Fox,Fresno State Bulldogs,66.5072666666667,fresnostatebulldogs,NA,NA,0,66.19985208181059
Carlie Latta,Utah State Aggies,66.5028666666666,utahstateaggies,NA,NA,0,66.19562511546349
Meghan Andersen,Fairfield Stags,70.3685333333333,fairfieldstags,2217,13,-0.7445170244651927,66.19530969543726
Maddie Albrecht,Lehigh Mountain Hawks,68.6625833333333,lehighmountainhawks,2329,22,-0.505160124153813,66.18441355315751
Ruby Whitehorn,Tennessee Lady Volunteers,65.0388833333333,tennesseeladyvolunteers,2633,23,2.220381999275397,66.18325863721115
Nyah Moran,Northern Arizona Lumberjacks,66.5628833333334,northernarizonalumberjacks,2464,5,-0.02468095143188219,66.173706389518
Sophia Gregory,Youngstown State Penguins,66.4775333333333,youngstownstatepenguins,NA,NA,0,66.17128666474208
JoJo Lacey,Rutgers Scarlet Knights,65.02375,rutgersscarletknights,164,7,1.8898677492822935,66.16576770683729
Savannah Brooks,Coastal Carolina Chanticleers,66.6833166666666,coastalcarolinachanticleers,324,27,-0.06224989283771565,66.16532607322287
Avery Waddington,Montana Lady Griz,66.5534166666666,montanaladygriz,149,5,-0.02468095143188219,66.16470974067275
Delanie Crawford,Tulsa Golden Hurricane,66.4704333333334,tulsagoldenhurricane,NA,NA,0,66.16446507462125
Eniya Russell,Mississippi State Bulldogs,65.012,mississippistatebulldogs,344,23,2.220381999275397,66.15218965369613
Haleigh Timmer,South Dakota State Jackrabbits,66.45705,southdakotastatejackrabbits,NA,NA,0,66.15160603893939
Mack Konig,Montana Lady Griz,66.5381666666667,montanaladygriz,149,5,-0.02468095143188219,66.15021603565815
Rolanda Robinson,Adelphi Panthers,66.4532333333334,adelphipanthers,NA,NA,0,66.1479387724744
Vanessa Shafford,Southern Indiana Screaming Eagles,68.3825166666666,southernindianascreamingeagles,88,20,-0.46568010292818823,66.13974190016827
Keslyn Secrist,Indiana State Sycamores,65.9291333333333,indianastatesycamores,282,18,0.3818613853103341,66.13866790652636
Chardonnay Hartley,Utah Tech Trailblazers,67.5848333333333,utahtechtrailblazers,3101,30,-0.3067245555951177,66.11774464595682
Denae Carter,Villanova Wildcats,65.3531333333333,villanovawildcats,222,4,1.1815976661979184,66.0930303767197
Lauryn Taylor,Florida Gulf Coast Eagles,66.3829666666666,floridagulfcoasteagles,NA,NA,0,66.08041319096611
Eylia Love,Houston Cougars,65.04095,houstoncougars,248,8,1.627414016520187,66.04377255558664
Freja Werth,San Francisco Dons,65.9877166666667,sanfranciscodons,2539,29,0.15617675887640683,66.03225275608989
Mickayla Perdue,Cleveland State Vikings,66.3304833333333,clevelandstatevikings,NA,NA,0,66.02996556003745
Marina Asensio,Western Michigan Broncos,66.5436833333333,westernmichiganbroncos,2711,14,-0.06421715182798006,66.02850780382319
Mady Cartwright,Tulsa Golden Hurricane,66.3259333333333,tulsagoldenhurricane,NA,NA,0,66.02559157512208
Abby Antognoli,Lafayette Leopards,68.4239166666667,lafayetteleopards,322,22,-0.505160124153813,66.0144486497197
Skye Belker,Princeton Tigers,65.9313833333333,princetontigers,163,12,0.1841164774285017,65.99604500739694
Emily Isaacson,Utah Tech Trailblazers,67.4271,utahtechtrailblazers,3101,30,-0.3067245555951177,65.98813189092947
Bella Vito,Vermont Catamounts,68.6699666666666,vermontcatamounts,261,1,-0.5587271973835142,65.97294504631923
Emma Hess,Liberty Flames,65.93325,libertyflames,2335,11,0.1427033440452017,65.96760706643968
Taisha Exanor,Monmouth Hawks,68.2662666666667,monmouthhawks,2405,10,-0.4891651654627686,65.9633031592125
McKelle Meek,Portland Pilots,65.9075333333333,portlandpilots,2501,29,0.15617675887640683,65.95160469940427
Taylor Smith,Weber State Wildcats,66.3243833333334,weberstatewildcats,2692,5,-0.02468095143188219,65.94692316338929
Bailey Tabeling,Ohio Bobcats,66.4530166666666,ohiobobcats,195,14,-0.06421715182798006,65.9437768450061
Aaronette Vonleh,Baylor Bears,64.9414333333334,baylorbears,239,8,1.627414016520187,65.9307409498227
Isis Beh,Arizona Wildcats,64.9401833333333,arizonawildcats,12,8,1.627414016520187,65.9293220462168
Jasmyne Roberts,Miami Hurricanes,64.869,miamihurricanes,2390,2,1.7410828106998104,65.9218374202486
Faith Blackstone,Stephen F. Austin Ladyjacks,67.8638,stephenfaustinladyjacks,2617,25,-0.4220080591350636,65.91755969044641
Jordan Hobbs,Michigan Wolverines,64.8056,michiganwolverines,130,7,1.8898677492822935,65.91402699602673
Addison Martin,Illinois State Redbirds,65.7059833333334,illinoisstateredbirds,2287,18,0.3818613853103341,65.90945514863238
Kennedy Smith,USC Trojans,64.8002666666666,usctrojans,30,7,1.8898677492822935,65.90788162788189
Jordyn Weaver,Queens University Royals,66.1772833333333,queensuniversityroyals,NA,NA,0,65.88265109776813
Tyja Beans,Western Carolina Catamounts,68.045,westerncarolinacatamounts,2717,24,-0.4695431161729573,65.87612520865285
Dolly Cairns,Florida Gulf Coast Eagles,66.1583833333334,floridagulfcoasteagles,NA,NA,0,65.8644713561577
Jalei Oglesby,Oral Roberts Golden Eagles,66.1536,oralrobertsgoldeneagles,NA,NA,0,65.85987010811367
Jalencia Pierre,SE Louisiana Lady Lions,67.7863666666667,selouisianaladylions,2545,25,-0.4220080591350636,65.85827722036171
Donovyn Hunter,TCU Horned Frogs,64.8735833333333,tcuhornedfrogs,2628,8,1.627414016520187,65.85375337377629
Mary-Anna Asare,VCU Rams,65.7665666666667,vcurams,2670,3,0.21493314091272497,65.85192646278881
Ellie Brueggemann,Lindenwood Lions,67.9883166666667,lindenwoodlions,2815,20,-0.46568010292818823,65.8486386217535
Alexandra Zelaya,UNC Wilmington Seahawks,68.0950833333333,uncwilmingtonseahawks,350,10,-0.4891651654627686,65.83868336797352
Bailey Butler,Green Bay Phoenix,66.1253833333333,greenbayphoenix,NA,NA,0,65.83272589297842
Mia Moore,Clemson Tigers,64.7817666666667,clemsontigers,228,2,1.7410828106998104,65.82207472379312
Sarina Nagra,UC Merced Bobcats,66.1094,ucmercedbobcats,NA,NA,0,65.81734879066131
Ava Cirigliano,Misericordia Cougars,66.10115,misericordiacougars,NA,NA,0,65.80941134848791
Alexus Mobley,Akron Zips,66.29275,akronzips,2006,14,-0.06421715182798006,65.7938813066409
Dominique Ennis,Rice Owls,66.07095,riceowls,NA,NA,0,65.78035343412037
Izabel Varejao,Syracuse Orange,64.7291,syracuseorange,183,2,1.7410828106998104,65.76189664282032
Prencis Harden,Kennesaw State Owls,65.72825,kennesawstateowls,338,11,0.1427033440452017,65.76169420677857
Mikyla Tolivert,Georgia State Panthers,66.2491,georgiastatepanthers,2247,27,-0.06224989283771565,65.75910718479055
TK Pitts,SMU Mustangs,64.7083333333333,smumustangs,2567,2,1.7410828106998104,65.73817915263861
Allie Meadows,Western Illinois Leathernecks,67.8321833333334,westernillinoisleathernecks,2710,20,-0.46568010292818823,65.73239083391734
Kaitlyn Chen,UConn Huskies,65.0245,uconnhuskies,41,4,1.1815976661979184,65.73226518345983
Althea Kara Angeles,Eastern Kentucky Colonels,66.0114500000001,easternkentuckycolonels,NA,NA,0,65.7230940946553
Arianna Smith,Dayton Flyers,65.6372833333333,daytonflyers,2168,3,0.21493314091272497,65.72119858964813
Tameiya Sadler,Ole Miss Rebels,64.62865,olemissrebels,145,23,2.220381999275397,65.71036732833731
Chloe Sotell,Pepperdine Waves,65.66445,pepperdinewaves,2492,29,0.15617675887640683,65.70713402890848
Tahlia White,Utah Valley Wolverines,67.0807833333333,utahvalleywolverines,3084,30,-0.3067245555951177,65.70219878771016
Talya Brugler,Saint Joseph's Hawks,65.6122833333333,saintjosephshawks,2603,3,0.21493314091272497,65.69592131649163
Fatmata Janneh,Saint Peter's Peacocks,69.4551666666667,saintpeterspeacocks,2612,13,-0.7445170244651927,65.6867269980603
Alexius Horne,SE Louisiana Lady Lions,67.5631333333333,selouisianaladylions,2545,25,-0.4220080591350636,65.68669553017341
Sigrun Olafsdottir,Chattanooga Mocs,67.7880666666667,chattanoogamocs,236,24,-0.4695431161729573,65.68530178328687
Emaia O'Brien,Detroit Mercy Titans,65.9374166666667,detroitmercytitans,NA,NA,0,65.65183122646596
Ivy Wolf,Dayton Flyers,65.5572833333334,daytonflyers,2168,3,0.21493314091272497,65.64031365877574
Jaydia Martin,Sacramento State Hornets,65.9951833333333,sacramentostatehornets,16,5,-0.02468095143188219,65.63347371364019
Gal Raviv,Quinnipiac Bobcats,69.3612,quinnipiacbobcats,2514,13,-0.7445170244651927,65.63277809607098
Meri Kanerva,Xavier Musketeers,64.9310666666667,xaviermusketeers,2752,4,1.1815976661979184,65.62988579527877
Kennady McQueen,Utah Utes,64.6736166666667,utahutes,254,8,1.627414016520187,65.62721604843159
Caroline Bornemann,Maine Black Bears,68.1622666666667,maineblackbears,311,1,-0.5587271973835142,65.6222650299212
Skylar Jones,Arizona Wildcats,64.6614,arizonawildcats,12,8,1.627414016520187,65.61339337974852
Shelbee Brown,Akron Zips,66.0969166666666,akronzips,2006,14,-0.06421715182798006,65.61051247402956
Sakyia White,UL Monroe Warhawks,66.0891666666666,ulmonroewarhawks,2433,27,-0.06224989283771565,65.60920491971305
Taryn Sides,Kansas State Wildcats,64.6549,kansasstatewildcats,2306,8,1.627414016520187,65.60603969795676
Arielle Dabu,Kentucky Wesleyan Panthers,65.8850166666667,kentuckywesleyanpanthers,NA,NA,0,65.60138045126752
Bree Stephens,Central Arkansas Sugar Bears,65.87745,centralarkansassugarbears,NA,NA,0,65.5940944587443
Destiny Jones,West Georgia Wolves,65.8734833333333,westgeorgiawolves,NA,NA,0,65.59027484927955
Reghan Grimes,Tennessee Tech Golden Eagles,67.6200666666666,tennesseetechgoldeneagles,2635,20,-0.46568010292818823,65.57360956417185
Maddie Walsh,UAB Blazers,65.8531,uabblazers,NA,NA,0,65.57064632112458
Jasmine Shavers,Texas Tech Lady Raiders,64.5905166666667,texastechladyraiders,2641,8,1.627414016520187,65.53323077951255
Candy Edokpaigbe,Seattle U Redhawks,66.8576833333333,seattleuredhawks,2547,30,-0.3067245555951177,65.51702308489209
Jalyn Brown,Arizona State Sun Devils,64.5711,arizonastatesundevils,9,8,1.627414016520187,65.51128389349796
Destiny Salary,Western Kentucky Lady Toppers,65.4673833333334,westernkentuckyladytoppers,98,11,0.1427033440452017,65.49969153028835
Haleigh Releford,Asbury Eagles,65.7791,asburyeagles,NA,NA,0,65.49937434430242
Katelynn Martin,Montana State Bobcats,65.8503666666667,montanastatebobcats,147,5,-0.02468095143188219,65.49543291301069
Mahogany Matthews,Georgia State Panthers,65.94895,georgiastatepanthers,2247,27,-0.06224989283771565,65.47765988253394
Kennedie Shuler,Oregon State Beavers,65.4307166666667,oregonstatebeavers,204,29,0.15617675887640683,65.47209689320296
Mireia Aguado,Texas A&M-Corpus Christi Islanders,67.2704,texasamcorpuschristiislanders,357,25,-0.4220080591350636,65.46018947679443
Jordan Holman,Little Rock Trojans,67.4659333333333,littlerocktrojans,2031,20,-0.46568010292818823,65.45762202222346
Courtney McMillan,Guilford Quakers,65.72805,guilfordquakers,NA,NA,0,65.4501951615037
Deja Lee,UC Irvine Anteaters,67.7094166666667,ucirvineanteaters,300,9,-0.518954747209004,65.44761687594442
Anaya Brown,UT Martin Skyhawks,67.4471666666666,utmartinskyhawks,2630,20,-0.46568010292818823,65.44346499753487
Kayla Lee,Fisk Bulldogs,65.7179666666666,fiskbulldogs,NA,NA,0,65.44048027590632
Olivia Nelson,Idaho Vandals,65.7838,idahovandals,70,5,-0.02468095143188219,65.43194984654686
Aysia Ward-Strong,Sam Houston Bearkats,65.3847,samhoustonbearkats,2534,11,0.1427033440452017,65.41665405392106
Nevaeh Foster,IU Indianapolis Jaguars,65.6742999999999,iuindianapolisjaguars,NA,NA,0,65.39840512113096
Jackie Grisdale,Quinnipiac Bobcats,68.9580166666667,quinnipiacbobcats,2514,13,-0.7445170244651927,65.39792354580165
Tova Sabel,UC Davis Aggies,67.6344166666667,ucdavisaggies,302,9,-0.518954747209004,65.39311146970455
Hope Sivori,Bellarmine Knights,65.6583666666667,bellarmineknights,NA,NA,0,65.38305085895041
Gianna Corbitt,Chattanooga Mocs,67.3743833333334,chattanoogamocs,236,24,-0.4695431161729573,65.37502871281005
Demeara Hinds,Wake Forest Demon Deacons,64.3858166666666,wakeforestdemondeacons,154,2,1.7410828106998104,65.37062315472421
Dani Bartsch,Montana Lady Griz,65.7177833333334,montanaladygriz,149,5,-0.02468095143188219,65.36897212107533
Robyn Lee,Louisiana Tech Lady Techsters,65.3346,louisianatechladytechsters,2348,11,0.1427033440452017,65.36634084522757
Paulina Paris,Arizona Wildcats,64.4410666666667,arizonawildcats,12,8,1.627414016520187,65.36443360553186
Laura Erikstrup,Grand Canyon Lopes,66.6704666666667,grandcanyonlopes,2253,30,-0.3067245555951177,65.36104916975393
Bella Pucci,Binghamton Bearcats,67.7899499999999,binghamtonbearcats,2066,1,-0.5587271973835142,65.36089964711512
Indya Green,Georgia Southern Eagles,65.8170333333333,georgiasoutherneagles,290,27,-0.06224989283771565,65.3537976645384
Moriah Murray,Penn State Lady Lions,64.3124,pennstateladylions,213,7,1.8898677492822935,65.34756039880396
Rose Micheaux,Virginia Tech Hokies,64.3648666666667,virginiatechhokies,259,2,1.7410828106998104,65.34679832190405
Trinity Hardy,Army Black Knights,67.4760166666667,armyblackknights,349,22,-0.505160124153813,65.32610279529551
Angelina Robles,Denver Pioneers,65.5990833333334,denverpioneers,NA,NA,0,65.32591436001272
Irene Murua Txintxurreta,Fordham Rams,65.2448166666667,fordhamrams,2230,3,0.21493314091272497,65.3244554188998
Cayla Howard,Dominican (NY) Chargers,65.5945333333333,dominicannychargers,NA,NA,0,65.32152862752247
Stina Almqvist,Pennsylvania Quakers,65.2617333333334,pennsylvaniaquakers,219,12,0.1841164774285017,65.32090443740496
Catarina Ferreira,Oregon State Beavers,65.2718333333333,oregonstatebeavers,204,29,0.15617675887640683,65.312343953241
Anne Bair,Colgate Raiders,67.4404166666667,colgateraiders,2142,22,-0.505160124153813,65.29984481719008
Yahmani McKayle,Massachusetts Minutewomen,65.2194166666667,massachusettsminutewomen,113,3,0.21493314091272497,65.29878421965785
Megan Norris,UC Davis Aggies,67.4867,ucdavisaggies,302,9,-0.518954747209004,65.28537371894694
Jordan Jones,Denver Pioneers,65.5521333333334,denverpioneers,NA,NA,0,65.28065594946825
Josiany Canales,Davis & Elkins Senators,65.5479,daviselkinssenators,NA,NA,0,65.27657476792331
Amber Scalia,St. Thomas-Minnesota Tommies,65.5425833333333,stthomasminnesotatommies,NA,NA,0,65.27144910210366
Jada Williams,Arizona Wildcats,64.3546833333334,arizonawildcats,12,8,1.627414016520187,65.26700089278295
Keimari Rimmer,UIC Flames,65.0400333333333,uicflames,82,18,0.3818613853103341,65.22616971740972
Savannah Tucker,Long Beach State Beach,67.3855,longbeachstatebeach,299,9,-0.518954747209004,65.21126887229532
Kelsey Rees,Oregon State Beavers,65.1634,oregonstatebeavers,204,29,0.15617675887640683,65.20332480507774
Angel Jones,Coppin State Eagles,70.5932,coppinstateeagles,2154,16,-0.9745622795118004,65.1908029717149
Sumayah Sugapong,UC San Diego Tritons,67.3556333333333,ucsandiegotritons,28,9,-0.518954747209004,65.18935315925654
Charlotte O'Keefe,UT Rio Grande Valley Vaqueros,66.90075,utriograndevalleyvaqueros,292,25,-0.4220080591350636,65.17176483350788
KK Deans,Ole Miss Rebels,64.1529,olemissrebels,145,23,2.220381999275397,65.16514491727239
Nyla Jean,Southern Miss Lady Eagles,65.6142833333334,southernmissladyeagles,2572,27,-0.06224989283771565,65.16323247835014
Jerni Kiaku,Duquesne Dukes,65.0837333333334,duquesnedukes,2184,3,0.21493314091272497,65.16166351908834
Taryn Barbot,Charleston Cougars,67.1795333333334,charlestoncougars,232,10,-0.4891651654627686,65.16088381924023
Evangelia Paulk,Wofford Terriers,67.0896666666667,woffordterriers,2747,24,-0.4695431161729573,65.15934534700853
Brianna Furch,Saint Michael's Purple Knights,65.42075,saintmichaelspurpleknights,NA,NA,0,65.15396601968443
Sisi Eleko,Eastern Michigan Eagles,65.6078833333334,easternmichiganeagles,2199,14,-0.06421715182798006,65.15162168175982
Lior Garzon,Colorado Buffaloes,64.2416666666667,coloradobuffaloes,38,8,1.627414016520187,65.139674622884
Shannon Dowell,Illinois State Redbirds,64.9544,illinoisstateredbirds,2287,18,0.3818613853103341,65.13838797262788
Anaelle Dutat,Rhode Island Rams,65.0596333333333,rhodeislandrams,227,3,0.21493314091272497,65.13731020536208
Olivia Austin,Dartmouth Big Green,65.0785833333333,dartmouthbiggreen,159,12,0.1841164774285017,65.13631372045079
Jada Moore,Florida Atlantic Owls,65.4017333333334,floridaatlanticowls,NA,NA,0,65.1356237868216
Khera Goss,Toledo Rockets,65.5851333333333,toledorockets,2649,14,-0.06421715182798006,65.13024019696235
Kade Hackerott,UT Rio Grande Valley Vaqueros,66.8439833333333,utriograndevalleyvaqueros,292,25,-0.4220080591350636,65.12723718433651
Saylor Poffenbarger,Maryland Terrapins,64.1195833333333,marylandterrapins,120,7,1.8898677492822935,65.12708893924953
Trinity Turner,Georgia Lady Bulldogs,64.1162333333334,georgialadybulldogs,61,23,2.220381999275397,65.12326330095178
Kenley McCarn,UT Martin Skyhawks,67.021,utmartinskyhawks,2630,20,-0.46568010292818823,65.11996198337306
Elly Schmitz,Bethel (MN) Royals,65.3824333333333,bethelmnroyals,NA,NA,0,65.117007007016
Sydney Bowles,Florida State Seminoles,64.1580166666667,floridastateseminoles,52,2,1.7410828106998104,65.11189239076312
Hulda Joaquim,New Mexico Lobos,65.3677166666666,newmexicolobos,NA,NA,0,65.10281045700445
Jessenia Lawson,Central Michigan Chippewas,65.5549,centralmichiganchippewas,2117,14,-0.06421715182798006,65.10182094442536
Gracie Gallegos,UC San Diego Tritons,67.2315333333333,ucsandiegotritons,28,9,-0.518954747209004,65.09806925537937
Talia von Oelhoffen,USC Trojans,64.0914666666667,usctrojans,30,7,1.8898677492822935,65.09498532320299
Maya Wong,Illinois State Redbirds,64.9085833333333,illinoisstateredbirds,2287,18,0.3818613853103341,65.09142926324603
Celia Sumbane,Auburn Tigers,64.0775,auburntigers,2,23,2.220381999275397,65.07904248061648
Raven Johnson,South Carolina Gamecocks,64.0727333333334,southcarolinagamecocks,2579,23,2.220381999275397,65.07360201991865
Sable Burnside,UVA Wise Cavaliers,65.3226500000001,uvawisecavaliers,NA,NA,0,65.05933195106685
Kierra Wheeler,Norfolk State Spartans,70.2740833333333,norfolkstatespartans,2450,16,-0.9745622795118004,65.05630662334654
Peyton Howard,Eastern Washington Eagles,65.3880333333333,easternwashingtoneagles,331,5,-0.02468095143188219,65.05411810026551
Zee Spearman,Tennessee Lady Volunteers,64.0424166666667,tennesseeladyvolunteers,2633,23,2.220381999275397,65.03900769403116
Kiani Lockett,Creighton Bluejays,64.3876333333333,creightonbluejays,156,4,1.1815976661979184,65.03604694617387
Trista Hull,Portland Pilots,64.9952,portlandpilots,2501,29,0.15617675887640683,65.03422829579218
Hannah Simental,Colorado State Rams,65.2885666666667,coloradostaterams,NA,NA,0,65.02644513973507
Kiley Bess,Missouri State Lady Bears,64.8363166666666,missouristateladybears,2623,18,0.3818613853103341,65.01737173219612
Cameron Thomas,Stetson Hatters,65.2763166666667,stetsonhatters,NA,NA,0,65.01462422301657
Jaylin Foster,Texas State Bobcats,65.4544333333334,texasstatebobcats,326,27,-0.06224989283771565,65.01282455558814
Miyah Brown,Bellarmine Knights,65.2690166666667,bellarmineknights,NA,NA,0,65.00757967986743
Anna Walker,Tennessee Tech Golden Eagles,66.8713,tennesseetechgoldeneagles,2635,20,-0.46568010292818823,65.00541776432246
Taina Mair,Duke Blue Devils,64.0609166666667,dukebluedevils,150,2,1.7410828106998104,65.00182672403389
Natalie McNeal,Green Bay Phoenix,65.25985,greenbayphoenix,NA,NA,0,64.99873353680158
Tierra Simon,Saint Louis Billikens,64.8878666666667,saintlouisbillikens,139,3,0.21493314091272497,64.96375538154369
Matyson Wilke,Utah Utes,64.08235,utahutes,254,8,1.627414016520187,64.96046582350114
Gift Uchenna,Southern Illinois Salukis,64.7706333333334,southernillinoissalukis,79,18,0.3818613853103341,64.95007176371514
Mackenzie Smith,Saint Joseph's Hawks,64.8581,saintjosephshawks,2603,3,0.21493314091272497,64.93368189782619
Brooklyn Gray,Saint Louis Billikens,64.8563,saintlouisbillikens,139,3,0.21493314091272497,64.9318633734107
Molly Masingale,Wofford Terriers,66.7917166666667,woffordterriers,2747,24,-0.4695431161729573,64.93180158977077
Keyarah Berry,Kennesaw State Owls,64.8724,kennesawstateowls,338,11,0.1427033440452017,64.9022222545612
Gabby Casey,Saint Joseph's Hawks,64.8213666666666,saintjosephshawks,2603,3,0.21493314091272497,64.89657118121889
Koi Sims,Loyola Maryland Greyhounds,66.89485,loyolamarylandgreyhounds,2352,22,-0.505160124153813,64.8938601003497
Cassie Schiltz,Green Bay Phoenix,65.12895,greenbayphoenix,NA,NA,0,64.87237966550151
Anissa Rivera,Temple Owls,65.1199833333334,templeowls,NA,NA,0,64.86372229868343
Deja Jones,Indiana State Sycamores,64.68345,indianastatesycamores,282,18,0.3818613853103341,64.86075885292644
Paige Allen,Texas A&M-Corpus Christi Islanders,66.505,texasamcorpuschristiislanders,357,25,-0.4220080591350636,64.86005626522032
Brooke Carlson,Colorado State Rams,65.09925,coloradostaterams,NA,NA,0,64.84370311648851
Raigan Head,Central Baptist College Mustangs,65.0991666666667,centralbaptistcollegemustangs,NA,NA,0,64.8436226506296
Nyla Hampton,Michigan State Spartans,63.8707166666667,michiganstatespartans,127,7,1.8898677492822935,64.84333299686926
Mya Skoff,Lindenwood Lions,66.6529833333333,lindenwoodlions,2815,20,-0.46568010292818823,64.83753714857225
Allie Palmieri,Massachusetts Minutewomen,64.7516666666667,massachusettsminutewomen,113,3,0.21493314091272497,64.826158873001
Iyana Moore,Vanderbilt Commodores,63.8542666666667,vanderbiltcommodores,238,23,2.220381999275397,64.8246084401821
Ava Ranson,San Diego Toreros,64.7732833333334,sandiegotoreros,301,29,0.15617675887640683,64.8111512693283
Kamy Peppler,Milwaukee Panthers,65.0469833333334,milwaukeepanthers,NA,NA,0,64.79323036433065
Daniela Gonzalez,South Alabama Jaguars,65.2064666666667,southalabamajaguars,6,27,-0.06224989283771565,64.77922125077761
Shay Holle,Texas Longhorns,63.8079333333334,texaslonghorns,251,23,2.220381999275397,64.77188947460277
Taliyah Clark,UT Arlington Mavericks,65.9621,utarlingtonmavericks,250,30,-0.3067245555951177,64.7661863222871
Marah Dykstra,Montana State Bobcats,65.0864000000001,montanastatebobcats,147,5,-0.02468095143188219,64.7657027912906
Kristin Williams,Coastal Carolina Chanticleers,65.1904833333333,coastalcarolinachanticleers,324,27,-0.06224989283771565,64.76415201246188
Myah Coleman,Dallas Christian Crusaders,65.0120833333333,dallaschristiancrusaders,NA,NA,0,64.75952313103504
Maggie Hartwig,Evansville Purple Aces,64.5766166666667,evansvillepurpleaces,339,18,0.3818613853103341,64.75134106273168
Taniyah Finney,Cheyney (PA) Wolves,65.0019666666666,cheyneypawolves,NA,NA,0,64.74975145915964
Ja'Leah Williams,Louisville Cardinals,63.8317333333333,louisvillecardinals,97,2,1.7410828106998104,64.74255248429266
Keeley Carter,Tennessee Tech Golden Eagles,66.51465,tennesseetechgoldeneagles,2635,20,-0.46568010292818823,64.73065443237128
Vernell Atamah,Northwestern State Lady Demons,66.3417500000001,northwesternstateladydemons,2466,25,-0.4220080591350636,64.73060889372
Ereauna Hardaway,North Texas Mean Green,64.9765666666667,northtexasmeangreen,NA,NA,0,64.72521613826574
Summer Parker-Hall,Cornell Big Red,64.6703833333333,cornellbigred,172,12,0.1841164774285017,64.7249944751212
Madison Royal-Davis,Oakland Golden Grizzlies,64.9756666666667,oaklandgoldengrizzlies,NA,NA,0,64.72434673711582
Tineya Hylton,Cincinnati Bearcats,63.8711333333334,cincinnatibearcats,2132,8,1.627414016520187,64.72337598778988
Carla Brito,South Florida Bulls,64.9712,southfloridabulls,NA,NA,0,64.72003189154692
Ruthia Smith,Faulkner Eagles,64.9701666666666,faulknereagles,NA,NA,0,64.71903367155515
Ashlyn Rean,Alaska Anchorage Seawolves,64.9690333333333,alaskaanchorageseawolves,NA,NA,0,64.7179388455465
Paige Yasukochi,Occidental Tigers,64.9677666666667,occidentaltigers,NA,NA,0,64.71671521142449
Hanna Cavinder,Miami Hurricanes,63.8052,miamihurricanes,2390,2,1.7410828106998104,64.71258148433894
Noa Givon,Robert Morris Colonials,64.9629333333333,robertmorriscolonials,NA,NA,0,64.71204603221719
Marley Washenitz,Pittsburgh Panthers,63.7995,pittsburghpanthers,221,2,1.7410828106998104,64.70614423046717
Kourtney Grossman,Eastern Washington Eagles,65.0163833333333,easternwashingtoneagles,331,5,-0.02468095143188219,64.69869941859045
Tristen Taylor,Temple Owls,64.94355,templeowls,NA,NA,0,64.69332023374756
Sahara Williams,Oklahoma Sooners,63.73395,oklahomasooners,201,23,2.220381999275397,64.68777361958192
Maddy Skorupski,Oakland Golden Grizzlies,64.92535,oaklandgoldengrizzlies,NA,NA,0,64.67573649142595
Erin Leary,Iona Gaels,67.7683333333333,ionagaels,314,13,-0.7445170244651927,64.67379226688816
Macey Blevins,Northern Kentucky Norse,64.9041166666667,northernkentuckynorse,NA,NA,0,64.65522073730278
Julia Palomo,Evansville Purple Aces,64.4764666666667,evansvillepurpleaces,339,18,0.3818613853103341,64.64879323162286
Olivia Moran,Northern Arizona Lumberjacks,64.9593833333333,northernarizonalumberjacks,2464,5,-0.02468095143188219,64.64413736295197
Kaitlin Peterson,UCF Knights,63.7931333333333,ucfknights,2116,8,1.627414016520187,64.63596373618608
Ally Sweeney,Richmond Spiders,64.5612,richmondspiders,257,3,0.21493314091272497,64.63377067476941
Melyia Grayson,Southern Miss Lady Eagles,65.0472666666667,southernmissladyeagles,2572,27,-0.06224989283771565,64.629063088304
Anna Olson,Vermont Catamounts,66.7653333333333,vermontcatamounts,261,1,-0.5587271973835142,64.62384084721852
Faith Stinson,IU Indianapolis Jaguars,64.8517833333333,iuindianapolisjaguars,NA,NA,0,64.60464963525233
Natalia Trevino,Texas A&M-San Antonio Jaguars,64.8456666666666,texasamsanantoniojaguars,NA,NA,0,64.59873834576489
Jessica Peterson,SMU Mustangs,63.6927666666667,smumustangs,2567,2,1.7410828106998104,64.58568643463795
Perri Page,Columbia Lions,64.5263333333334,columbialions,171,12,0.1841164774285017,64.57987351030499
Charlise Dunn,Davidson Wildcats,64.50305,davidsonwildcats,2166,3,0.21493314091272497,64.57504126135275
McKinna Brackens,UNLV Lady Rebels,64.8119166666666,unlvladyrebels,NA,NA,0,64.56611933917632
Ashton Judd,Missouri Tigers,63.6229,missouritigers,142,23,2.220381999275397,64.56166110107337
Morgan Lee,Marist Red Foxes,67.5885666666667,maristredfoxes,2368,13,-0.7445170244651927,64.56043341786267
Viane Cumber,New Mexico Lobos,64.80445,newmexicolobos,NA,NA,0,64.55890238040237
Mia Smith,Bowie State Bulldogs,64.7998666666666,bowiestatebulldogs,NA,NA,0,64.5544722366923
Nunu Agara,Stanford Cardinal,63.64815,stanfordcardinal,24,2,1.7410828106998104,64.53537792982516
Raven Preston,Elon Phoenix,66.3027,elonphoenix,2210,10,-0.4891651654627686,64.4944941343965
Avery Howell,USC Trojans,63.5373333333333,usctrojans,30,7,1.8898677492822935,64.46460763990841
Sania Feagin,South Carolina Gamecocks,63.5318333333334,southcarolinagamecocks,2579,23,2.220381999275397,64.45837283228114
Rylie Theuerkauf,Wake Forest Demon Deacons,63.5679666666667,wakeforestdemondeacons,154,2,1.7410828106998104,64.44503216536431
Tara Cousins,Delaware Blue Hens,66.2375333333333,delawarebluehens,48,10,-0.4891651654627686,64.44431512918648
Emma Johansson,California Baptist Lancers,65.5797333333333,californiabaptistlancers,2856,30,-0.3067245555951177,64.44206401766488
Carly Coleman,Immaculata Mighty Macs,64.6801666666666,immaculatamightymacs,NA,NA,0,64.43874857614229
Rachel Loobie,Long Beach State Beach,66.3370166666667,longbeachstatebeach,299,9,-0.518954747209004,64.42973019682731
Sa'Mya Wyatt,Austin Peay Governors,64.6673833333334,austinpeaygovernors,NA,NA,0,64.42638712329675
Ashanti Barnes,James Madison Dukes,64.82855,jamesmadisondukes,256,27,-0.06224989283771565,64.42254219122638
Alancia Ramsey,Coastal Carolina Chanticleers,64.8168666666667,coastalcarolinachanticleers,324,27,-0.06224989283771565,64.41150301409574
Abbie Draper,North Dakota State Bison,64.6483166666667,northdakotastatebison,NA,NA,0,64.40794871133261
Taneshia Tucker,Bloomfield Deacons,64.6467666666667,bloomfielddeacons,NA,NA,0,64.4064497323857
Kim Villalobos,San Diego State Aztecs,64.6422333333333,sandiegostateaztecs,NA,NA,0,64.40206557697839
Mya Meredith,Northern Kentucky Norse,64.6274499999999,northernkentuckynorse,NA,NA,0,64.38776825211329
Halle Idowu,Northern Kentucky Norse,64.6121333333333,northernkentuckynorse,NA,NA,0,64.37295437707472
Priscilla Williams,Jacksonville Dolphins,64.6098833333334,jacksonvilledolphins,NA,NA,0,64.37077817227286
Vittoria Blasigh,South Florida Bulls,64.5907,southfloridabulls,NA,NA,0,64.35222334305438
Hayley Harrison,Bellarmine Knights,64.5856000000001,bellarmineknights,NA,NA,0,64.34729023332564
Jennifer Aadland,Idaho Vandals,64.64455,idahovandals,70,5,-0.02468095143188219,64.34252691971533
Audra Emmerson,Purdue Fort Wayne Mastodons,64.5788,purduefortwaynemastodons,NA,NA,0,64.34071262232193
Sophia Vital,Rhode Island Rams,64.2668333333334,rhodeislandrams,227,3,0.21493314091272497,64.33650534939666
Taylor Golembiewski,Colgate Raiders,66.1598333333333,colgateraiders,2142,22,-0.505160124153813,64.33649346775115
Kendall Carruthers,Toledo Rockets,64.7402,toledorockets,2649,14,-0.06421715182798006,64.3340660783353
Damaris Rodriguez,Monmouth Hawks,66.0893833333333,monmouthhawks,2405,10,-0.4891651654627686,64.32990853604392
Laila Lawrence,Coppin State Eagles,68.6986,coppinstateeagles,2154,16,-0.9745622795118004,64.32882059422431
Jocelyn Schiller,North Dakota Fighting Hawks,64.5620666666667,northdakotafightinghawks,NA,NA,0,64.32452590144301
Jorja Elliott,Incarnate Word Cardinals,65.82235,incarnatewordcardinals,2916,25,-0.4220080591350636,64.31545901073261
Lindsey Pirkle,Union (KY) Bulldogs,64.54855,unionkybulldogs,NA,NA,0,64.31145010846141
Malaya Cowles,Wake Forest Demon Deacons,63.4483166666667,wakeforestdemondeacons,154,2,1.7410828106998104,64.31037625402854
Teresa Seppala,Siena Saints,67.1957666666667,sienasaints,2561,13,-0.7445170244651927,64.30923618067567
Alyssa Durazo-Frescas,Grand Canyon Lopes,65.4155666666667,grandcanyonlopes,2253,30,-0.3067245555951177,64.30226887753538
Daysha Reid,Tennessee Southern Firehawks,64.53745,tennesseesouthernfirehawks,NA,NA,0,64.30071171502718
Katie Donovan,Davidson Wildcats,64.228,davidsonwildcats,2166,3,0.21493314091272497,64.29729599262295
Brooke Stonebraker,Northern Illinois Huskies,64.6982166666667,northernillinoishuskies,2459,14,-0.06421715182798006,64.29440241166115
Destinee Hooks,New Mexico Lobos,64.5236833333333,newmexicolobos,NA,NA,0,64.28739297330975
Emma Troxell,Abilene Christian Wildcats,65.3937333333333,abilenechristianwildcats,2000,30,-0.3067245555951177,64.28364838651599
Jaslyn Woods,Lincoln (CA) Oaklanders,64.51,lincolncaoaklanders,NA,NA,0,64.27415424607948
Jasha Clinton,Hampton Lady Pirates,66.0108333333333,hamptonladypirates,2261,10,-0.4891651654627686,64.26906475215881
Khamari Mitchell-Steen,Florida Gulf Coast Eagles,64.5034333333333,floridagulfcoasteagles,NA,NA,0,64.26780073212234
Ella Wanzer,Delaware Blue Hens,66.0018166666666,delawarebluehens,48,10,-0.4891651654627686,64.26207240569833
Amira Mabry,Tulane Green Wave,64.4955333333333,tulanegreenwave,NA,NA,0,64.26015697998298
Avery Broughton,Dakota Wesleyan Tigers,64.4931166666667,dakotawesleyantigers,NA,NA,0,64.25781866112102
Kennedie Montue,Arkansas State Red Wolves,64.6497,arkansasstateredwolves,2032,27,-0.06224989283771565,64.25347244574907
Taylor Donaldson,Fordham Rams,64.1775833333333,fordhamrams,2230,3,0.21493314091272497,64.2463933389582
Delaney Thomas,Duke Blue Devils,63.3865666666667,dukebluedevils,150,2,1.7410828106998104,64.24095569401119
CC Mays,Marshall Thundering Herd,64.62005,marshallthunderingherd,276,27,-0.06224989283771565,64.2254272363768
Jasmine McGinnis-Taylor,Eastern Kentucky Colonels,64.4589999999999,easternkentuckycolonels,NA,NA,0,64.224806038809
Reagan Jackson,Cincinnati Bearcats,63.4245,cincinnatibearcats,2132,8,1.627414016520187,64.22387152518402
Jewel Watkins,Youngstown State Penguins,64.4541666666667,youngstownstatepenguins,NA,NA,0,64.22012881284263
Mama Dembele,South Florida Bulls,64.4537333333333,southfloridabulls,NA,NA,0,64.21970947166695
Alberte Rimdal,Nebraska Cornhuskers,63.31495,nebraskacornhuskers,158,7,1.8898677492822935,64.2128514151834
Aaliyah Alexander,UNLV Lady Rebels,64.4407,unlvladyrebels,NA,NA,0,64.2070966968501
Cheyenne Stubbs,Utah State Aggies,64.4359333333333,utahstateaggies,NA,NA,0,64.20248370405787
Brandi Williams,Loyola Marymount Lions,64.1594833333333,loyolamarymountlions,2351,29,0.15617675887640683,64.19427214514869
Zay Dyer,Troy Trojans,64.58145,troytrojans,2653,27,-0.06224989283771565,64.18890940548
Aislynn Hayes,Marshall Thundering Herd,64.57765,marshallthunderingherd,276,27,-0.06224989283771565,64.18531395620676
Taylor Johnson-Matthews,DePaul Blue Demons,63.6021166666667,depaulbluedemons,305,4,1.1815976661979184,64.18242825786395
Micah Hart,Bethel (TN) Wildcats,64.4076666666666,betheltnwildcats,NA,NA,0,64.17512683314324
Nicole Gwynn,Georgia Southern Eagles,64.5634666666667,georgiasoutherneagles,290,27,-0.06224989283771565,64.17189342011295
Bella Antonacci,Allegheny Gators,64.4038666666667,alleghenygators,NA,NA,0,64.17144894485193
Rhema Ogele,Portland State Vikings,64.45825,portlandstatevikings,2502,5,-0.02468095143188219,64.16385999659778
Arieona Rosborough,Tarleton State Texans,65.2449666666667,tarletonstatetexans,2627,30,-0.3067245555951177,64.15659654361312
Victoria Page,Dartmouth Big Green,64.1060833333334,dartmouthbiggreen,159,12,0.1841164774285017,64.15658608469717
Izabela Nicoletti Leite,Fairfield Stags,66.9484,fairfieldstags,2217,13,-0.7445170244651927,64.1486102553329
De'Mauri Flournoy,Georgia Lady Bulldogs,63.2575,georgialadybulldogs,61,23,2.220381999275397,64.14792518287156
Mackenzie Nelson,Virginia Tech Hokies,63.2936833333334,virginiatechhokies,259,2,1.7410828106998104,64.13662848746033
Jade Masogayo,Colorado Buffaloes,63.3459666666667,coloradobuffaloes,38,8,1.627414016520187,64.13629556978046
Kemia Ward,Queens University Royals,64.3593833333334,queensuniversityroyals,NA,NA,0,64.12839162369816
Emma Yost,Dakota Wesleyan Tigers,64.3528499999999,dakotawesleyantigers,NA,NA,0,64.12206719694964
Carmaya Bowman,Shepherd Rams,64.3448166666666,shepherdrams,NA,NA,0,64.11429054622036
Tarriyonna Gary,Temple Owls,64.3313166666667,templeowls,NA,NA,0,64.10122143596358
Grace Jeffrey,Johnson & Wales (RI) Griffins,64.32575,johnsonwalesrigriffins,NA,NA,0,64.0958322751984
Antoniette Emma-Nnopu,Weber State Wildcats,64.38445,weberstatewildcats,2692,5,-0.02468095143188219,64.09304482781204
Marisa Frost,North Dakota State Bison,64.3095833333333,northdakotastatebison,NA,NA,0,64.08018055858403
Nya Robertson,SMU Mustangs,63.2354833333333,smumustangs,2567,2,1.7410828106998104,64.07131514195906
Milahnie Perry,Air Force Falcons,64.2976333333333,airforcefalcons,NA,NA,0,64.06861066073246
Saniyah King,Howard Bison,68.1603833333333,howardbison,47,16,-0.9745622795118004,64.05686123438443
Kylie Feuerbach,Iowa Hawkeyes,63.17535,iowahawkeyes,2294,7,1.8898677492822935,64.05516377692982
Anna Lutz,Milwaukee Panthers,64.2780166666667,milwaukeepanthers,NA,NA,0,64.04961696813092
Dorian Norris,Incarnate Word Cardinals,65.4887333333333,incarnatewordcardinals,2916,25,-0.4220080591350636,64.0462055131897
Zoesha Smith,Georgia Tech Yellow Jackets,63.2079833333333,georgiatechyellowjackets,59,2,1.7410828106998104,64.04046931935626
Toby Fournier,Duke Blue Devils,63.2057166666667,dukebluedevils,150,2,1.7410828106998104,64.03792731276094
Nora Francois,New Orleans Privateers,65.4747333333334,neworleansprivateers,2443,25,-0.4220080591350636,64.0348627478247
Destiny Leo,Cleveland State Vikings,64.2610833333333,clevelandstatevikings,NA,NA,0,64.033220407518
Ro Scott,James Madison Dukes,64.4153333333333,jamesmadisondukes,256,27,-0.06224989283771565,64.03166305534222
Aylasia Fantroy,Texas Southern Tigers,69.4285333333333,texassoutherntigers,2640,26,-1.1266675637845338,64.03070712126602
Callie Cowan,West Alabama Tigers,64.25455,westalabamatigers,NA,NA,0,64.0268939315183
Reese Ericson,Army Black Knights,65.7495166666667,armyblackknights,349,22,-0.505160124153813,64.02030588419552
Dani Haskell,St. Bonaventure Bonnies,63.9534666666667,stbonaventurebonnies,179,3,0.21493314091272497,64.02014617252718
Colleen McQuillen,Lehigh Mountain Hawks,65.7467666666666,lehighmountainhawks,2329,22,-0.505160124153813,64.01817480940612
Greta Kampschroeder,Michigan Wolverines,63.1399666666667,michiganwolverines,130,7,1.8898677492822935,64.01523852544874
Caroline Lau,Northwestern Wildcats,63.13585,northwesternwildcats,77,7,1.8898677492822935,64.01059454480728
Jaida McCloud,UIC Flames,63.84275,uicflames,82,18,0.3818613853103341,64.0004535848791
Jadyn Weltz,Binghamton Bearcats,65.9225333333333,binghamtonbearcats,2066,1,-0.5587271973835142,63.998740444849574
Brianna Jackson,Troy Trojans,64.37285,troytrojans,2653,27,-0.06224989283771565,63.99142481815342
Carly Hooks,Kennesaw State Owls,63.9638166666667,kennesawstateowls,338,11,0.1427033440452017,63.99011445461815
Kayla Dickey,North American Stallions,64.2163166666666,northamericanstallions,NA,NA,0,63.98986841584141
Bailey Maupin,Texas Tech Lady Raiders,63.2099666666667,texastechladyraiders,2641,8,1.627414016520187,63.98481294047158
Julieta Ceja,Eastern New Mexico Greyhounds,64.2053,easternnewmexicogreyhounds,NA,NA,0,63.97919891215504
Lulu Twidale,California Golden Bears,63.1529333333333,californiagoldenbears,25,2,1.7410828106998104,63.978750985651786
Destiny Brown,Alcorn State Lady Braves,69.2446833333333,alcornstateladybraves,2016,26,-1.1266675637845338,63.95748969927247
Mesa Byom,South Dakota State Jackrabbits,64.1761,southdakotastatejackrabbits,NA,NA,0,63.950917216984564
Lina Falk,Sacramento State Hornets,64.23355,sacramentostatehornets,16,5,-0.02468095143188219,63.948179828905
Alexis Bynum,Pfeiffer Falcons,64.1437333333333,pfeifferfalcons,NA,NA,0,63.91956529008095
Maya Chandler,Miami (OH) RedHawks,64.2841333333333,miamiohredhawks,193,14,-0.06421715182798006,63.902688847743526
Carley Duffney,South Dakota Coyotes,64.1247666666667,southdakotacoyotes,NA,NA,0,63.90119171676169
Raegan McCowan,Western Illinois Leathernecks,65.45725,westernillinoisleathernecks,2710,20,-0.46568010292818823,63.900974062144606
Harmaine Dominguez,Stephen F. Austin Ladyjacks,65.3095833333333,stephenfaustinladyjacks,2617,25,-0.4220080591350636,63.90079533911946
Ella Stemmer,Lehigh Mountain Hawks,65.5906666666667,lehighmountainhawks,2329,22,-0.505160124153813,63.896949258799346
Katie Peneueta,Sacramento State Hornets,64.1743666666667,sacramentostatehornets,16,5,-0.02468095143188219,63.89133860227528
Kyren Whittington,Tulane Green Wave,64.0996666666667,tulanegreenwave,NA,NA,0,63.87687485699407
Jaisa Gamble,Alaska Anchorage Seawolves,64.08625,alaskaanchorageseawolves,NA,NA,0,63.863875987186965
Lamaria Estridge,Shepherd Rams,64.0806666666667,shepherdrams,NA,NA,0,63.858466352691444
Patricia Chung,Long Beach State Beach,65.5735166666667,longbeachstatebeach,299,9,-0.518954747209004,63.845321794856304
Aixchel Hernandez,Cal State Fullerton Titans,65.57265,calstatefullertontitans,2239,9,-0.518954747209004,63.844651326952196
Achol Akot,UCF Knights,63.0815833333333,ucfknights,2116,8,1.627414016520187,63.84201827684321
Mya Barnes,Jacksonville State Gamecocks,63.8142166666667,jacksonvillestategamecocks,55,11,0.1427033440452017,63.83996455204922
Helen Matthews,Wofford Terriers,65.3843333333333,woffordterriers,2747,24,-0.4695431161729573,63.83247367944995
Alayna Contreras,Kansas City Roos,64.0396666666667,kansascityroos,NA,NA,0,63.81873887081462
Jyah LoVett,Arizona State Sun Devils,63.05635,arizonastatesundevils,9,8,1.627414016520187,63.813975606037225
Simaru Fields,Old Dominion Monarchs,64.17395,olddominionmonarchs,295,27,-0.06224989283771565,63.80291010047131
Breona Hurd,Virginia Cavaliers,62.99275,virginiacavaliers,258,2,1.7410828106998104,63.79938602986112
Amalya Sales,Warner Pacific Knights,64.0135666666666,warnerpacificknights,NA,NA,0,63.793446189025104
Emily Pape,Cornell Big Red,63.7331666666667,cornellbigred,172,12,0.1841164774285017,63.781080463199714
Da'Myiah Lewis,Stanislaus State Warriors,63.9876666666667,stanislausstatewarriors,NA,NA,0,63.76834521160652
Grace Sullivan,Northwestern Wildcats,62.9146,northwesternwildcats,77,7,1.8898677492822935,63.76134378357063
Tiarra East,Temple Owls,63.9800166666667,templeowls,NA,NA,0,63.760930814890486
Grace Efosa,Providence Friars,63.2114,providencefriars,2507,4,1.1815976661979184,63.759853427740424
Reniya Kelly,North Carolina Tar Heels,62.9543833333334,northcarolinatarheels,153,2,1.7410828106998104,63.75647374258559
Fiona Hastick,Army Black Knights,65.4076,armyblackknights,349,22,-0.505160124153813,63.75413967872513
MaKayla Elmore,Pittsburgh Panthers,62.9497833333333,pittsburghpanthers,221,2,1.7410828106998104,63.7513299998092
Ashleigh Connor,La Salle Explorers,63.6830166666667,lasalleexplorers,2325,3,0.21493314091272497,63.74718935968713
Zoe Best,Southeast Missouri State Redhawks,65.25575,southeastmissouristateredhawks,2546,20,-0.46568010292818823,63.7403873213784
Jocelyn Tate,Michigan State Spartans,62.8939833333333,michiganstatespartans,127,7,1.8898677492822935,63.738151707299345
Alejandra Zuniga,NJIT Highlanders,65.5716,njithighlanders,2885,1,-0.5587271973835142,63.7336316984749
Claire Johnson,Samford Bulldogs,65.2567,samfordbulldogs,2535,24,-0.4695431161729573,63.73084117412305
Kaitlyn O'Connell,Adelphi Panthers,63.94865,adelphipanthers,NA,NA,0,63.73052826138494
Ava Hairston,Pfeiffer Falcons,63.9459166666667,pfeifferfalcons,NA,NA,0,63.7278787967018
Sabrina Ma,UC San Diego Tritons,65.4193666666667,ucsandiegotritons,28,9,-0.518954747209004,63.72581996662281
Jayla Brooks,Little Rock Trojans,65.2348,littlerocktrojans,2031,20,-0.46568010292818823,63.72364655846392
Zoe Kennedy,Clarke University Pride,63.9327166666667,clarkeuniversitypride,NA,NA,0,63.71508349301104
Victoria Keenan,Tulane Green Wave,63.93135,tulanegreenwave,NA,NA,0,63.713758695693556
Madison Schiller,Colgate Raiders,65.34045,colgateraiders,2142,22,-0.505160124153813,63.70158378480755
Regan Williams,Kansas Jayhawks,62.9515166666667,kansasjayhawks,2305,8,1.627414016520187,63.69755171149777
Keiara Griffin,Kennesaw State Owls,63.6713,kennesawstateowls,338,11,0.1427033440452017,63.69653037472324
Samantha Muller,Molloy Lions,63.9074166666666,molloylions,NA,NA,0,63.69055764365258
Harsimran Kaur,Rhode Island Rams,63.62665,rhodeislandrams,227,3,0.21493314091272497,63.69030895694944
Eryka Patton,UNT Dallas Trailblazers,63.9048333333333,untdallastrailblazers,NA,NA,0,63.688053245214746
Malia Fisher,Rice Owls,63.9005333333333,riceowls,NA,NA,0,63.68388458758755
Tamiah Robinson,Louisiana Ragin' Cajuns,64.04385,louisianaragincajuns,309,27,-0.06224989283771565,63.67949171780529
Laila Blair,Houston Cougars,62.9343,houstoncougars,248,8,1.627414016520187,63.67844397810404
Esther Matarranz,UC Riverside Highlanders,65.3555166666666,ucriversidehighlanders,27,9,-0.518954747209004,63.67617549785513
Maddie Webber,Villanova Wildcats,63.1318833333334,villanovawildcats,222,4,1.1815976661979184,63.67401256157156
Meadow Roland,UNLV Lady Rebels,63.8825333333333,unlvladyrebels,NA,NA,0,63.66643376890774
T'yana Todd,Boston College Eagles,62.8726,bostoncollegeeagles,103,2,1.7410828106998104,63.66506327179046
Tanyuel Welch,Memphis Tigers,63.8798833333334,memphistigers,NA,NA,0,63.66386453558322
Victoria Perez,Colorado Christian Cougars,63.8675166666667,coloradochristiancougars,NA,NA,0,63.65187449175067
Caroline Lucas,Brescia Bearcats,63.8674166666667,bresciabearcats,NA,NA,0,63.651777535283436
Nya Epps,UC Davis Aggies,65.3210333333334,ucdavisaggies,302,9,-0.518954747209004,63.64932871739328
Halle Nelson,Utah Valley Wolverines,64.6509166666667,utahvalleywolverines,3084,30,-0.3067245555951177,63.646230856122386
Destiny Ryles,Bowie State Bulldogs,63.8505166666667,bowiestatebulldogs,NA,NA,0,63.63539144669714
Rikki Harris,Dayton Flyers,63.5714166666666,daytonflyers,2168,3,0.21493314091272497,63.634575113545495
Avyonce Carter,Western Carolina Catamounts,65.1305000000001,westerncarolinacatamounts,2717,24,-0.4695431161729573,63.6300429773927
Debreasha Powe,Mississippi State Bulldogs,62.7962333333333,mississippistatebulldogs,344,23,2.220381999275397,63.62826864236544
Victoria Flores,Rice Owls,63.8429333333334,riceowls,NA,NA,0,63.62803842680828
Addi Brownfield,Western Illinois Leathernecks,65.1128833333333,westernillinoisleathernecks,2710,20,-0.46568010292818823,63.62605983385932
Mya Perry,Florida Atlantic Owls,63.8263666666667,floridaatlanticowls,NA,NA,0,63.6119742867385
Jaleesa Molina,Temple Owls,63.8248333333333,templeowls,NA,NA,0,63.61048742195712
Brooke Donnelly,Cal State East Bay Pioneers,63.8228999999999,calstateeastbaypioneers,NA,NA,0,63.60861266903563
Joan Quinn,La Salle Explorers,63.5270333333334,lasalleexplorers,2325,3,0.21493314091272497,63.58979166060118
Callin Hake,Nebraska Cornhuskers,62.7556833333333,nebraskacornhuskers,158,7,1.8898677492822935,63.58272298128258
Kassie Monday,Cumberland (KY) Indians,63.7924333333333,cumberlandkyindians,NA,NA,0,63.57906762248938
Ana Barreto,Queens University Royals,63.7920333333334,queensuniversityroyals,NA,NA,0,63.57867970345668
Tasia Jordan,Idaho State Bengals,63.8386333333333,idahostatebengals,304,5,-0.02468095143188219,63.56862967723551
Alli Carlson,Western Michigan Broncos,63.9264833333333,westernmichiganbroncos,2711,14,-0.06421715182798006,63.56362812761846
Hayleigh Breland,Charlotte 49ers,63.7728333333333,charlotte49ers,NA,NA,0,63.560059009011155
Anovia Sheals,Austin Peay Governors,63.7671,austinpeaygovernors,NA,NA,0,63.55449844221937
Tessa Miller,Clemson Tigers,62.76725,clemsontigers,228,2,1.7410828106998104,63.54743655345683
Destiny Terrell,Texas State Bobcats,63.8834833333333,texasstatebobcats,326,27,-0.06224989283771565,63.52724112225729
Meghan Downing,East Tennessee State Bucs,64.9988,easttennesseestatebucs,2193,24,-0.4695431161729573,63.52452862322867
Kyla Deck,North Texas Mean Green,63.7286333333333,northtexasmeangreen,NA,NA,0,63.51718829908332
Saniyah Craig,Jacksonville Dolphins,63.7206833333333,jacksonvilledolphins,NA,NA,0,63.50947675274736
Jalyn Holcomb,Lipscomb Bisons,63.7182,lipscombbisons,NA,NA,0,63.50706786510929
Ashley Baez,Troy Trojans,63.8541166666666,troytrojans,2653,27,-0.06224989283771565,63.499346432882085
Luana Leite,San Francisco Dons,63.4639333333333,sanfranciscodons,2539,29,0.15617675887640683,63.495456901275965
Jakoriah Long,Tarleton State Texans,64.4737833333334,tarletonstatetexans,2627,30,-0.3067245555951177,63.493130130749726
Abbie Aalsma,Drake Bulldogs,63.3446666666667,drakebulldogs,2181,18,0.3818613853103341,63.49152586042637
Maddie Kellione,Marshall Thundering Herd,63.8445333333333,marshallthunderingherd,276,27,-0.06224989283771565,63.49024250445552
Parris Atkins,Florida International Panthers,63.4629166666667,floridainternationalpanthers,2229,11,0.1427033440452017,63.48740602607422
Mj Simmons,Bethel (TN) Wildcats,63.6966833333334,betheltnwildcats,NA,NA,0,63.48619543459836
Mallory Heyer,Minnesota Golden Gophers,62.6657166666666,minnesotagoldengophers,135,7,1.8898677492822935,63.481750827735915
Lauren Ware,Texas A&M Aggies,62.6631333333334,texasamaggies,245,23,2.220381999275397,63.478853066126675
Kacee Baumhower,Milwaukee Panthers,63.68635,milwaukeepanthers,NA,NA,0,63.47617098906915
Chaniya Clark,North Carolina A&T Aggies,64.9998166666667,northcarolinaataggies,2448,10,-0.4891651654627686,63.47476899929467
Deja Evans,Drexel Dragons,64.9846833333333,drexeldragons,2182,10,-0.4891651654627686,63.462725255340466
Sammy Opichka,St. Thomas-Minnesota Tommies,63.66875,stthomasminnesotatommies,NA,NA,0,63.459096340835906
Jayde Gamble,UNC Greensboro Spartans,64.9163,uncgreensborospartans,2430,24,-0.4695431161729573,63.45826484600912
Cora Horvath,East Texas A&M Lions,64.7675166666667,easttexasamlions,2837,25,-0.4220080591350636,63.4573844773548
Morgan Callahan,North Carolina Central Eagles,67.0430666666667,northcarolinacentraleagles,2428,16,-0.9745622795118004,63.45584854272677
Allie Kubek,Maryland Terrapins,62.6341333333333,marylandterrapins,120,7,1.8898677492822935,63.44632941730661
Ines Gimenez Monserrat,Manhattan Jaspers,65.8907166666666,manhattanjaspers,2363,13,-0.7445170244651927,63.4411706098431
Karson Martin,Quinnipiac Bobcats,65.8855833333334,quinnipiacbobcats,2514,13,-0.7445170244651927,63.43765731835556
Jaylo Bello,Walla Walla Wolves,63.6380333333334,wallawallawolves,NA,NA,0,63.42929427924029
Sydney Ward,Pacific Tigers,63.3841333333333,pacifictigers,279,29,0.15617675887640683,63.4152970487076
Isabella King,Bucknell Bison,64.9761666666666,bucknellbison,2083,22,-0.505160124153813,63.41487745162849
Grace Slaughter,Missouri Tigers,62.60575,missouritigers,142,23,2.220381999275397,63.41450812804305
Briana Peguero,Troy Trojans,63.7558,troytrojans,2653,27,-0.06224989283771565,63.405925879226245
Meredith Raley,Southern Indiana Screaming Eagles,64.8347,southernindianascreamingeagles,88,20,-0.46568010292818823,63.4023431211044
Lilly Phillips,UAlbany Great Danes,65.13445,ualbanygreatdanes,399,1,-0.5587271973835142,63.399538873865765
Kayla Blackshear,Georgia Tech Yellow Jackets,62.6286666666667,georgiatechyellowjackets,59,2,1.7410828106998104,63.39291571278552
Lyric Cole,Tennessee State Lady Tigers,64.8198833333333,tennesseestateladytigers,2634,20,-0.46568010292818823,63.39038690191361
Reese Zemitis,Bucknell Bison,64.9427333333333,bucknellbison,2083,22,-0.505160124153813,63.38843023782435
Laia Conesa,Kansas Jayhawks,62.6673166666667,kansasjayhawks,2305,8,1.627414016520187,63.382580479771036
Lindsay Berger,Holy Cross Crusaders,64.8854,holycrosscrusaders,107,22,-0.505160124153813,63.343025180682226
Claira McGowan,Lipscomb Bisons,63.5469166666667,lipscombbisons,NA,NA,0,63.34087370836841
Jasmine Felton,Campbell Fighting Camels,64.8253833333333,campbellfightingcamels,2097,10,-0.4891651654627686,63.33567741442039
Judith Gomez,Iona Gaels,65.7335166666667,ionagaels,314,13,-0.7445170244651927,63.3332391632254
Sophia Diehl,Colgate Raiders,64.8708166666667,colgateraiders,2142,22,-0.505160124153813,63.33146548843784
Kennedi Watkins,Ohio Bobcats,63.67865,ohiobobcats,195,14,-0.06421715182798006,63.32828673123977
Key Roseby,Stephen F. Austin Ladyjacks,64.6002833333333,stephenfaustinladyjacks,2617,25,-0.4220080591350636,63.31956327363443
Lily Wahinekapu,Hawai'i Rainbow Wahine,64.8963166666667,hawaiirainbowwahine,62,9,-0.518954747209004,63.31665183786845
Maya Simon,Texas A&M-San Antonio Jaguars,63.5170333333333,texasamsanantoniojaguars,NA,NA,0,63.311869104158966
Kaemyn Bekemeier,Missouri State Lady Bears,63.1665666666667,missouristateladybears,2623,18,0.3818613853103341,63.30968290905372
Malia Latu,Santa Clara Broncos,63.2744166666667,santaclarabroncos,2541,29,0.15617675887640683,63.305090489590924
McKinley Brooks-Sumpter,Charleston Cougars,64.7811166666667,charlestoncougars,232,10,-0.4891651654627686,63.300285794550135
Chloe Larry,Tennessee Tech Golden Eagles,64.70785,tennesseetechgoldeneagles,2635,20,-0.46568010292818823,63.299850505030236
Ashley Hawkins,Gardner-Webb Runnin' Bulldogs,69.76845,gardnerwebbrunninbulldogs,2241,6,-1.3272392548610852,63.2860263654344
Kate Hollifield,UNC Wilmington Seahawks,64.7567,uncwilmingtonseahawks,350,10,-0.4891651654627686,63.28074826845157
Jalyn Sackrider,Evergreen State Geoducks,63.4834333333334,evergreenstategeoducks,NA,NA,0,63.27925388730401
Nikola Priede,Vermont Catamounts,64.9667666666667,vermontcatamounts,261,1,-0.5587271973835142,63.2702719408535
Sarengbe Sanogo,Texas Tech Lady Raiders,62.5556,texastechladyraiders,2641,8,1.627414016520187,63.25902506438151
Kseniia Kozlova,James Madison Dukes,63.60105,jamesmadisondukes,256,27,-0.06224989283771565,63.25878335392979
Shae Littleford,UT Martin Skyhawks,64.6519999999999,utmartinskyhawks,2630,20,-0.46568010292818823,63.25463035198246
Triniti Ralston,Southern Indiana Screaming Eagles,64.6506833333333,southernindianascreamingeagles,88,20,-0.46568010292818823,63.253563591235576
Crislyn Rose,Arkansas State Red Wolves,63.5861166666667,arkansasstateredwolves,2032,27,-0.06224989283771565,63.244577771446515
Ary Dizon,Cal State Bakersfield Roadrunners,64.8047666666667,calstatebakersfieldroadrunners,2934,9,-0.518954747209004,63.24445783564465
Kaylie Monday,Cumberland (KY) Indians,63.4388166666667,cumberlandkyindians,NA,NA,0,63.23593960994715
Journey Armstead,UAB Blazers,63.4353333333333,uabblazers,NA,NA,0,63.2325577042352
Julia Susla,Montevallo Falcons,63.43055,montevallofalcons,NA,NA,0,63.22791359222288
Edyn Battle,Jacksonville Dolphins,63.4220333333334,jacksonvilledolphins,NA,NA,0,63.219644636550015
KK Arnold,UConn Huskies,62.7070333333333,uconnhuskies,41,4,1.1815976661979184,63.21626800814875
Asta Blauenfeldt,Maine Black Bears,64.8962333333333,maineblackbears,311,1,-0.5587271973835142,63.21571549332953
Tyler Pyburn,Texas College Steers,63.4175,texascollegesteers,NA,NA,0,63.21524306800083
Neeley Tilly-Bedick,Nelson Lions,63.4090166666666,nelsonlions,NA,NA,0,63.207006142774425
Sara Bershers,UAB Blazers,63.3972833333333,uabblazers,NA,NA,0,63.195613260176536
Luisa Vydrova,UTEP Miners,63.1669333333333,utepminers,2638,11,0.1427033440452017,63.19039742311187
Claire Henson,Wright State Raiders,63.3827,wrightstateraiders,NA,NA,0,63.18145249458653
Jo Raflo,Mount St. Mary's Mountaineers,65.509,mountstmarysmountaineers,116,13,-0.7445170244651927,63.17786867063416
Lauren Smith,Tennessee Southern Firehawks,63.3744166666667,tennesseesouthernfirehawks,NA,NA,0,63.17340889482727
Jazzpher Evans,Alaska Anchorage Seawolves,63.3697833333333,alaskaanchorageseawolves,NA,NA,0,63.168909567974204
Aoibhe Gormley,Boston University Terriers,64.6579666666667,bostonuniversityterriers,104,22,-0.505160124153813,63.16226748814069
Britiya Curtis,Nicholls Colonels,64.4089833333333,nichollscolonels,2447,25,-0.4220080591350636,63.161326067785716
Jo Langbehn,St. Thomas-Minnesota Tommies,63.3554333333333,stthomasminnesotatommies,NA,NA,0,63.15497419317262
Bella Nascimento,William & Mary Tribe,64.5961166666667,williammarytribe,2729,10,-0.4891651654627686,63.151968833965014
Savannah Catalon,Seton Hall Pirates,62.6412833333333,setonhallpirates,2550,4,1.1815976661979184,63.14556020848262
Ciani Montgomery,Lincoln (PA) Lions,63.3358833333334,lincolnpalions,NA,NA,0,63.13598807097642
Zsofia Telegdy,Western Kentucky Lady Toppers,63.1095833333333,westernkentuckyladytoppers,98,11,0.1427033440452017,63.13285241977194
Kaila Rougier,North Florida Ospreys,63.3252166666667,northfloridaospreys,NA,NA,0,63.12562857806639
Ayisse Magassa,La Salle Explorers,63.0596166666667,lasalleexplorers,2325,3,0.21493314091272497,63.118271840911504
Jo Huntimer,Air Force Falcons,63.3157833333333,airforcefalcons,NA,NA,0,63.11646661741813
Sierra Lichtie,Cal Poly Mustangs,64.6403333333333,calpolymustangs,13,9,-0.518954747209004,63.1143646109162
Lianna Baxter,Oakland Golden Grizzlies,63.3100166666667,oaklandgoldengrizzlies,NA,NA,0,63.1108657116243
Calysia Phillips,Mississippi University For Women Owls,63.2811833333334,mississippiuniversityforwomenowls,NA,NA,0,63.08285969009859
Taya Davis,Fordham Rams,63.0231666666667,fordhamrams,2230,3,0.21493314091272497,63.08151026217149
Quentarra Mitchell,Stetson Hatters,63.2793833333334,stetsonhatters,NA,NA,0,63.081111254880135
Simone Cunningham,Old Dominion Monarchs,63.41135,olddominionmonarchs,295,27,-0.06224989283771565,63.078245351069334
Parker Hill,Princeton Tigers,63.0347666666667,princetontigers,163,12,0.1841164774285017,63.07809237112605
Zyion Shannon,Arkansas State Red Wolves,63.4044833333333,arkansasstateredwolves,2032,27,-0.06224989283771565,63.071706971426586
Khady Leye,Towson Tigers,64.4822999999999,towsontigers,119,10,-0.4891651654627686,63.0603957078592
Tiffany Tullis,Houston Christian Huskies,64.2749,houstonchristianhuskies,2277,25,-0.4220080591350636,63.05004992990273
Elise Jaeger,Northern Iowa Panthers,62.9093333333334,northerniowapanthers,2460,18,0.3818613853103341,63.04716622550344
Lauren Knight,St. Francis (IL) Fighting Saints,63.2437166666667,stfrancisilfightingsaints,NA,NA,0,63.04646434001872
Sarah Taub,North Florida Ospreys,63.2436,northfloridaospreys,NA,NA,0,63.046351002762016
Alex Richard,Ball State Cardinals,63.3817166666667,ballstatecardinals,2050,14,-0.06421715182798006,63.04590826788383
Mary Carter,Cal Poly Mustangs,64.5519666666667,calpolymustangs,13,9,-0.518954747209004,63.04422812245731
Annika Shah,Cal Poly Mustangs,64.5502,calpolymustangs,13,9,-0.518954747209004,63.04282433115931
Victoria Rivera,Georgetown Hoyas,62.5455666666667,georgetownhoyas,46,4,1.1815976661979184,63.04268899321455
Indya Nivar,North Carolina Tar Heels,62.3124,northcarolinatarheels,153,2,1.7410828106998104,63.04116762741732
Mykel Parham,VCU Rams,62.9781,vcurams,2670,3,0.21493314091272497,63.03606001887313
Tamia Stricklin,Seattle U Redhawks,63.9430333333333,seattleuredhawks,2547,30,-0.3067245555951177,63.031922829956734
Gianni Boone,Campbell Fighting Camels,64.4423833333334,campbellfightingcamels,2097,10,-0.4891651654627686,63.02822185489965
Deryanis Colon Velez,Washington Adventist Shock,63.2227833333333,washingtonadventistshock,NA,NA,0,63.02612774880574
Kyleigh Brown,Portland State Vikings,63.2706666666666,portlandstatevikings,2502,5,-0.02468095143188219,63.02170351396883
Sydney Ryan,Furman Paladins,64.3745666666667,furmanpaladins,231,24,-0.4695431161729573,63.01999414673092
Samantha Hoelscher,Cleary University Cougars,63.2148833333334,clearyuniversitycougars,NA,NA,0,63.01845261332316
Cecilia Kay,American University Eagles,64.4756833333334,americanuniversityeagles,44,22,-0.505160124153813,63.0166597701159
Kilah Freelon,Texas Tech Lady Raiders,62.3356166666667,texastechladyraiders,2641,8,1.627414016520187,63.01614797738461
Brynn Farrell,Providence Friars,62.5194333333333,providencefriars,2507,4,1.1815976661979184,63.014615160954435
Raimi McCrary,Incarnate Word Cardinals,64.2316333333333,incarnatewordcardinals,2916,25,-0.4220080591350636,63.01407876610632
Taylor Eldredge,Cal State East Bay Pioneers,63.2057666666667,calstateeastbaypioneers,NA,NA,0,63.009595211437066
Laura Salmeron,Loyola Maryland Greyhounds,64.46605,loyolamarylandgreyhounds,2352,22,-0.505160124153813,63.00894664957083
Amani Ball,Washington Adventist Shock,63.20145,washingtonadventistshock,NA,NA,0,63.00540121829287
Ashlee Locke,Mercer Bears,64.3558166666667,mercerbears,2382,24,-0.4695431161729573,63.00472835250193
Sydney Watkins,UMass Lowell River Hawks,64.6084666666667,umasslowellriverhawks,2349,1,-0.5587271973835142,62.992024249266635
Jenna Lawrence,Arkansas Razorbacks,62.2262,arkansasrazorbacks,8,23,2.220381999275397,62.98999757260263
Sabou Gueye,Florida A&M Rattlers,67.09455,floridaamrattlers,50,26,-1.1266675637845338,62.987589646358636
Kendall Holmes,Belmont Bruins,62.8504333333333,belmontbruins,2057,18,0.3818613853103341,62.987076642932664
Cherika Rafan,Lincoln (CA) Oaklanders,63.1681666666667,lincolncaoaklanders,NA,NA,0,62.973061891091874
Taris Thornton,Tennessee Tech Golden Eagles,64.2765666666666,tennesseetechgoldeneagles,2635,20,-0.46568010292818823,62.94917199284709
Catherine Gilwee,Vermont Catamounts,64.5496333333333,vermontcatamounts,261,1,-0.5587271973835142,62.94607355827997
Alisha Wilson,Alabama A&M Bulldogs,66.9842666666666,alabamaambulldogs,2010,26,-1.1266675637845338,62.93238114461909
Brie Crittendon,Utah Tech Trailblazers,63.8221666666666,utahtechtrailblazers,3101,30,-0.3067245555951177,62.92638437306059
Amber Bourgeois,St. Thomas (TX) Celts,63.1103166666666,stthomastxcelts,NA,NA,0,62.91684486043072
Alyssa Marin,UC Santa Barbara Gauchos,64.3892666666667,ucsantabarbaragauchos,2540,9,-0.518954747209004,62.91468658084288
Jenna Johnson,Utah Utes,62.2400666666666,utahutes,254,8,1.627414016520187,62.910825079010834
Madison Roman,Merrimack Warriors,65.1253,merrimackwarriors,2771,13,-0.7445170244651927,62.909060753232
Maci Rhoades,Valparaiso Beacons,62.7699833333334,valparaisobeacons,2674,18,0.3818613853103341,62.90501385985897
Ella Gallatin,Eastern Washington Eagles,63.1490333333333,easternwashingtoneagles,331,5,-0.02468095143188219,62.90441735468092
Vera Ojenuwa,Arkansas Razorbacks,62.1466,arkansasrazorbacks,8,23,2.220381999275397,62.90120465500877
Kinley Fisher,Central Arkansas Sugar Bears,63.0866166666667,centralarkansassugarbears,NA,NA,0,62.89381099804758
Sophia Covello,Idaho State Bengals,63.1373833333333,idahostatebengals,304,5,-0.02468095143188219,62.89318083075181
Cassidy Morris,Brescia Bearcats,63.0822333333333,bresciabearcats,NA,NA,0,62.88955068571913
Malia Magestro,Youngstown State Penguins,63.0799499999999,youngstownstatepenguins,NA,NA,0,62.887331413121586
Emely Rodriguez,UCF Knights,62.2151833333333,ucfknights,2116,8,1.627414016520187,62.88341352949846
Alexi Hempe,South Dakota Coyotes,63.06795,southdakotacoyotes,NA,NA,0,62.87566783001067
Makayla Rose,UC Riverside Highlanders,64.3327499999999,ucriversidehighlanders,27,9,-0.518954747209004,62.86956542166912
Meloney Thames,UL Monroe Warhawks,63.191,ulmonroewarhawks,2433,27,-0.06224989283771565,62.86831413607065
Linzie Wernert,Indiana-Southeast Grenadiers,63.0553166666666,indianasoutheastgrenadiers,NA,NA,0,62.86338821041112
Rose Bubakar,Weber State Wildcats,63.1058,weberstatewildcats,2692,5,-0.02468095143188219,62.862715901053164
Skylar Burke,UC Santa Barbara Gauchos,64.3235166666667,ucsantabarbaragauchos,2540,9,-0.518954747209004,62.86218782982102
Leyla Ozturk,Manhattan Jaspers,65.05855,manhattanjaspers,2363,13,-0.7445170244651927,62.861880368058976
Elisa Mevius,Oregon Ducks,62.1111666666667,oregonducks,2483,7,1.8898677492822935,62.86170520656347
Nhug Bosch Duran,California Baptist Lancers,63.7360166666666,californiabaptistlancers,2856,30,-0.3067245555951177,62.85104638194495
Aaliyah Stanton,Cal State Fullerton Titans,64.3049833333334,calstatefullertontitans,2239,9,-0.518954747209004,62.84737431412704
Tieraney Bolton,Thomas (GA) Night Hawks,63.0365666666667,thomasganighthawks,NA,NA,0,62.84516231520469
Meg Cahalan,Holy Cross Crusaders,64.2521666666667,holycrosscrusaders,107,22,-0.505160124153813,62.837234218346325
Fanta Gassama,New Mexico State Aggies,62.8087666666666,newmexicostateaggies,166,11,0.1427033440452017,62.83103205435385
Jessica Tomasetti,UAlbany Great Danes,64.4022,ualbanygreatdanes,399,1,-0.5587271973835142,62.830602192406765
Eva DeChent,New Hampshire Wildcats,64.39485,newhampshirewildcats,160,1,-0.5587271973835142,62.824833623437826
Reese Ross,Utah Utes,62.1593,utahutes,254,8,1.627414016520187,62.82187758398457
Kaci Donovan,UAlbany Great Danes,64.3793,ualbanygreatdanes,399,1,-0.5587271973835142,62.812625637462794
Courtney Moore,East Tennessee State Bucs,64.1165833333333,easttennesseestatebucs,2193,24,-0.4695431161729573,62.8093909085047
Jayla Hearp,East Carolina Pirates,62.98765,eastcarolinapirates,NA,NA,0,62.797608116276834
Enya Maguire,NJIT Highlanders,64.3536,njithighlanders,2885,1,-0.5587271973835142,62.79243798676635
Elli Garnett,Nicholls Colonels,63.9545666666667,nichollscolonels,2447,25,-0.4220080591350636,62.78299623155094
Ava Uhrich,Southern Utah Thunderbirds,63.6527,southernutahthunderbirds,253,30,-0.3067245555951177,62.77809683871888
Ashlee Harris,Bellarmine Knights,62.9674,bellarmineknights,NA,NA,0,62.77792008216953
Reigan Richardson,Duke Blue Devils,62.0708,dukebluedevils,150,2,1.7410828106998104,62.77328331400185
Madison Mathiowetz,South Dakota State Jackrabbits,62.9586833333333,southdakotastatejackrabbits,NA,NA,0,62.769444945585576
Halle Douglass,Wisconsin Badgers,62.02345,wisconsinbadgers,275,7,1.8898677492822935,62.76399138649899
Ta'Viyanna Habib,George Mason Patriots,62.6980333333333,georgemasonpatriots,2244,3,0.21493314091272497,62.75365039093563
Alaya Fitzgerald,Portland State Vikings,62.9855333333334,portlandstatevikings,2502,5,-0.02468095143188219,62.74667421690509
Naelle Bernard,Loyola Chicago Ramblers,62.6816666666667,loyolachicagoramblers,2350,3,0.21493314091272497,62.73714896107831
Adryana Quezada,San Diego State Aztecs,62.9242833333333,sandiegostateaztecs,NA,NA,0,62.73599596671493
Tess Barnes,Wyoming Cowgirls,62.92235,wyomingcowgirls,NA,NA,0,62.734115979653744
Nalani Kaysia,George Mason Patriots,62.6716,georgemasonpatriots,2244,3,0.21493314091272497,62.72699952287083
Chloe Wilson,Delaware Blue Hens,64.0682666666667,delawarebluehens,48,10,-0.4891651654627686,62.725219502154204
Ndack Mbengue,UTEP Miners,62.6891666666667,utepminers,2638,11,0.1427033440452017,62.711041840707445
Sophie Phillips,Rhode Island Rams,62.6486833333333,rhodeislandrams,227,3,0.21493314091272497,62.70389476080637
Emma Riley,Union Garnet Chargers,62.8893666666667,uniongarnetchargers,NA,NA,0,62.702041072710735
Sahara Jones,Texas A&M Aggies,61.9661666666667,texasamaggies,245,23,2.220381999275397,62.70023199679527
Jordyn Newsome,East Texas A&M Lions,63.8545333333333,easttexasamlions,2837,25,-0.4220080591350636,62.69925579574871
Ja Harvey,Omaha Mavericks,62.8851,omahamavericks,NA,NA,0,62.69789168694021
Kylee Piche,Bridgewater State (MA) Bears,62.8806833333333,bridgewaterstatemabears,NA,NA,0,62.69359636850038
Kennedy Basham,Arizona State Sun Devils,62.0419666666666,arizonastatesundevils,9,8,1.627414016520187,62.692789300824046
Meghan Weinrich,Oral Roberts Golden Eagles,62.8707666666667,oralrobertsgoldeneagles,NA,NA,0,62.68395195612875
Paula Gallego,Maine Black Bears,64.20865,maineblackbears,311,1,-0.5587271973835142,62.67831980754233
Kylie Flippin,McMurry War Hawks,62.8547666666667,mcmurrywarhawks,NA,NA,0,62.66839062060895
K'Nari Holliday,West Georgia Wolves,62.84205,westgeorgiawolves,NA,NA,0,62.65602207027142
Lauren Jones,Westminster (MO) Blue Jays,62.83585,westminstermobluejays,NA,NA,0,62.64999162383008
Rebecca Walter,Blue Mountain College Toppers,62.8326,bluemountaincollegetoppers,NA,NA,0,62.646830458147925
Karoline Striplin,Indiana Hoosiers,61.9157166666667,indianahoosiers,84,7,1.8898677492822935,62.64411271394344
Destiny Goodwin,Trinity Christian (IL) Trolls,62.8297833333333,trinitychristianiltrolls,NA,NA,0,62.644090756435794
Gabrielle Kennerly,Mount St. Mary's Mountaineers,64.7476833333333,mountstmarysmountaineers,116,13,-0.7445170244651927,62.64054498104953
Leah Williams,Mount Marty College Lancers,62.8253833333333,mountmartycollegelancers,NA,NA,0,62.639810939663114
Destiny Howell,Howard Bison,65.6304333333334,howardbison,47,16,-0.9745622795118004,62.628718779217635
Deniya Thornton,Loyola New Orleans Wolfpack,62.8071166666667,loyolaneworleanswolfpack,NA,NA,0,62.622042615349336
Ellie McDermid,Bradley Braves,62.4837,bradleybraves,71,18,0.3818613853103341,62.61310304849545
Kylie Lavelle,St. John's Red Storm,62.14505,stjohnsredstorm,2599,4,1.1815976661979184,62.61303258491239
Janay Brantley,Stony Brook Seawolves,63.92715,stonybrookseawolves,2619,10,-0.4891651654627686,62.61025160212577
Gabi Fields,Northern Colorado Bears,62.8411,northerncoloradobears,2458,5,-0.02468095143188219,62.607244534289464
Jacei Denley,Lamar Cardinals,63.7440666666667,lamarcardinals,2320,25,-0.4220080591350636,62.606592468901745
Peyton Starks,Macalester Scots,62.7878833333334,macalesterscots,NA,NA,0,62.603332952054366
Nevaeh Dean,UC Irvine Anteaters,63.9938166666667,ucirvineanteaters,300,9,-0.518954747209004,62.59765878495636
Nan Garcia,Toledo Rockets,62.90965,toledorockets,2649,14,-0.06421715182798006,62.59607645453575
Sammie Puisis,South Florida Bulls,62.7709166666666,southfloridabulls,NA,NA,0,62.586827352068006
Jaden Walker,UMBC Retrievers,64.0865499999999,umbcretrievers,2378,1,-0.5587271973835142,62.58185275373016
Liv West,Pittsburgh-Johnstown Mountain Cats,62.7618833333333,pittsburghjohnstownmountaincats,NA,NA,0,62.5780391588829
Brenda Fontana,Old Dominion Monarchs,62.8863166666667,olddominionmonarchs,295,27,-0.06224989283771565,62.57764742237216
Anna Gliatta,Brenau University Golden Tigers,62.75805,brenauuniversitygoldentigers,NA,NA,0,62.57430978059265
Hunter Hernandez,UC Irvine Anteaters,63.9439666666667,ucirvineanteaters,300,9,-0.518954747209004,62.55747882224057
Jaleesa Lawrence,High Point Panthers,67.6215333333333,highpointpanthers,2272,6,-1.3272392548610852,62.5535533758617
Layla Gold,Valparaiso Beacons,62.4209333333334,valparaisobeacons,2674,18,0.3818613853103341,62.5491256483014
Jazzlyn Linbo,Purdue Fort Wayne Mastodons,62.7290166666667,purduefortwaynemastodons,NA,NA,0,62.54606241713162
Courtney Dahlquist,Campbell Fighting Camels,63.8465,campbellfightingcamels,2097,10,-0.4891651654627686,62.544381720097746
Khia Miller,East Carolina Pirates,62.7236166666666,eastcarolinapirates,NA,NA,0,62.5408083341015
Dani Grim,Oakland Golden Grizzlies,62.72305,oaklandgoldengrizzlies,NA,NA,0,62.540256974839814
Samantha Ballantyne,Bethesda University Flames,62.7193166666667,bethesdauniversityflames,NA,NA,0,62.53662446717568
Lani White,Virginia Tech Hokies,61.85415,virginiatechhokies,259,2,1.7410828106998104,62.53365656036677
Avery VanSickle,Stephen F. Austin Ladyjacks,63.65615,stephenfaustinladyjacks,2617,25,-0.4220080591350636,62.532704047669014
Thalia Shepard,Merrimack Warriors,64.5969,merrimackwarriors,2771,13,-0.7445170244651927,62.53224364291949
Cassandre Prosper,Notre Dame Fighting Irish,61.8502333333334,notredamefightingirish,87,2,1.7410828106998104,62.52932961707516
Madi Morson,Central Michigan Chippewas,62.82925,centralmichiganchippewas,2117,14,-0.06421715182798006,62.51935471642147
Brooke Beresford,College of Idaho Yotes,62.7013,collegeofidahoyotes,NA,NA,0,62.519093810399035
Kiyley Flowers,Eastern Illinois Panthers,63.7414666666667,easternillinoispanthers,2197,20,-0.46568010292818823,62.5094335521809
Saniyah Neverson,Northern Arizona Lumberjacks,62.7271,northernarizonalumberjacks,2464,5,-0.02468095143188219,62.49714014125253
Skyler Gill,Florida Gulf Coast Eagles,62.67635,floridagulfcoasteagles,NA,NA,0,62.49481530962417
Emani Bennett,Kansas City Roos,62.6739166666666,kansascityroos,NA,NA,0,62.49244737082434
Savannah White,Indiana State Sycamores,62.3606833333333,indianastatesycamores,282,18,0.3818613853103341,62.487721192526855
Mariah Elohim,Fresno State Bulldogs,62.663,fresnostatebulldogs,NA,NA,0,62.4818238745984
Dominique Camp,Syracuse Orange,61.8031833333334,syracuseorange,183,2,1.7410828106998104,62.477365137091844
Taylee Chirrick,Montana State Bobcats,62.70495,montanastatebobcats,147,5,-0.02468095143188219,62.475741584718826
Jamisyn Heaton,Utah State Aggies,62.65635,utahstateaggies,NA,NA,0,62.4753522948246
Erin Fry,Regis (CO) Rangers,62.6504666666667,regiscorangers,NA,NA,0,62.46962670624986
Amandine Amorich,Loyola Maryland Greyhounds,63.7769166666667,loyolamarylandgreyhounds,2352,22,-0.505160124153813,62.45256248299165
Nakiyah Mays-Prince,Georgia Southern Eagles,62.7478833333333,georgiasoutherneagles,290,27,-0.06224989283771565,62.44543527201434
Yirsy Queliz,Northeastern Huskies,63.7252333333334,northeasternhuskies,111,10,-0.4891651654627686,62.445115351484944
Cheyenne McEvans,Florida A&M Rattlers,66.0391166666667,floridaamrattlers,50,26,-1.1266675637845338,62.43836327604207
Audrey Jakway,Haverford Fords,62.6143666666667,haverfordfords,NA,NA,0,62.434492453964765
Alexsandra Alvarado,San Francisco State Gators,62.6080666666667,sanfranciscostategators,NA,NA,0,62.42836060951288
Alex Giannaros,Boston University Terriers,63.74575,bostonuniversityterriers,104,22,-0.505160124153813,62.42718737091207
Daylani Ballena,Southern Utah Thunderbirds,63.2506833333334,southernutahthunderbirds,253,30,-0.3067245555951177,62.424883688796314
Malia Mastora,Pepperdine Waves,62.3896666666666,pepperdinewaves,2492,29,0.15617675887640683,62.41659114750762
Callie Genke,Green Bay Phoenix,62.5935833333333,greenbayphoenix,NA,NA,0,62.41426342591618
Daejah Richmond,UT Martin Skyhawks,63.62635,utmartinskyhawks,2630,20,-0.46568010292818823,62.41417378308066
Andrea Daley,Boston College Eagles,61.7433333333333,bostoncollegeeagles,103,2,1.7410828106998104,62.41130112559562
Grace O'Neill,Drexel Dragons,63.6788333333334,drexeldragons,2182,10,-0.4891651654627686,62.407062668898654
Brooklyn Thrash,Eastern Michigan Eagles,62.71085,easternmichiganeagles,2199,14,-0.06421715182798006,62.406314715652826
Alexis Pettis,Eastern Washington Eagles,62.62925,easternwashingtoneagles,331,5,-0.02468095143188219,62.40259636021027
Tatum West,Northern Colorado Bears,62.6291666666666,northerncoloradobears,2458,5,-0.02468095143188219,62.4025158278989
Safiatu Kolliegbo,Niagara Purple Eagles,64.3985666666667,niagarapurpleeagles,315,13,-0.7445170244651927,62.388860930859884
Emily Foy,Saint Mary's Gaels,62.35385,saintmarysgaels,2608,29,0.15617675887640683,62.3806300640239
Fiona Snashall,Regis (CO) Rangers,62.5576333333333,regiscorangers,NA,NA,0,62.37926932543919
Asianae Nicholson,Bethune-Cookman Wildcats,65.9176166666667,bethunecookmanwildcats,2065,26,-1.1266675637845338,62.37219314681007
Mahogany Lester,Maryland Eastern Shore Hawks,65.2138666666666,marylandeasternshorehawks,2379,16,-0.9745622795118004,62.37111759996127
Mykayla Cunningham,Lindenwood Lions,63.5702833333334,lindenwoodlions,2815,20,-0.46568010292818823,62.367695028648804
Meredith Maier,Marshall Thundering Herd,62.6641333333333,marshallthunderingherd,276,27,-0.06224989283771565,62.36540482419792
Ja'Mia Harris,Texas State Bobcats,62.6611333333333,texasstatebobcats,326,27,-0.06224989283771565,62.36253744723719
Ariella Goren,Arlington Baptist Patriots,62.5352333333334,arlingtonbaptistpatriots,NA,NA,0,62.35746307251416
Taylor Henderson,UNC Wilmington Seahawks,63.6137833333334,uncwilmingtonseahawks,350,10,-0.4891651654627686,62.353649609505005
Jaci Jones,Northern Kentucky Norse,62.5228333333334,northernkentuckynorse,NA,NA,0,62.34539114013372
Ivane Tensaie,UTEP Miners,62.3246,utepminers,2638,11,0.1427033440452017,62.345316212108735
Ta'Ziah Jenks,Florida Atlantic Owls,62.5189499999999,floridaatlanticowls,NA,NA,0,62.34161045854079
Paloma Garcia,Merrimack Warriors,64.2945,merrimackwarriors,2771,13,-0.7445170244651927,62.31320881672636
Anna LeMaster,Mount St. Mary's Mountaineers,64.2918666666666,mountstmarysmountaineers,116,13,-0.7445170244651927,62.31129077923272
Nevaeh Brown,UCF Knights,61.6943833333333,ucfknights,2116,8,1.627414016520187,62.31127361413598
De'Asia Johnson,UNT Dallas Trailblazers,62.4828833333334,untdallastrailblazers,NA,NA,0,62.30649513009969
Kristol Ayson,Tulsa Golden Hurricane,62.4769166666667,tulsagoldenhurricane,NA,NA,0,62.300685491837264
Ariadna Termis,Georgia Tech Yellow Jackets,61.6428666666667,georgiatechyellowjackets,59,2,1.7410828106998104,62.30049718768243
Zoe Shaw,St. Bonaventure Bonnies,62.2478666666667,stbonaventurebonnies,179,3,0.21493314091272497,62.2998624064828
Kiki McIntyre,Longwood Lancers,66.95725,longwoodlancers,2344,6,-1.3272392548610852,62.27981941567927
Madison Hart,Bethel (TN) Wildcats,62.4529333333333,betheltnwildcats,NA,NA,0,62.277332325426855
Chloe Sterling,Hofstra Pride,63.5209333333333,hofstrapride,2275,10,-0.4891651654627686,62.27727784727087
Gabby Reynolds,George Washington Revolutionaries,62.2199333333334,georgewashingtonrevolutionaries,45,3,0.21493314091272497,62.27171014271384
AJ Marotte,Oregon State Beavers,62.2405500000001,oregonstatebeavers,204,29,0.15617675887640683,62.26687691188488
Jordon Lewis,UMBC Retrievers,63.6841666666667,umbcretrievers,2378,1,-0.5587271973835142,62.26178049459378
Breauna Ware,Stony Brook Seawolves,63.5015833333334,stonybrookseawolves,2619,10,-0.4891651654627686,62.26134245854877
Ashley Dickey,Tennessee Southern Firehawks,62.4293333333333,tennesseesouthernfirehawks,NA,NA,0,62.25435083202744
Laila Reynolds,Florida Gators,61.56405,floridagators,57,23,2.220381999275397,62.25380885145023
Makayla Jackson,Detroit Mercy Titans,62.4155833333333,detroitmercytitans,NA,NA,0,62.24096046543688
Paige Bradley,Tulsa Golden Hurricane,62.4051166666667,tulsagoldenhurricane,NA,NA,0,62.23076719849016
Aniyah Johnson,North Texas Mean Green,62.3968333333334,northtexasmeangreen,NA,NA,0,62.22270001508968
Amanda Barcello,Utah Valley Wolverines,63.02135,utahvalleywolverines,3084,30,-0.3067245555951177,62.222498961740655
Agnes Emma-Nnopu,TCU Horned Frogs,61.6123666666666,tcuhornedfrogs,2628,8,1.627414016520187,62.22144169214102
Tori Smiley,Shorter Hawks,62.3931833333333,shorterhawks,NA,NA,0,62.21914519885736
Macey Fegan,Cleveland State Vikings,62.37925,clevelandstatevikings,NA,NA,0,62.205574870422794
Keanna Rembert,Charlotte 49ers,62.3675333333334,charlotte49ers,NA,NA,0,62.194163034934626
Salese Blow,Wichita State Shockers,62.3653333333334,wichitastateshockers,NA,NA,0,62.19202022902336
Gracy Wernli,Lindenwood Lions,63.3543166666666,lindenwoodlions,2815,20,-0.46568010292818823,62.18815509158377
Leilani Kapinus,Vanderbilt Commodores,61.5030166666667,vanderbiltcommodores,238,23,2.220381999275397,62.18622503890339
Tkiyah Nelson,Southern Illinois Salukis,62.0451333333333,southernillinoissalukis,79,18,0.3818613853103341,62.166247388969765
Jazzy Klinge,North Alabama Lions,62.3351666666667,northalabamalions,NA,NA,0,62.162636442772616
Rebecca Demeke,Delaware Blue Hens,63.3747166666666,delawarebluehens,48,10,-0.4891651654627686,62.15669789974817
Gianna Aiello,Brown Bears,62.11545,brownbears,225,12,0.1841164774285017,62.153231904597355
Lydia Hay,Bethel (MN) Royals,62.3250166666666,bethelmnroyals,NA,NA,0,62.15274927951124
Zuriyah Davis,West Georgia Wolves,62.32355,westgeorgiawolves,NA,NA,0,62.15132056864448
Kera Martinez,Dallas Christian Crusaders,62.32195,dallaschristiancrusaders,NA,NA,0,62.14976196809271
Dana Phelan,Staten Island Dolphins,62.3213833333333,statenislanddolphins,NA,NA,0,62.149209962009465
Payton Hull,Abilene Christian Wildcats,62.9376666666667,abilenechristianwildcats,2000,30,-0.3067245555951177,62.14849020395274
Kaylah Ivey,Boston College Eagles,61.4863333333334,bostoncollegeeagles,103,2,1.7410828106998104,62.12809028098858
Erin Fry,Regis Rangers,62.29865,regisrangers,NA,NA,0,62.12706403467601
Sug Williams,Little Rock Trojans,63.2552333333334,littlerocktrojans,2031,20,-0.46568010292818823,62.10551736987218
Aniah Hall,Northern Colorado Bears,62.3211166666667,northerncoloradobears,2458,5,-0.02468095143188219,62.10465066790419
Kemery Congdon,BYU Cougars,61.5037666666667,byucougars,252,8,1.627414016520187,62.10260440175845
Deonna Brister,Nicholls Colonels,63.1434666666667,nichollscolonels,2447,25,-0.4220080591350636,62.09937517611618
Shamarla King,Stony Brook Seawolves,63.28615,stonybrookseawolves,2619,10,-0.4891651654627686,62.083475237282144
Tilda Trygger,NC State Wolfpack,61.4395833333333,ncstatewolfpack,152,2,1.7410828106998104,62.07665403171967
Ella Farrelly,Monmouth Hawks,63.2772833333334,monmouthhawks,2405,10,-0.4891651654627686,62.076137066779296
Kamrin Babbs,Bloomfield Deacons,62.2206833333334,bloomfielddeacons,NA,NA,0,62.051100971855085
Alecia Doyle,Northern Illinois Huskies,62.3386333333333,northernillinoishuskies,2459,14,-0.06421715182798006,62.05051365107923
Kaela Martinez,Mount Marty College Lancers,62.2166,mountmartycollegelancers,NA,NA,0,62.047122105661735
Ariel Jefferson,Arkansas Baptist Buffaloes,62.2151333333333,arkansasbaptistbuffaloes,NA,NA,0,62.045692950556095
Khadee Hession,Georgetown Hoyas,61.6090833333333,georgetownhoyas,46,4,1.1815976661979184,62.04003776398311
Kindyll Wetta,Colorado Buffaloes,61.4272166666667,coloradobuffaloes,38,8,1.627414016520187,62.018913878282994
Caileigh Walsh,Northwestern Wildcats,61.3389166666667,northwesternwildcats,77,7,1.8898677492822935,62.0047372061358
Imani Perez,Hawai'i Rainbow Wahine,63.2635,hawaiirainbowwahine,62,9,-0.518954747209004,62.00428580944755
Amaris Baker,Drexel Dragons,63.187,drexeldragons,2182,10,-0.4891651654627686,62.00133855856412
Julia Rodriguez,West Alabama Tigers,62.1652,westalabamatigers,NA,NA,0,61.99703314744355
Kiarra Mcelrath,Delaware State Hornets,64.6210666666667,delawarestatehornets,2169,16,-0.9745622795118004,61.99420708774803
Celebria Peacock,Wiley Wildcats,62.1617333333334,wileywildcats,NA,NA,0,61.99365463973529
Lexy Keys,Oklahoma Sooners,61.3258333333333,oklahomasooners,201,23,2.220381999275397,61.990281577383726
Addison O'Grady,Iowa Hawkeyes,61.3235,iowahawkeyes,2294,7,1.8898677492822935,61.98770371972665
Taja Stephens,Salem University Tigers,62.1515166666667,salemuniversitytigers,NA,NA,0,61.9836975938721
Jordan Heifner,Johnson University (TN) Royals,62.13775,johnsonuniversitytnroyals,NA,NA,0,61.97028030135636
Gigi Cooke,Houston Cougars,61.37975,houstoncougars,248,8,1.627414016520187,61.96705075516044
Amelia Wood,Sacred Heart Pioneers,63.82115,sacredheartpioneers,2529,13,-0.7445170244651927,61.96552161850729
Kyla Bryant,North Carolina Central Eagles,64.5747833333334,northcarolinacentraleagles,2428,16,-0.9745622795118004,61.96427809981168
Ahniysha Jackson,Siena Saints,63.8193333333333,sienasaints,2561,13,-0.7445170244651927,61.9641760432339
Alexa Hocevar,IU Indianapolis Jaguars,62.1300666666667,iuindianapolisjaguars,NA,NA,0,61.96279172952666
Seneca Hackley,UC Riverside Highlanders,63.2016666666667,ucriversidehighlanders,27,9,-0.518954747209004,61.95358813515891
Grace Schmidt,California Baptist Lancers,62.71665,californiabaptistlancers,2856,30,-0.3067245555951177,61.9526211310148
Hailey Adams,Rice Owls,62.11745,riceowls,NA,NA,0,61.950494522965954
Susie Rafiu,Columbia Lions,61.9137,columbialions,171,12,0.1841164774285017,61.950337613926116
Jordan Marshall,Louisiana Tech Lady Techsters,61.9284166666667,louisianatechladytechsters,2348,11,0.1427033440452017,61.947924445211655
Sania Copeland,Kansas Jayhawks,61.3608333333334,kansasjayhawks,2305,8,1.627414016520187,61.94638862108287
Abby Jegede,Northeastern Huskies,63.1193,northeasternhuskies,111,10,-0.4891651654627686,61.94515616795174
Anaya Coleman,Southeastern Fires,62.11105,southeasternfires,NA,NA,0,61.944256405785595
Morgan Sieper,Southern Miss Lady Eagles,62.2229666666667,southernmissladyeagles,2572,27,-0.06224989283771565,61.94328984256995
Desiree Rogers,Our Lady Of The Lake Saints,62.1091166666666,ourladyofthelakesaints,NA,NA,0,61.94237195228854
Faith Acker,Tarleton State Texans,62.6976333333333,tarletonstatetexans,2627,30,-0.3067245555951177,61.93574101232509
Kennedy Langham,Samford Bulldogs,63.0460166666667,samfordbulldogs,2535,24,-0.4695431161729573,61.922874147837454
Lily Zeinstra,Butler Bulldogs,61.49845,butlerbulldogs,2086,4,1.1815976661979184,61.92203447201473
Tilly Boler,Memphis Tigers,62.0830833333334,memphistigers,NA,NA,0,61.91699580584017
Amari Wright,Seton Hall Pirates,61.4735166666666,setonhallpirates,2550,4,1.1815976661979184,61.89545288558321
Maiya Petit,Fort Lauderdale Eagles,62.0567,fortlauderdaleeagles,NA,NA,0,61.891276587472056
Da'Brya Clark,Norfolk State Spartans,64.4518666666666,norfolkstatespartans,2450,16,-0.9745622795118004,61.884446496765946
Tiara Bolden,Oregon State Beavers,61.849,oregonstatebeavers,204,29,0.15617675887640683,61.8738034755449
Johnea Donahue,Bowling Green Falcons,62.1534666666667,bowlinggreenfalcons,189,14,-0.06421715182798006,61.873271212059315
Jianna Morris,Louisiana Tech Lady Techsters,61.85195,louisianatechladytechsters,2348,11,0.1427033440452017,61.87123054445474
Elisabeth Aegisdottir,Liberty Flames,61.8469,libertyflames,2335,11,0.1427033440452017,61.866165605123776
Erica Lafayette,Louisiana Ragin' Cajuns,62.1417166666667,louisianaragincajuns,309,27,-0.06224989283771565,61.86545065546304
Kate Bradley,Oklahoma Christian University Eagles,62.0288666666666,oklahomachristianuniversityeagles,NA,NA,0,61.86414179069666
Makiya Miller,Wright State Raiders,62.0267333333333,wrightstateraiders,NA,NA,0,61.86206190999296
Nya Smith,UNC Greensboro Spartans,62.9641499999999,uncgreensborospartans,2430,24,-0.4695431161729573,61.854271606255026
Kishyah Anderson,Presbyterian Blue Hose,66.0123833333333,presbyterianbluehose,2506,6,-1.3272392548610852,61.8539782744842
Carmyn Harrison,Belmont Bruins,61.7375166666667,belmontbruins,2057,18,0.3818613853103341,61.8530507410847
Morgan Demos,Navy Midshipmen,63.0457166666666,navymidshipmen,2426,22,-0.505160124153813,61.852535229038644
Kya Smith,Army Black Knights,63.04195,armyblackknights,349,22,-0.505160124153813,61.84941920321561
Destiney McPhaul,Mississippi State Bulldogs,61.1917666666667,mississippistatebulldogs,344,23,2.220381999275397,61.84227103196919
Fatoumata Jaiteh,Sacramento State Hornets,62.048,sacramentostatehornets,16,5,-0.02468095143188219,61.840284225280904
Miyah Verse,Georgia Lady Bulldogs,61.1892666666667,georgialadybulldogs,61,23,2.220381999275397,61.83951305264441
Evelyn Lorenzo,Texas A&M-San Antonio Jaguars,62.0005999999999,texasamsanantoniojaguars,NA,NA,0,61.83658235701639
Macy Silvey,SIU Edwardsville Cougars,62.9332,siuedwardsvillecougars,2565,20,-0.46568010292818823,61.835791071545216
Makaia Smith,Bethesda University Flames,61.9993000000001,bethesdauniversityflames,NA,NA,0,61.835314830315326
Jaila Lee,UNC Greensboro Spartans,62.93635,uncgreensborospartans,2430,24,-0.4695431161729573,61.8309502354678
Aleah Snead,Saint Joseph's Hawks,61.77995,saintjosephshawks,2603,3,0.21493314091272497,61.82836558189394
Betsey Burnett,Johnson C Smith Golden Bulls,61.9894666666667,johnsoncsmithgoldenbulls,NA,NA,0,61.825726978243004
Nile Miller,Howard Bison,64.3594000000001,howardbison,47,16,-0.9745622795118004,61.824059879512674
Olivia Porter,Marquette Golden Eagles,61.4015333333333,marquettegoldeneagles,269,4,1.1815976661979184,61.81873708932202
Rylei Waugh,San José State Spartans,61.9816,sanjosstatespartans,NA,NA,0,61.818056505760886
Amy O'Hara,Bradley Braves,61.6872833333333,bradleybraves,71,18,0.3818613853103341,61.80192419580916
Kaleigh Addie,Georgia State Panthers,62.0584666666666,georgiastatepanthers,2247,27,-0.06224989283771565,61.78566425208535
Olivia McGhee,Virginia Cavaliers,61.1707833333333,virginiacavaliers,258,2,1.7410828106998104,61.781390404192365
Asia Barclay,Jacksonville State Gamecocks,61.7533,jacksonvillestategamecocks,55,11,0.1427033440452017,61.772290220561935
Kahia Warmsley,Grambling Lady Tigers,64.8600333333333,gramblingladytigers,2755,26,-1.1266675637845338,61.77143109692986
Jeana Weatherspoon,Kentucky State Thorobreds,61.9306166666666,kentuckystatethorobreds,NA,NA,0,61.76834058817018
Rylan Moffitt,App State Mountaineers,62.0384166666667,appstatemountaineers,2026,27,-0.06224989283771565,61.76644373237302
Brooke Paquette,Stonehill Skyhawks,68.9229333333333,stonehillskyhawks,284,19,-1.6800381617881592,61.75747442160785
Hannah Rapp,Santa Clara Broncos,61.73015,santaclarabroncos,2541,29,0.15617675887640683,61.75450394132444
Autumn Taylor,Clarion Golden Eagles,61.9014166666666,clariongoldeneagles,NA,NA,0,61.73986328575869
Lexie Tarul,Marist Red Foxes,63.5119166666667,maristredfoxes,2368,13,-0.7445170244651927,61.73526354482432
Idara Udo,UTSA Roadrunners,61.8928333333334,utsaroadrunners,NA,NA,0,61.73149194725387
Zaida Gonzalez,Stony Brook Seawolves,62.8607166666667,stonybrookseawolves,2619,10,-0.4891651654627686,61.729830711591525
Abby St. Martin,Worcester State Lancers,61.8885833333333,worcesterstatelancers,NA,NA,0,61.72734684130955
Sidney Thue,Mount Marty College Lancers,61.8882333333333,mountmartycollegelancers,NA,NA,0,61.72700547745223
Gabby Turco,Rider Broncs,63.50085,riderbroncs,2520,13,-0.7445170244651927,61.72697820889137
Dionna Gray,Kent State Golden Flashes,61.9833,kentstategoldenflashes,2309,14,-0.06421715182798006,61.71024733833784
Shaulana Wagner,Troy Trojans,61.96775,troytrojans,2653,27,-0.06224989283771565,61.69868611173146
Mia Mancini,Bryant Bulldogs,62.9811166666667,bryantbulldogs,2803,1,-0.5587271973835142,61.69477036442981
Katie Hill,Richmond Spiders,61.6369833333334,richmondspiders,257,3,0.21493314091272497,61.68434152889945
Anzhane Hutton,East Carolina Pirates,61.8391666666667,eastcarolinapirates,NA,NA,0,61.67914621960892
Abby Wolterman,Northern Kentucky Norse,61.837,northernkentuckynorse,NA,NA,0,61.67703271850718
Brynn Shoup-Hill,Illinois Fighting Illini,61.0371,illinoisfightingillini,356,7,1.8898677492822935,61.67178354809121
Joi Williams,Radford Highlanders,65.634,radfordhighlanders,2515,6,-1.3272392548610852,61.67176573370526
Kendal Brigham,Concordia Nebraska Bulldogs,61.8307,concordianebraskabulldogs,NA,NA,0,61.67088723528304
MeiLani McBee,Hawai'i Rainbow Wahine,62.8530833333333,hawaiirainbowwahine,62,9,-0.518954747209004,61.66647198958737
Eva Levingston,Cal State Fullerton Titans,62.8523666666667,calstatefullertontitans,2239,9,-0.518954747209004,61.66587942330419
Tierra Trotter,UT Rio Grande Valley Vaqueros,62.6332,utriograndevalleyvaqueros,292,25,-0.4220080591350636,61.66402770586676
Paris Locke,North Carolina A&T Aggies,62.7612333333333,northcarolinaataggies,2448,10,-0.4891651654627686,61.646682480390865
Tyler McCliment-Call,Montana Lady Griz,61.8458,montanaladygriz,149,5,-0.02468095143188219,61.644396041224674
Sharna Ayres,Northwestern State Lady Demons,62.6028833333333,northwesternstateladydemons,2466,25,-0.4220080591350636,61.638037497236795
Somah Kamara,Tennessee State Lady Tigers,62.6968333333334,tennesseestateladytigers,2634,20,-0.46568010292818823,61.63671908061817
Tamia Perryman,Bradley Braves,61.5205333333333,bradleybraves,71,18,0.3818613853103341,61.632244938105224
Ivey Schmidt,Western Colorado Mountaineers,61.7803166666667,westerncoloradomountaineers,NA,NA,0,61.62173576005919
Tamaiya Mims,Sul Ross State Lobos,61.7767666666666,sulrossstatelobos,NA,NA,0,61.618272297633446
Sydney Burns,UC Davis Aggies,62.79425,ucdavisaggies,302,9,-0.518954747209004,61.61779565196231
Christeina Bryan,Seattle U Redhawks,62.3383333333333,seattleuredhawks,2547,30,-0.3067245555951177,61.616009312973915
Petra Juric,Manhattan Jaspers,63.33835,manhattanjaspers,2363,13,-0.7445170244651927,61.604963867142
Rylee Ghent,Johnson C Smith Golden Bulls,61.7581666666666,johnsoncsmithgoldenbulls,NA,NA,0,61.60012514957466
Jasmynne Gibson,North Florida Ospreys,61.7483833333333,northfloridaospreys,NA,NA,0,61.59057963526731
Mykelle Richards,Long Beach State Beach,62.7583,longbeachstatebeach,299,9,-0.518954747209004,61.58802145079648
Wynter Rogers,Arkansas State Red Wolves,61.8523500000001,arkansasstateredwolves,2032,27,-0.06224989283771565,61.58798838003505
Dymonique Maxie,Nevada Wolf Pack,61.7434833333334,nevadawolfpack,NA,NA,0,61.58579865036621
Abaigeal Babore,Fairleigh Dickinson Knights,68.0924666666667,fairleighdickinsonknights,161,19,-1.6800381617881592,61.57645442881979
Casey Harter,Northwestern Wildcats,60.9505,northwesternwildcats,77,7,1.8898677492822935,61.576448366648286
Asia Boone,Liberty Flames,61.5567333333333,libertyflames,2335,11,0.1427033440452017,61.57515449481598
Ericka Huggins,Delaware State Hornets,63.9706,delawarestatehornets,2169,16,-0.9745622795118004,61.567066488237536
Catherine Alben,Charleston Southern Buccaneers,65.4221,charlestonsouthernbuccaneers,2127,6,-1.3272392548610852,61.5668723554017
Emily Bowman,Samford Bulldogs,62.6122,samfordbulldogs,2535,24,-0.4695431161729573,61.558073598240505
Jayla Kimbrough,New Orleans Privateers,62.50765,neworleansprivateers,2443,25,-0.4220080591350636,61.55630501125161
Peyton Kennedy,Saint Louis Billikens,61.5092166666666,saintlouisbillikens,139,3,0.21493314091272497,61.555644100699325
Paige Kindseth,Presbyterian Blue Hose,65.3882833333333,presbyterianbluehose,2506,6,-1.3272392548610852,61.54994499462724
Tamar Singer,Miami (OH) RedHawks,61.8122,miamiohredhawks,193,14,-0.06421715182798006,61.54619618215276
Gracyn Lovette,Lehigh Mountain Hawks,62.6760833333333,lehighmountainhawks,2329,22,-0.505160124153813,61.545553374557166
Emily Carver,App State Mountaineers,61.8076333333333,appstatemountaineers,2026,27,-0.06224989283771565,61.54507780077536
Katie Davidson,IU Indianapolis Jaguars,61.6917166666666,iuindianapolisjaguars,NA,NA,0,61.535285385489146
Briley Pena,Murray State Racers,61.42325,murraystateracers,93,18,0.3818613853103341,61.53327785544054
Sydni Summers,San José State Spartans,61.6852666666666,sanjosstatespartans,NA,NA,0,61.528991051629596
Grace Ceseretti,Union Garnet Chargers,61.6808166666667,uniongarnetchargers,NA,NA,0,61.52464838410479
Miannah Little,Tarleton State Texans,62.2323,tarletonstatetexans,2627,30,-0.3067245555951177,61.52136580749532
Kayla Rice,Illinois-Springfield Prairie Stars,61.6677,illinoisspringfieldprairiestars,NA,NA,0,61.51184777789219
Natalie Pasco,Boise State Broncos,61.6530333333334,boisestatebroncos,NA,NA,0,61.49753397448103
Mary McMillan,Stetson Hatters,61.6485833333333,stetsonhatters,NA,NA,0,61.493190922469516
Maleia Bracone,North Carolina A&T Aggies,62.56905,northcarolinaataggies,2448,10,-0.4891651654627686,61.48557752483485
Kelsey Thompson,Old Dominion Monarchs,61.74205,olddominionmonarchs,295,27,-0.06224989283771565,61.48212726093489
Mikayla Johnson,Pittsburgh Panthers,60.8858833333334,pittsburghpanthers,221,2,1.7410828106998104,61.46932321415508
Malea Brown,Longwood Lancers,65.22415,longwoodlancers,2344,6,-1.3272392548610852,61.46705687768911
Nani Falatea,Oregon Ducks,60.85065,oregonducks,2483,7,1.8898677492822935,61.466635448070804
Kaya Ingram,Santa Clara Broncos,61.4387333333333,santaclarabroncos,2541,29,0.15617675887640683,61.46200995622754
Elina Aarnisalo,UCLA Bruins,60.8384833333333,uclabruins,26,7,1.8898677492822935,61.453262728030786
Alexandra Long,Bates College Bobcats,61.6062,batescollegebobcats,NA,NA,0,61.45182354401816
Jazmine Spencer,North Florida Ospreys,61.59845,northfloridaospreys,NA,NA,0,61.44425879738724
Shanti Simmons,Georgia Southern Eagles,61.7010333333333,georgiasoutherneagles,290,27,-0.06224989283771565,61.44274748583303
Ava Renninger,Fairleigh Dickinson Knights,67.5552166666667,fairleighdickinsonknights,161,19,-1.6800381617881592,61.43745015985001
Jackie Piddock,Marist Red Foxes,63.1103,maristredfoxes,2368,13,-0.7445170244651927,61.43261957288895
Rachel Kaus,Cornell Big Red,61.37975,cornellbigred,172,12,0.1841164774285017,61.41348005945789
Maggie Hutka,Colorado Christian Cougars,61.5426333333334,coloradochristiancougars,NA,NA,0,61.38977162592232
Faith Lee,Little Rock Trojans,62.4001,littlerocktrojans,2031,20,-0.46568010292818823,61.38551282809148
Tanita Swift,Nicholls Colonels,62.29995,nichollscolonels,2447,25,-0.4220080591350636,61.37758059836198
Jayda Angel,Elon Phoenix,62.4395,elonphoenix,2210,10,-0.4891651654627686,61.37662501066184
Macy Smith,Oakland Golden Grizzlies,61.5167,oaklandgoldengrizzlies,NA,NA,0,61.36445317885515
Nahawa Diarra,Mercer Bears,62.3820833333333,mercerbears,2382,24,-0.4695431161729573,61.36330949595476
Teneisia Brown,Fairleigh Dickinson Knights,67.2913166666667,fairleighdickinsonknights,161,19,-1.6800381617881592,61.36298567661621
Yanniah Boyd,Binghamton Bearcats,62.5722166666666,binghamtonbearcats,2066,1,-0.5587271973835142,61.36057972247542
Daimoni Dorsey,Bethune-Cookman Wildcats,64.1753,bethunecookmanwildcats,2065,26,-1.1266675637845338,61.35945898043709
Brooke Daniels,Michigan Wolverines,60.74195,michiganwolverines,130,7,1.8898677492822935,61.34722095020327
Zeryhia Aokuso,Saint Mary's Gaels,61.3222666666667,saintmarysgaels,2608,29,0.15617675887640683,61.34512251407829
Mariah Mitchem,Coker Cobras,61.4906166666666,cokercobras,NA,NA,0,61.33898648885102
Jailah Donald,St. John's Red Storm,60.94345,stjohnsredstorm,2599,4,1.1815976661979184,61.33143373156904
Zennia Thomas,Howard Bison,63.61505,howardbison,47,16,-0.9745622795118004,61.327756829098675
Kennedy Moore,College Of Biblical Studies Ambassadors,61.4753166666667,collegeofbiblicalstudiesambassadors,NA,NA,0,61.324047361952644
Alynna Palacios,Park University Gilbert Buccaneers,61.4746333333334,parkuniversitygilbertbuccaneers,NA,NA,0,61.323380131596586
Danja Stafford Collins,Utah Valley Wolverines,62.0076833333333,utahvalleywolverines,3084,30,-0.3067245555951177,61.32045101186432
Josie Hill,Chicago State Cougars,67.1249833333333,chicagostatecougars,2130,19,-1.6800381617881592,61.313981976058066
Giana Hoddinott,Mount St. Mary's Mountaineers,62.9413333333333,mountstmarysmountaineers,116,13,-0.7445170244651927,61.304098511864815
Denae Fritz,Texas Tech Lady Raiders,60.7672666666667,texastechladyraiders,2641,8,1.627414016520187,61.299941720579234
Victoria Davis,Nevada Wolf Pack,61.4494833333333,nevadawolfpack,NA,NA,0,61.298821941021785
Nicole Bowlin,Colorado Christian Cougars,61.4481666666667,coloradochristiancougars,NA,NA,0,61.297536211061065
Clara Gomez,New Hampshire Wildcats,62.4905833333333,newhampshirewildcats,160,1,-0.5587271973835142,61.29348224295542
Monae' Duffy,Texas A&M-Corpus Christi Islanders,62.19805,texasamcorpuschristiislanders,357,25,-0.4220080591350636,61.28966311324876
Marurdaisha Powell,North American Stallions,61.4374166666666,northamericanstallions,NA,NA,0,61.28703862437541
Mia Tarver,Utah State Aggies,61.4302,utahstateaggies,NA,NA,0,61.27999123623686
Addison Hudspeth,Central Baptist College Mustangs,61.4239833333334,centralbaptistcollegemustangs,NA,NA,0,61.27392028139501
Maia Rhay,Westminster (UT) Griffins,61.4231,westminsterutgriffins,NA,NA,0,61.27305764415741
Mariona Cos-Morales,Rider Broncs,62.9005833333333,riderbroncs,2520,13,-0.7445170244651927,61.27299830153871
Shakiria Foster,North Carolina Central Eagles,63.5315333333334,northcarolinacentraleagles,2428,16,-0.9745622795118004,61.27095831140814
Alexandria James-Fearon,Chowan Hawks,61.4117166666666,chowanhawks,NA,NA,0,61.26194083317078
Taleah Dilworth,Jackson State Lady Tigers,64.0090833333333,jacksonstateladytigers,2296,26,-1.1266675637845338,61.256813160577046
Sadie Stetson,Samford Bulldogs,62.2490666666667,samfordbulldogs,2535,24,-0.4695431161729573,61.25033730454477
Nicole Stephens,Dayton Flyers,61.20415,daytonflyers,2168,3,0.21493314091272497,61.2484085623744
Elina Arike,Middle Tennessee Blue Raiders,61.2254166666667,middletennesseeblueraiders,2393,11,0.1427033440452017,61.24290667713464
Alexis Calderon,New Orleans Privateers,62.13005,neworleansprivateers,2443,25,-0.4220080591350636,61.23090921346283
Nina Horvath,East Texas A&M Lions,62.1273666666667,easttexasamlions,2837,25,-0.4220080591350636,61.228589352760444
Nevaeh Parkinson,Arizona State Sun Devils,60.7013833333333,arizonastatesundevils,9,8,1.627414016520187,61.228410888127456
McKenna Eddings,Georgia Southern Eagles,61.46875,georgiasoutherneagles,290,27,-0.06224989283771565,61.219594483682464
Alex Rouse,Eastern Illinois Panthers,62.2011666666666,easternillinoispanthers,2197,20,-0.46568010292818823,61.21630807326367
Tiffany Hammond,Coppin State Eagles,63.4469833333334,coppinstateeagles,2154,16,-0.9745622795118004,61.213232129345805
Chae Harris,Fordham Rams,61.1649499999999,fordhamrams,2230,3,0.21493314091272497,61.20893527637265
Kayla Clark,Bethune-Cookman Wildcats,63.9241833333334,bethunecookmanwildcats,2065,26,-1.1266675637845338,61.20399218494431
Myra Bell,Incarnate Word Cardinals,62.089,incarnatewordcardinals,2916,25,-0.4220080591350636,61.195408187693026
Sana'a Garrett,Jacksonville Dolphins,61.33135,jacksonvilledolphins,NA,NA,0,61.1834461296634
Jessica Petrie,Nebraska Cornhuskers,60.5904833333334,nebraskacornhuskers,158,7,1.8898677492822935,61.18105076211867
Layla Tillery,Lees-McRae Bobcats,61.3243166666667,leesmcraebobcats,NA,NA,0,61.17657581606895
Julianna Almeida,Navy Midshipmen,62.2338666666666,navymidshipmen,2426,22,-0.505160124153813,61.175164104595254
Nevaeh Zavala,High Point Panthers,64.6583166666667,highpointpanthers,2272,6,-1.3272392548610852,61.17214992839582
Megan Campbell,Tiffin Dragons,61.3087666666667,tiffindragons,NA,NA,0,61.16138577706159
Isla Airey,Louisiana Tech Lady Techsters,61.1425666666667,louisianatechladytechsters,2348,11,0.1427033440452017,61.159829247095104
Grace Hall,Penn State Lady Lions,60.5657333333334,pennstateladylions,213,7,1.8898677492822935,61.15392305709677
Anjanae Richardson,Norfolk State Spartans,63.3580666666667,norfolkstatespartans,2450,16,-0.9745622795118004,61.15228166732832
Tuana Coskun,Bucknell Bison,62.2035166666667,bucknellbison,2083,22,-0.505160124153813,61.14962101071835
Jaela Johnson,Canisius Golden Griffins,62.7391166666667,canisiusgoldengriffins,2099,13,-0.7445170244651927,61.14937118346444
Saniyah Glenn-Bello,Harvard Crimson,61.10425,harvardcrimson,108,12,0.1841164774285017,61.136546893939766
Aniya Gourdine,Southern Jaguars,63.8095,southernjaguars,2582,26,-1.1266675637845338,61.13222360601688
Shelley Duchemin,UC Riverside Highlanders,62.2068666666667,ucriversidehighlanders,27,9,-0.518954747209004,61.128446749296245
Cara McCormack,Drexel Dragons,62.1429,drexeldragons,2182,10,-0.4891651654627686,61.126127626614675
Parker Montgomery,UC San Diego Tritons,62.2002333333333,ucsandiegotritons,28,9,-0.518954747209004,61.12288599814334
Abby Cater,Austin Peay Governors,61.2671166666667,austinpeaygovernors,NA,NA,0,61.12069680486219
Chrishawn Coleman,Morehead State Eagles,62.0885166666666,moreheadstateeagles,2413,20,-0.46568010292818823,61.120213733346624
Mary Leday,Wiley Wildcats,61.2584833333333,wileywildcats,NA,NA,0,61.11226210996788
Londynn Jones,UCLA Bruins,60.5251,uclabruins,26,7,1.8898677492822935,61.10940119959766
Makoye Diawara,Norfolk State Spartans,63.2903,norfolkstatespartans,2450,16,-0.9745622795118004,61.10566258044225
Cassandra Smith,Salem University Tigers,61.2473333333334,salemuniversitytigers,NA,NA,0,61.10136836537517
Amor Harris,Longwood Lancers,64.51475,longwoodlancers,2344,6,-1.3272392548610852,61.095097377324606
NJ Weems,Lamar Cardinals,61.9699333333333,lamarcardinals,2320,25,-0.4220080591350636,61.092297987388214
Aaliyah Pitts,Florida International Panthers,61.0728333333334,floridainternationalpanthers,2229,11,0.1427033440452017,61.08990615028881
Victoria Moore,North American Stallions,61.2320833333334,northamericanstallions,NA,NA,0,61.08646832531672
Audrey Ericksen,Boston University Terriers,62.1236666666667,bostonuniversityterriers,104,22,-0.505160124153813,61.082343434740054
Mahogany Cottingham,Delaware State Hornets,63.25125,delawarestatehornets,2169,16,-0.9745622795118004,61.0787335383134
Anna Griffin,Arkansas State Red Wolves,61.3083666666667,arkansasstateredwolves,2032,27,-0.06224989283771565,61.065378186188596
Katie Hamill,Missouri-St. Louis Rivermen,61.2045166666667,missouristlouisrivermen,NA,NA,0,61.05953272982032
D'Ayzha Akinson,Shaw Bears,61.2044833333333,shawbears,NA,NA,0,61.05950015837728
Dara Tokeshi,Occidental Tigers,61.2043833333334,occidentaltigers,NA,NA,0,61.05940244403117
Denim DeShields,Mississippi State Bulldogs,60.47305,mississippistatebulldogs,344,23,2.220381999275397,61.052397416589955
Zanoria Cruz,Western Carolina Catamounts,62.00285,westerncarolinacatamounts,2717,24,-0.4695431161729573,61.040477823133976
Tae'lor Purvis,Xavier Musketeers,60.6663333333334,xaviermusketeers,2752,4,1.1815976661979184,61.037377669993425
Ella Collier,Purdue Boilermakers,60.4527666666667,purdueboilermakers,2509,7,1.8898677492822935,61.03019192295282
KK Rodriguez,SIU Edwardsville Cougars,61.98025,siuedwardsvillecougars,2565,20,-0.46568010292818823,61.027670289090246
Taylor McCabe,Iowa Hawkeyes,60.4285666666667,iowahawkeyes,2294,7,1.8898677492822935,61.0037046554871
Lauryn Pendleton,Alabama A&M Bulldogs,63.6010666666667,alabamaambulldogs,2010,26,-1.1266675637845338,61.000566207133865
Karsen Murphy,Chattanooga Mocs,61.9554166666666,chattanoogamocs,236,24,-0.4695431161729573,60.999938453220565
Danielle Williamsen,Marist Red Foxes,62.5444833333333,maristredfoxes,2368,13,-0.7445170244651927,60.99951497593882
Zoe Borter,UC Santa Barbara Gauchos,62.0377833333333,ucsantabarbaragauchos,2540,9,-0.518954747209004,60.986466659217925
Raissa Nsabua,Robert Morris Colonials,61.1278166666667,robertmorriscolonials,NA,NA,0,60.98457822353301
Meghan O'Brien,Lehigh Mountain Hawks,62.0061833333334,lehighmountainhawks,2329,22,-0.505160124153813,60.983162818456286
Chandler Prater,Mississippi State Bulldogs,60.4073,mississippistatebulldogs,344,23,2.220381999275397,60.980433397917515
Ines Debroise,Rhode Island Rams,60.9286166666667,rhodeislandrams,227,3,0.21493314091272497,60.970980053766674
Ande'a Cherisier,Delaware Blue Hens,61.9592,delawarebluehens,48,10,-0.4891651654627686,60.970254748957935
Emma Kirby,Sacred Heart Pioneers,62.5061833333333,sacredheartpioneers,2529,13,-0.7445170244651927,60.96991960425853
Paige Rocca,Missouri State Lady Bears,60.8684333333333,missouristateladybears,2623,18,0.3818613853103341,60.969206759454195
Skye Owen,St. John's Red Storm,60.59935,stjohnsredstorm,2599,4,1.1815976661979184,60.96638158599768
Zakia Rasheed,Akron Zips,61.1938166666666,akronzips,2006,14,-0.06421715182798006,60.95219956212856
Abby Schulte,North Dakota State Bison,61.0931833333333,northdakotastatebison,NA,NA,0,60.95072807448195
D'Yanna Maxey,Mississippi Valley State Devilettes,63.5207666666667,mississippivalleystatedevilettes,2400,26,-1.1266675637845338,60.949427468435466
Jana El Alfy,UConn Huskies,60.5614833333333,uconnhuskies,41,4,1.1815976661979184,60.92626040226306
Terah Harness,Buffalo Bulls,61.1526333333334,buffalobulls,2084,14,-0.06421715182798006,60.91258090872146
Harley Paynter,Morehead State Eagles,61.8431333333333,moreheadstateeagles,2413,20,-0.46568010292818823,60.91020387593949
Rhe Nae Leach,Whittier Poets,61.0456,whittierpoets,NA,NA,0,60.90421573692471
Alyssa Phillip,Grambling Lady Tigers,63.44335,gramblingladytigers,2755,26,-1.1266675637845338,60.899906788595224
Kennedy Collins,Thomas (GA) Night Hawks,61.0363166666667,thomasganighthawks,NA,NA,0,60.89514067302153
Cordasia Harris,Alabama State Lady Hornets,63.4250666666667,alabamastateladyhornets,2011,26,-1.1266675637845338,60.88818042659706
Alexia Smith,Oklahoma State Cowgirls,60.3858333333334,oklahomastatecowgirls,197,8,1.627414016520187,60.88641212320562
Karissa Smedley,Georgian Court University Lions,61.0245833333334,georgiancourtuniversitylions,NA,NA,0,60.88367025815497
Mary Kay Naro,Boise State Broncos,61.0179666666667,boisestatebroncos,NA,NA,0,60.877201701031815
Rosie Schweizer,Idaho Vandals,61.05,idahovandals,70,5,-0.02468095143188219,60.87210223888649
Grace Hutson,VCU Rams,60.8290333333333,vcurams,2670,3,0.21493314091272497,60.8707264060707
Mckenna Harris,Southern-New Orleans Knights,61.0109333333333,southernneworleansknights,NA,NA,0,60.87032568111214
Lucia Fleta Robles,Florida International Panthers,60.8506833333333,floridainternationalpanthers,2229,11,0.1427033440452017,60.867161646657465
Dani Carnegie,Georgia Tech Yellow Jackets,60.3303,georgiatechyellowjackets,59,2,1.7410828106998104,60.863299315488554
Janna Holley,Cal Lutheran Kingsmen,60.9987166666666,callutherankingsmen,NA,NA,0,60.858381961692444
Lexi Carlsen,Northern Illinois Huskies,61.09535,northernillinoishuskies,2459,14,-0.06421715182798006,60.85746180647369
Amourie Porter,Winthrop Eagles,64.0742666666667,winthropeagles,2737,6,-1.3272392548610852,60.85316833419881
Makena Mastora,Pepperdine Waves,60.815883333333304,pepperdinewaves,2492,29,0.15617675887640683,60.83697325378851
Kelby Bannerman,Kansas City Roos,60.9684333333334,kansascityroos,NA,NA,0,60.82877357973086
Zoey Ward,Iona Gaels,62.32005,ionagaels,314,13,-0.7445170244651927,60.82559465928577
Bronagh Power-Cassidy,Villanova Wildcats,60.4617666666667,villanovawildcats,222,4,1.1815976661979184,60.82065473269281
Naomi Panganiban,San Diego State Aztecs,60.9555166666667,sandiegostateaztecs,NA,NA,0,60.81614408595337
Lexi McCully,Southeast Missouri State Redhawks,61.7329666666667,southeastmissouristateredhawks,2546,20,-0.46568010292818823,60.81561413084749
Zamara Haynes,Maryland Eastern Shore Hawks,62.8717166666667,marylandeasternshorehawks,2379,16,-0.9745622795118004,60.81454660595867
Haley Thierry,Youngstown State Penguins,60.9512333333333,youngstownstatepenguins,NA,NA,0,60.81195588892154
Brilynn Findley,Delta State Statesmen,60.9477666666666,deltastatestatesmen,NA,NA,0,60.808566185490186
Ky Dempsey-Toney,UIC Flames,60.7066,uicflames,82,18,0.3818613853103341,60.8047834659922
India Johnston,Towson Tigers,61.76315,towsontigers,119,10,-0.4891651654627686,60.80329836276973
Aisha Dabo,Hampton Lady Pirates,61.7608166666666,hamptonladypirates,2261,10,-0.4891651654627686,60.801307567385045
Cerina Rolle,Florida Gulf Coast Eagles,60.9403,floridagulfcoasteagles,NA,NA,0,60.80126518179512
Jenna Van Schaik,Mercyhurst Lakers,65.6232000000001,mercyhurstlakers,2385,19,-1.6800381617881592,60.80082183270105
Amaya Collins,IU Columbus Crimson Pride,60.9346333333334,iucolumbuscrimsonpride,NA,NA,0,60.79572414672064
Teresa Kiewiet,Lafayette Leopards,61.7846166666667,lafayetteleopards,322,22,-0.505160124153813,60.795487489476756
Lanae Billy,Weber State Wildcats,60.9684833333333,weberstatewildcats,2692,5,-0.02468095143188219,60.79287614425814
Belle Lanpher,Central Connecticut Blue Devils,65.5971666666666,centralconnecticutbluedevils,2115,19,-1.6800381617881592,60.7908281398641
Emani Burks,Nicholls Colonels,61.6180833333333,nichollscolonels,2447,25,-0.4220080591350636,60.786410139092716
Maddy Schreiber,Green Bay Phoenix,60.92235,greenbayphoenix,NA,NA,0,60.78371285773902
Carlea Owens,Our Lady Of The Lake Saints,60.9184,ourladyofthelakesaints,NA,NA,0,60.779850258554085
Jada Crawshaw,Long Beach State Beach,61.7895166666666,longbeachstatebeach,299,9,-0.518954747209004,60.77711041142466
Bella White,Alabama-Huntsville Chargers,60.9106166666667,alabamahuntsvillechargers,NA,NA,0,60.77223902929621
Ashley Tucker,Buffalo State Bengals,60.9080166666667,buffalostatebengals,NA,NA,0,60.76969648585735
Morgan McMahon,Colgate Raiders,61.7461166666667,colgateraiders,2142,22,-0.505160124153813,60.762793711534606
Brikayla Gray,UL Monroe Warhawks,60.9853,ulmonroewarhawks,2433,27,-0.06224989283771565,60.75439955350177
Raphaela Toussaint,Eastern Kentucky Colonels,60.88365,easternkentuckycolonels,NA,NA,0,60.74586745595193
Jayme Horan,Creighton Bluejays,60.3905,creightonbluejays,156,4,1.1815976661979184,60.74522161851617
Tymberlin Criswell,Texas A&M-Corpus Christi Islanders,61.5702833333333,texasamcorpuschristiislanders,357,25,-0.4220080591350636,60.74471857257314
Logan Nissley,Nebraska Cornhuskers,60.1906,nebraskacornhuskers,158,7,1.8898677492822935,60.74359507205283
Jessica Bollwahn,Regis Rangers,60.8764,regisrangers,NA,NA,0,60.7387771322964
Sitori Tanin,Loyola Chicago Ramblers,60.6908666666667,loyolachicagoramblers,2350,3,0.21493314091272497,60.731642428832934
Stephanie Okowi,Arkansas-Pine Bluff Golden Lions,63.17565,arkansaspinebluffgoldenlions,2029,26,-1.1266675637845338,60.727030526438746
Aicha Coulibaly,Texas A&M Aggies,60.1689333333333,texasamaggies,245,23,2.220381999275397,60.71994351177801
Elise Turrubiates,Tarleton State Texans,61.3292833333334,tarletonstatetexans,2627,30,-0.3067245555951177,60.710201081009195
Chelsea Wooten,Western Carolina Catamounts,61.61585,westerncarolinacatamounts,2717,24,-0.4695431161729573,60.70869886757507
Mariah Wilson,Longwood Lancers,63.8157666666666,longwoodlancers,2344,6,-1.3272392548610852,60.70736780918184
Audrey Roden,Nevada Wolf Pack,60.8433166666667,nevadawolfpack,NA,NA,0,60.70642074667556
Ariana Bennett,Mercer Bears,61.60335,mercerbears,2382,24,-0.4695431161729573,60.697943819466474
Naja Fenelon,Kentucky State Thorobreds,60.8324333333334,kentuckystatethorobreds,NA,NA,0,60.69577594992632
Belle Kranbuhl,Monmouth Hawks,61.6329833333333,monmouthhawks,2405,10,-0.4891651654627686,60.69210742179103
Kylie Swider,Stonehill Skyhawks,65.3306666666667,stonehillskyhawks,284,19,-1.6800381617881592,60.68642405193517
Taylor Bigby,TCU Horned Frogs,60.1991833333333,tcuhornedfrogs,2628,8,1.627414016520187,60.684578165264085
Jaecy Eggers,Eastern Washington Eagles,60.8517333333334,easternwashingtoneagles,331,5,-0.02468095143188219,60.679369683096276
Emina Selimovic,Fairfield Stags,62.1259166666666,fairfieldstags,2217,13,-0.7445170244651927,60.674199280506066
Maia Rosarion,Morehead State Eagles,61.5524833333333,moreheadstateeagles,2413,20,-0.46568010292818823,60.66024734698825
Makayla Andrews,George Washington Revolutionaries,60.6195333333333,georgewashingtonrevolutionaries,45,3,0.21493314091272497,60.65984124361437
Maddie Naro,Santa Clara Broncos,60.6378333333333,santaclarabroncos,2541,29,0.15617675887640683,60.65832642341799
Joana Magalhaes,New Mexico Lobos,60.7913,newmexicolobos,NA,NA,0,60.65554145911771
Kaitlyn Edmondson,Eastern New Mexico Greyhounds,60.7801166666666,easternnewmexicogreyhounds,NA,NA,0,60.6446017655288
Emma Von Essen,Hofstra Pride,61.5765166666667,hofstrapride,2275,10,-0.4891651654627686,60.64378858412393
Sarah Hughes,Bates College Bobcats,60.7772,batescollegebobcats,NA,NA,0,60.641748589490724
Jordyn Lamker,St. Thomas-Minnesota Tommies,60.7738333333334,stthomasminnesotatommies,NA,NA,0,60.63845518252681
Kelsey Joens,Iowa State Cyclones,60.1561,iowastatecyclones,66,8,1.627414016520187,60.638037978204885
Hana Muhl,Manhattan Jaspers,62.0773333333333,manhattanjaspers,2363,13,-0.7445170244651927,60.636174117465416
Taylor Jameson,Wichita State Shockers,60.7712333333333,wichitastateshockers,NA,NA,0,60.63591173980698
Carmella Hayden,Jarvis Christian Bulldogs,60.7604666666666,jarvischristianbulldogs,NA,NA,0,60.62537909727866
Janiah Barker,UCLA Bruins,60.0804666666667,uclabruins,26,7,1.8898677492822935,60.62342592898363
Jaci Powers,Northern New Mexico Eagles,60.7562833333333,northernnewmexicoeagles,NA,NA,0,60.62128661420083
Rylee Rosenquist,Dakota Wesleyan Tigers,60.7558,dakotawesleyantigers,NA,NA,0,60.620813774675895
Nyla Inmon,Sam Houston Bearkats,60.59725,samhoustonbearkats,2534,11,0.1427033440452017,60.61306848684433
Gwen Higdon,IU Columbus Crimson Pride,60.7401166666666,iucolumbuscrimsonpride,NA,NA,0,60.60547062883871
A'riel Jackson,Cincinnati Bearcats,60.1246333333333,cincinnatibearcats,2132,8,1.627414016520187,60.60405783162795
Sophia Loden,Southern Indiana Screaming Eagles,61.4844666666667,southernindianascreamingeagles,88,20,-0.46568010292818823,60.60156731879007
Fortuna Ngnawo,Troy Trojans,60.8192833333333,troytrojans,2653,27,-0.06224989283771565,60.594423403907705
Simone Sawyer,Pennsylvania Quakers,60.56255,pennsylvaniaquakers,219,12,0.1841164774285017,60.59215779234935
Monesjia Harvey,Oakland City Mighty Oaks,60.7225833333333,oaklandcitymightyoaks,NA,NA,0,60.58831688040211
Lexi Alexander,SE Louisiana Lady Lions,61.3767,selouisianaladylions,2545,25,-0.4220080591350636,60.57554599381501
Abby Conklin,Fairleigh Dickinson Knights,65.0506166666667,fairleighdickinsonknights,161,19,-1.6800381617881592,60.57262240687223
Le'Asia Foreman,Hampton Lady Pirates,61.49155,hamptonladypirates,2261,10,-0.4891651654627686,60.570987044000546
JaQuoia Jones-Brown,Long Beach State Beach,61.5364166666667,longbeachstatebeach,299,9,-0.518954747209004,60.562609429591994
Niya Fields,Norfolk State Spartans,62.50285,norfolkstatespartans,2450,16,-0.9745622795118004,60.55357536157874
Mya Murray,Robert Morris Colonials,60.6857166666667,robertmorriscolonials,NA,NA,0,60.552245839336706
Brinyia Rolax,Fort Lauderdale Eagles,60.6745666666666,fortlauderdaleeagles,NA,NA,0,60.54133579953186
Sianny Sanchez-Oliver,New Mexico State Aggies,60.5237833333334,newmexicostateaggies,166,11,0.1427033440452017,60.5394141629233
Nakia Cheathman,Alcorn State Lady Braves,62.8872,alcornstateladybraves,2016,26,-1.1266675637845338,60.537942875748534
Emily Sizemore,Asbury Eagles,60.6674333333333,asburyeagles,NA,NA,0,60.53435582038833
Hayley Berfield,Westcliff Warriors,60.6652166666667,westcliffwarriors,NA,NA,0,60.53218678229623
Elze Motekaityte,Gardner-Webb Runnin' Bulldogs,63.5097666666667,gardnerwebbrunninbulldogs,2241,6,-1.3272392548610852,60.531183219651815
Sydnee Smith,Macalester Scots,60.6639166666666,macalesterscots,NA,NA,0,60.53091470913612
Keira Hanson,Vermont Catamounts,61.5552333333333,vermontcatamounts,261,1,-0.5587271973835142,60.51593968361119
Jayla Reliford,Westcliff Warriors,60.64105,westcliffwarriors,NA,NA,0,60.50853857895955
Kiyomi McMiller,Rutgers Scarlet Knights,59.96425,rutgersscarletknights,164,7,1.8898677492822935,60.496762952328496
Christina Midgette,Colgate Raiders,61.43285,colgateraiders,2142,22,-0.505160124153813,60.495870846947966
Kalia Walker,Alabama A&M Bulldogs,62.8091333333333,alabamaambulldogs,2010,26,-1.1266675637845338,60.4862722947591
Annukka Willstedt,Texas A&M-Corpus Christi Islanders,61.2610333333333,texasamcorpuschristiislanders,357,25,-0.4220080591350636,60.474216081929214
Alyssa Sand,St. Thomas-Minnesota Tommies,60.5902,stthomasminnesotatommies,NA,NA,0,60.458774746496495
Aaliyah Collins,High Point Panthers,63.3840833333334,highpointpanthers,2272,6,-1.3272392548610852,60.45770390402587
Brooklynn Miles,Pittsburgh Panthers,59.9551666666667,pittsburghpanthers,221,2,1.7410828106998104,60.45594849160959
Ritorya Tamilo,Hawai'i Rainbow Wahine,61.4078,hawaiirainbowwahine,62,9,-0.518954747209004,60.45319953758778
Mazatlan Harris,UC Davis Aggies,61.4042,ucdavisaggies,302,9,-0.518954747209004,60.45013321678574
Mackenzie Pettinelli,St. Bonaventure Bonnies,60.4077833333334,stbonaventurebonnies,179,3,0.21493314091272497,60.44672523901775
Silvia Nativi,Northern Colorado Bears,60.61235,northerncoloradobears,2458,5,-0.02468095143188219,60.446501766132215
Courtlyn Loudermill,Texas Southern Tigers,62.7433833333333,texassoutherntigers,2640,26,-1.1266675637845338,60.442591406683185
Bree Hall,South Carolina Gamecocks,59.91425,southcarolinagamecocks,2579,23,2.220381999275397,60.44231374655257
Edessa Noyan,Virginia Cavaliers,59.9356833333334,virginiacavaliers,258,2,1.7410828106998104,60.43483142348863
Kloe Froebe,Colorado State Rams,60.5637333333333,coloradostaterams,NA,NA,0,60.43287087152978
Caitlin Frost,St. Bonaventure Bonnies,60.39225,stbonaventurebonnies,179,3,0.21493314091272497,60.43109303246319
Ni'Kiah Chesterfield,Tusculum Pioneers,60.5556333333333,tusculumpioneers,NA,NA,0,60.424942764170446
Maud Huijbens,Gonzaga Bulldogs,60.4037666666667,gonzagabulldogs,2250,29,0.15617675887640683,60.42349380406782
Portia Adams,UTEP Miners,60.40465,utepminers,2638,11,0.1427033440452017,60.41997994326063
Olivia Smith,Eastern Michigan Eagles,60.6304333333334,easternmichiganeagles,2199,14,-0.06421715182798006,60.40959472597895
Aiyanna Culver,Chicago State Cougars,64.6517833333333,chicagostatecougars,2130,19,-1.6800381617881592,60.40341702716067
Clare Coyle,Furman Paladins,61.2608666666667,furmanpaladins,231,24,-0.4695431161729573,60.402343563404166
Jordan Harris,Southern-New Orleans Knights,60.5323833333334,southernneworleansknights,NA,NA,0,60.40218525728992
Dakota McCaughan,UNC Asheville Bulldogs,63.2897666666666,uncashevillebulldogs,2427,6,-1.3272392548610852,60.402140235364634
Eleyana Tafisi,App State Mountaineers,60.6044666666667,appstatemountaineers,2026,27,-0.06224989283771565,60.38725315462584
Kristen Lopez,Whittier Poets,60.5071166666666,whittierpoets,NA,NA,0,60.37745228615484
Janessa Williams,Long Island University Sharks,64.5761000000001,longislanduniversitysharks,112358,19,-1.6800381617881592,60.370372556272315
Jaila Harding,New Mexico State Aggies,60.3544666666667,newmexicostateaggies,166,11,0.1427033440452017,60.369671123817895
Kyla Jones,Northwestern Wildcats,59.8420333333334,northwesternwildcats,77,7,1.8898677492822935,60.36371856466794
Olivia Rockwood,Maine Black Bears,61.3737166666667,maineblackbears,311,1,-0.5587271973835142,60.36323126629772
Cate Carlson,Radford Highlanders,63.2214666666667,radfordhighlanders,2515,6,-1.3272392548610852,60.361678454311694
Aleighyah Fontenot,Southern Jaguars,62.6179166666667,southernjaguars,2582,26,-1.1266675637845338,60.35882784725954
Hallie Rhodes,San Diego Toreros,60.3391833333333,sandiegotoreros,301,29,0.15617675887640683,60.35870281552706
Stephanie Da Silva,Western New Mexico Mustangs,60.4854166666666,westernnewmexicomustangs,NA,NA,0,60.356209386767205
Simone Foreman,Holy Cross Crusaders,61.2570666666666,holycrosscrusaders,107,22,-0.505160124153813,60.34539820471243
Sydney Jaynes,Butler Bulldogs,59.9999333333333,butlerbulldogs,2086,4,1.1815976661979184,60.33243977414866
Feliah Greer,Miles Golden Bears,60.4572666666667,milesgoldenbears,NA,NA,0,60.32865062480689
Julia Fabozzi,Wagner Seahawks,64.4808,wagnerseahawks,2681,19,-1.6800381617881592,60.32834223006548
Aylesha Wade,Queens University Royals,60.45455,queensuniversityroyals,NA,NA,0,60.32599091345708
Abigail Shoff,Saint Mary's Gaels,60.3062333333333,saintmarysgaels,2608,29,0.15617675887640683,60.325647480233904
Brooke Anya,Chattanooga Mocs,61.1704333333333,chattanoogamocs,236,24,-0.4695431161729573,60.3239944450952
Emari Doby,Illinois-Springfield Prairie Stars,60.4481833333333,illinoisspringfieldprairiestars,NA,NA,0,60.31975765380123
Paige Neal,Saint Elizabeth Eagles,60.44495,saintelizabetheagles,NA,NA,0,60.31659203352492
Maddie Rice,UMass Lowell River Hawks,61.31385,umasslowellriverhawks,2349,1,-0.5587271973835142,60.31273976561615
Neani Stewart,Texas College Steers,60.43215,texascollegesteers,NA,NA,0,60.30405984138023
Colette Duininck,Bethel (MN) Royals,60.4289666666667,bethelmnroyals,NA,NA,0,60.30094304883516
Braylyn Milton,East Tennessee State Bucs,61.14315,easttennesseestatebucs,2193,24,-0.4695431161729573,60.30033288507904
Rayne Durant,UMass Lowell River Hawks,61.2988166666667,umasslowellriverhawks,2349,1,-0.5587271973835142,60.30005088690113
Shateah Wetering,Northern Iowa Panthers,60.2075166666667,northerniowapanthers,2460,18,0.3818613853103341,60.29801505490162
Elisha Quinn,Shaw Bears,60.4205166666667,shawbears,NA,NA,0,60.29266955743137
Kayla Rolph,William & Mary Tribe,61.148,williammarytribe,2729,10,-0.4891651654627686,60.275472349094464
Abigail Wilson,UNC Asheville Bulldogs,63.068,uncashevillebulldogs,2427,6,-1.3272392548610852,60.27007727733562
Douthshine Prien,Grambling Lady Tigers,62.4835166666667,gramblingladytigers,2755,26,-1.1266675637845338,60.268507060755134
Mackenzie Amalia,Eastern Michigan Eagles,60.4835,easternmichiganeagles,2199,14,-0.06421715182798006,60.2678619033284
Paige Engels,Cornell Big Red,60.2291666666667,cornellbigred,172,12,0.1841164774285017,60.25720206375772
Audrey Fuller,Campbell Fighting Camels,61.1191,campbellfightingcamels,2097,10,-0.4891651654627686,60.25052974312995
Jada Lee,Robert Morris Colonials,60.3766333333334,robertmorriscolonials,NA,NA,0,60.24970007102973
Shania Nichols-Vannett,IU Indianapolis Jaguars,60.3665833333333,iuindianapolisjaguars,NA,NA,0,60.23985869373627
Bella Finnegan,Indiana State Sycamores,60.1477166666666,indianastatesycamores,282,18,0.3818613853103341,60.23732430988634
Kha'Niya Evans,Bryant & Stratton Bobcats,60.3591666666667,bryantstrattonbobcats,NA,NA,0,60.232595827525095
Maddie Burke,Villanova Wildcats,59.9047666666667,villanovawildcats,222,4,1.1815976661979184,60.23201635298989
R'Mani Taylor,Lamar Cardinals,60.98525,lamarcardinals,2320,25,-0.4220080591350636,60.23187484287448
Zya Vann,Oklahoma Sooners,59.7170333333333,oklahomasooners,201,23,2.220381999275397,60.22781013415408
Emma Pavelek,Point Park Pioneers,60.35145,pointparkpioneers,NA,NA,0,60.225039039880194
Cassidy Geddes,William & Mary Tribe,61.0885166666667,williammarytribe,2729,10,-0.4891651654627686,60.2241203381289
Camryn Collins,Rider Broncs,61.554,riderbroncs,2520,13,-0.7445170244651927,60.22314163816334
Natalija Marshall,Miami Hurricanes,59.7285166666667,miamihurricanes,2390,2,1.7410828106998104,60.21053101142525
Mariam Sanogo,Canisius Golden Griffins,61.5376333333334,canisiusgoldengriffins,2099,13,-0.7445170244651927,60.21012451810199
Lovely Sonnier,Long Beach State Beach,61.1158166666667,longbeachstatebeach,299,9,-0.518954747209004,60.20381377047015
Tessa Johnson,South Carolina Gamecocks,59.6873166666667,southcarolinagamecocks,2579,23,2.220381999275397,60.19552467174569
Isabella Mauricio,Brown Bears,60.1663833333333,brownbears,225,12,0.1841164774285017,60.194129494392044
Emma Theodorsson,Loyola Chicago Ramblers,60.1558666666667,loyolachicagoramblers,2350,3,0.21493314091272497,60.19322728849564
Jenna Brooks,Bob Jones Bruins,60.3174999999999,bobjonesbruins,NA,NA,0,60.19179071351472
Allyson Ross,Mercyhurst Lakers,64.1669333333333,mercyhurstlakers,2385,19,-1.6800381617881592,60.18662426400847
Mikayla Aumer,North Dakota Fighting Hawks,60.3110666666666,northdakotafightinghawks,NA,NA,0,60.18549002693637
D'Arrah Allen,Arkansas-Pine Bluff Golden Lions,62.3495666666666,arkansaspinebluffgoldenlions,2029,26,-1.1266675637845338,60.177882794581336
Lexi Bull,Southern Utah Thunderbirds,60.73665,southernutahthunderbirds,253,30,-0.3067245555951177,60.17301676178717
Marta Morales Romero,Providence Friars,59.84485,providencefriars,2507,4,1.1815976661979184,60.168821024338705
Amyah Reaves,Hampton Lady Pirates,61.0202333333334,hamptonladypirates,2261,10,-0.4891651654627686,60.16510442632196
Lily Fandre,Lehigh Mountain Hawks,61.0382666666667,lehighmountainhawks,2329,22,-0.505160124153813,60.15741646738947
Kirsten Watt,Lees-McRae Bobcats,60.2734333333334,leesmcraebobcats,NA,NA,0,60.148630626694384
London Gamble,Northern Colorado Bears,60.3021,northerncoloradobears,2458,5,-0.02468095143188219,60.14443003169591
Jaeda Murphy,Mississippi Valley State Devilettes,62.3001,mississippivalleystatedevilettes,2400,26,-1.1266675637845338,60.14426398159014
Victoria Aguayo,Sul Ross State Lobos,60.2630833333334,sulrossstatelobos,NA,NA,0,60.1384928724939
Patience Williams,Georgia State Panthers,60.3397000000001,georgiastatepanthers,2247,27,-0.06224989283771565,60.1316515419407
Raniya White,Jarvis Christian Bulldogs,60.2507166666667,jarvischristianbulldogs,NA,NA,0,60.12637946652595
Haley Burchhardt,Bridgewater State (MA) Bears,60.2447666666667,bridgewaterstatemabears,NA,NA,0,60.12055118634612
Ellie Taylor,Utah Tech Trailblazers,60.6759833333333,utahtechtrailblazers,3101,30,-0.3067245555951177,60.117817816921125
Gabby Anderson,Harvard Crimson,60.0897333333334,harvardcrimson,108,12,0.1841164774285017,60.11712929799798
Olivia Williams,UC Irvine Anteaters,61.0137333333333,ucirvineanteaters,300,9,-0.518954747209004,60.116297916802104
Laura Nickel,Northern Illinois Huskies,60.3254333333334,northernillinoishuskies,2459,14,-0.06421715182798006,60.11529089212871
Yasminah White,Saint Elizabeth Eagles,60.2339,saintelizabetheagles,NA,NA,0,60.10990659908582
Keelie O'Hollaren,Air Force Falcons,60.22605,airforcefalcons,NA,NA,0,60.102216849860405
Nyam Thornton,Prairie View A&M Lady Panthers,62.23145,prairieviewamladypanthers,2504,26,-1.1266675637845338,60.097472510117065
Mckenzie Bestor,Ripon College Red Hawks,60.2198166666666,riponcollegeredhawks,NA,NA,0,60.09611065834788
Alline Ballard,Cal Lutheran Kingsmen,60.21745,callutherankingsmen,NA,NA,0,60.09379224018021
Macy Mayer,Montana Tech Orediggers,60.21725,montanatechorediggers,NA,NA,0,60.093596316897866
Samiya Steele,Jacksonville State Gamecocks,60.0774166666667,jacksonvillestategamecocks,55,11,0.1427033440452017,60.09194162391484
Sydney Gandy,Southern Utah Thunderbirds,60.6448666666667,southernutahthunderbirds,253,30,-0.3067245555951177,60.089490825282354
Chloe Deharo,Northwest Nazarene Nighthawks,60.20705,northwestnazarenenighthawks,NA,NA,0,60.083604101359384
Bineta Diatta,Florida International Panthers,60.0542,floridainternationalpanthers,2229,11,0.1427033440452017,60.06866902765324
Marta Leimane,Colorado State Rams,60.18785,coloradostaterams,NA,NA,0,60.06479454368407
Sonia Randall,La Sierra Golden Eagles,60.1783833333333,lasierragoldeneagles,NA,NA,0,60.05552005951526
Talia Dial,Niagara Purple Eagles,61.3419833333333,niagarapurpleeagles,315,13,-0.7445170244651927,60.05405333425156
Nakyah Terrell,High Point Panthers,62.7081833333334,highpointpanthers,2272,6,-1.3272392548610852,60.051628351695726
Maria Konstantinidou,Fresno State Bulldogs,60.1716166666666,fresnostatebulldogs,NA,NA,0,60.048890630383255
Brielle Williams,Bryant Bulldogs,60.9975166666667,bryantbulldogs,2803,1,-0.5587271973835142,60.04491803690196
Sirviva Legions,Long Island University Sharks,63.86005,longislanduniversitysharks,112358,19,-1.6800381617881592,60.04322938783659
Kiley Snow,SUNY Geneseo Knights,60.1652166666666,sunygeneseoknights,NA,NA,0,60.04262032992765
Anahi-Lee Cauley,William & Mary Tribe,60.8771,williammarytribe,2729,10,-0.4891651654627686,60.0411666934194
Kyanna Morgan,Arkansas State Red Wolves,60.2405666666667,arkansasstateredwolves,2032,27,-0.06224989283771565,60.03587711145251
Maureen Stapleton,Stonehill Skyhawks,63.8443,stonehillskyhawks,284,19,-1.6800381617881592,60.03574246897419
Yuting Deng,Auburn Tigers,59.53905,auburntigers,2,23,2.220381999275397,60.03458091978626
Jaliena Sanchez,UMBC Retrievers,60.9809333333333,umbcretrievers,2378,1,-0.5587271973835142,60.03083065289284
Aaliyah Moore,Omaha Mavericks,60.1426666666667,omahamavericks,NA,NA,0,60.02052653273046
Sophia Sabino,Bucknell Bison,60.8705333333333,bucknellbison,2083,22,-0.505160124153813,60.012799649525434
Mary-Elizabeth Donnelly,Holy Cross Crusaders,60.8639666666667,holycrosscrusaders,107,22,-0.505160124153813,60.0071290763295
Alex Buckley,Bethesda University Flames,60.1186833333333,bethesdauniversityflames,NA,NA,0,59.99702705858734
Kaia Goode,Binghamton Bearcats,60.9396666666666,binghamtonbearcats,2066,1,-0.5587271973835142,59.995754771016344
Jania Hall,UNC Wilmington Seahawks,60.8229666666666,uncwilmingtonseahawks,350,10,-0.4891651654627686,59.99421233455799
Zoe Cooper,Jackson State Lady Tigers,62.0775166666667,jacksonstateladytigers,2296,26,-1.1266675637845338,59.99198424115425
Angelina Donato,Mount Saint Mary (NY) Knights,60.1129166666667,mountsaintmarynyknights,NA,NA,0,59.99137652745059
Olivia Westphal,Eastern Michigan Eagles,60.1960999999999,easternmichiganeagles,2199,14,-0.06421715182798006,59.99037875702575
Misti Zempel,Mayville State Comets,60.0953666666667,mayvillestatecomets,NA,NA,0,59.97417947833212
D'Mya Griffin,Florida A&M Rattlers,62.0515333333333,floridaamrattlers,50,26,-1.1266675637845338,59.97410110397845
Summah Hanson,UC Irvine Anteaters,60.8416833333334,ucirvineanteaters,300,9,-0.518954747209004,59.968422960434914
Trinity Rowe,Southern Miss Lady Eagles,60.169,southernmissladyeagles,2572,27,-0.06224989283771565,59.96671097003396
Taylor Bell,SE Louisiana Lady Lions,60.6812166666667,selouisianaladylions,2545,25,-0.4220080591350636,59.963518279658444
Gabby Hutcherson,Duquesne Dukes,59.9261666666667,duquesnedukes,2184,3,0.21493314091272497,59.962126270090366
Haedyn Roberts,Le Moyne Dolphins,63.6906833333333,lemoynedolphins,2330,19,-1.6800381617881592,59.96207121365185
Bailey Kuhns,Mercyhurst Lakers,63.6684666666667,mercyhurstlakers,2385,19,-1.6800381617881592,59.95131957793834
Jaiyah Harris-Smith,Alabama A&M Bulldogs,62.0184666666667,alabamaambulldogs,2010,26,-1.1266675637845338,59.95131074977328
Kirah Dandridge,Radford Highlanders,62.5453666666666,radfordhighlanders,2515,6,-1.3272392548610852,59.951105032557585
Samantha Johnston,Southern Utah Thunderbirds,60.4875333333333,southernutahthunderbirds,253,30,-0.3067245555951177,59.94611015487001
Promise Keshi,Stetson Hatters,60.0546333333334,stetsonhatters,NA,NA,0,59.93426249851449
Krystina Hagood,Colorado-Colorado Springs Mountain Lions,60.0452833333333,coloradocoloradospringsmountainlions,NA,NA,0,59.92509932624948
Melody Martinez,Sul Ross State Lobos,60.0399333333333,sulrossstatelobos,NA,NA,0,59.919856133850004
Krista Andersen,Stanislaus State Warriors,60.0297,stanislausstatewarriors,NA,NA,0,59.909826909022456
Olivia Young,Brown Bears,59.8808666666667,brownbears,225,12,0.1841164774285017,59.90732452973656
Loren Christie,Xavier Musketeers,59.5936,xaviermusketeers,2752,4,1.1815976661979184,59.904080445746644
Dani Bayes,Boise State Broncos,60.0098666666667,boisestatebroncos,NA,NA,0,59.890388450172544
Kay Kay Green,Charlotte 49ers,60.00455,charlotte49ers,NA,NA,0,59.885177477257905
Aalyssa Rogers,Virginia-Lynchburg Dragons,60.0013666666667,virginialynchburgdragons,NA,NA,0,59.88205739546042
Jailah Pelly,Arkansas-Pine Bluff Golden Lions,61.9180833333334,arkansaspinebluffgoldenlions,2029,26,-1.1266675637845338,59.881904685215446
Jorah Eppley,Stetson Hatters,59.9987833333334,stetsonhatters,NA,NA,0,59.879525374193136
Kaylen Nelson,Bradley Braves,59.7824666666666,bradleybraves,71,18,0.3818613853103341,59.86677030055221
Clarke Jackson,Cornell Big Red,59.8389166666667,cornellbigred,172,12,0.1841164774285017,59.86518894430967
Sharn Hayward,Stonehill Skyhawks,63.48735,stonehillskyhawks,284,19,-1.6800381617881592,59.86276003039466
Allison Schwertner,Boston University Terriers,60.6950833333333,bostonuniversityterriers,104,22,-0.505160124153813,59.861062972581806
Kendal Zeiter,UW-Parkside Rangers,59.9798,uwparksiderangers,NA,NA,0,59.86091861525382
Sarah Ericson,Vermont Catamounts,60.7770833333333,vermontcatamounts,261,1,-0.5587271973835142,59.85728241642236
Danyel Middleton,UIC Flames,59.7646666666667,uicflames,82,18,0.3818613853103341,59.84871774624954
Lydia Freeman,Grambling Lady Tigers,61.8684666666667,gramblingladytigers,2755,26,-1.1266675637845338,59.84747775464903
Marissa Gingrich,NJIT Highlanders,60.7652166666667,njithighlanders,2885,1,-0.5587271973835142,59.84715818682369
Claire O'Connor,Gonzaga Bulldogs,59.8192333333334,gonzagabulldogs,2250,29,0.15617675887640683,59.83713792728498
Casey Santoro,Florida Gulf Coast Eagles,59.953,floridagulfcoasteagles,NA,NA,0,59.83464879331169
Taylor Caldwell,Cal State Bakersfield Roadrunners,60.6854666666667,calstatebakersfieldroadrunners,2934,9,-0.518954747209004,59.83375084659363
Haylee Johnson,Eastern Oregon Mountaineers,59.9448833333333,easternoregonmountaineers,NA,NA,0,59.82669236080063
Tea Murray,Haskell Jayhawks,59.9440833333333,haskelljayhawks,NA,NA,0,59.825908145452075
Jaida Belton,Texas Southern Tigers,61.8316333333334,texassoutherntigers,2640,26,-1.1266675637845338,59.82186887260335
Tamera Johnson,Penn State Lady Lions,59.33845,pennstateladylions,213,7,1.8898677492822935,59.81719556928268
Sydney Hendrix,Florida A&M Rattlers,61.8246166666667,floridaamrattlers,50,26,-1.1266675637845338,59.81698544535024
Carly Heidger,Loyola Marymount Lions,59.79735,loyolamarymountlions,2351,29,0.15617675887640683,59.815188814441065
Ash'a Thompson,Prairie View A&M Lady Panthers,61.8180666666667,prairieviewamladypanthers,2504,26,-1.1266675637845338,59.81242536598555
Maren Louridas,Navy Midshipmen,60.6361833333333,navymidshipmen,2426,22,-0.505160124153813,59.810017720915745
Ineivi Plata,St. Francis (PA) Red Flash,63.3734166666667,stfrancisparedflash,2598,19,-1.6800381617881592,59.80622520583254
Nya Threatt,UT Arlington Mavericks,60.3220166666667,utarlingtonmavericks,250,30,-0.3067245555951177,59.79499911173028
Addy Self,UT Dallas Comets,59.9111666666666,utdallascomets,NA,NA,0,59.79363963839142
Maddie Heiss,Wofford Terriers,60.5469333333333,woffordterriers,2747,24,-0.4695431161729573,59.78053075239766
Mia Woolfolk,Georgia Lady Bulldogs,59.3040166666667,georgialadybulldogs,61,23,2.220381999275397,59.779922938413186
Reagan Bass,Purdue Boilermakers,59.29875,purdueboilermakers,2509,7,1.8898677492822935,59.77422307046502
Isabella Palmqvist,Southern Illinois Salukis,59.6908,southernillinoissalukis,79,18,0.3818613853103341,59.773808847587944
Tess Myers,Wisconsin Badgers,59.2932166666666,wisconsinbadgers,275,7,1.8898677492822935,59.76823490893461
Jazmine Soto,Hawai'i Hilo Vulcans,59.8849499999999,hawaiihilovulcans,NA,NA,0,59.767937370761445
Kailee Meeker,Wisconsin-La Crosse Eagles,59.8843166666667,wisconsinlacrosseeagles,NA,NA,0,59.7673164440471
Bre'Yon White,Wichita State Shockers,59.88275,wichitastateshockers,NA,NA,0,59.76578046337487
CJ Wilson,Prairie View A&M Lady Panthers,61.7470833333333,prairieviewamladypanthers,2504,26,-1.1266675637845338,59.76291802907671
Ashanti Lynch,Maryland Eastern Shore Hawks,61.4081333333333,marylandeasternshorehawks,2379,16,-0.9745622795118004,59.75550848985343
Jaylia Reed,Mississippi Valley State Devilettes,61.7230166666666,mississippivalleystatedevilettes,2400,26,-1.1266675637845338,59.746095781847984
DeeDee Hagemann,Memphis Tigers,59.85675,memphistigers,NA,NA,0,59.74028887606481
Ivy Bales,American University Eagles,60.5521833333334,americanuniversityeagles,44,22,-0.505160124153813,59.737128222256686
Sophie Swanson,Purdue Boilermakers,59.2578333333334,purdueboilermakers,2509,7,1.8898677492822935,59.72995057733957
Saga Ukkonen,Fresno State Bulldogs,59.8427333333333,fresnostatebulldogs,NA,NA,0,59.72654563598362
Amelia Mackey,Brescia Bearcats,59.8391333333333,bresciabearcats,NA,NA,0,59.72301578753078
Elena Pericic,App State Mountaineers,59.9128833333334,appstatemountaineers,2026,27,-0.06224989283771565,59.71901958744752
Abby Krzewinski,North Dakota State Bison,59.8244333333333,northdakotastatebison,NA,NA,0,59.70860192374269
Ella Fajardo,Iona Gaels,60.9077666666667,ionagaels,314,13,-0.7445170244651927,59.704670509425505
Coryn Watts,Denver Pioneers,59.8167666666667,denverpioneers,NA,NA,0,59.701084287852446
Arianna Jackson,Iowa State Cyclones,59.2809,iowastatecyclones,66,8,1.627414016520187,59.69640125365435
Louella Allana,Saint Peter's Peacocks,60.881,saintpeterspeacocks,2612,13,-0.7445170244651927,59.682999636466626
Laila Fair,Morgan State Lady Bears,61.2975,morganstateladybears,2415,16,-0.9745622795118004,59.67295563035134
Ava Gugliuzza,SIU Edwardsville Cougars,60.4168,siuedwardsvillecougars,2565,20,-0.46568010292818823,59.67148964236152
Sydney Bourland,Cal Poly Mustangs,60.4968833333334,calpolymustangs,13,9,-0.518954747209004,59.670667477407235
Natalie Magallnes,Western New Mexico Mustangs,59.7763666666667,westernnewmexicomustangs,NA,NA,0,59.66146733964064
Kayla Schroeder,Park University Gilbert Buccaneers,59.7711666666666,parkuniversitygilbertbuccaneers,NA,NA,0,59.656367850985525
Meghan Kenefick,Central Connecticut Blue Devils,63.0753833333333,centralconnecticutbluedevils,2115,19,-1.6800381617881592,59.655352747306615
Maranda Nyborg,Bryant Bulldogs,60.5342166666666,bryantbulldogs,2803,1,-0.5587271973835142,59.64961027980146
Leianya Massenat,Jackson State Lady Tigers,61.5838,jacksonstateladytigers,2296,26,-1.1266675637845338,59.648419957701435
Amaya Oliver,Temple Owls,59.7583,templeowls,NA,NA,0,59.643749613822386
Kristynn Knight,Coker Cobras,59.7526833333333,cokercobras,NA,NA,0,59.638241272469905
Hannah Kohn,Clemson Tigers,59.1916166666666,clemsontigers,228,2,1.7410828106998104,59.63120988601169
Cherrel Dorton,Arkansas Baptist Buffaloes,59.7429333333334,arkansasbaptistbuffaloes,NA,NA,0,59.628679140074794
Treasure Thompson,Texas Southern Tigers,61.5501,texassoutherntigers,2640,26,-1.1266675637845338,59.62468239570713
Yasmine Djibril,Canisius Golden Griffins,60.80875,canisiusgoldengriffins,2099,13,-0.7445170244651927,59.62442788006987
Kayla Williams,Texas A&M-Texarkana Eagles,59.73775,texasamtexarkanaeagles,NA,NA,0,59.62359559136705
Kate Dennis,Ohio Bobcats,59.8163166666667,ohiobobcats,195,14,-0.06421715182798006,59.62319195610662
Dayana Mendes,Washington State Cougars,59.5952,washingtonstatecougars,265,29,0.15617675887640683,59.612439365828614
Jadyn Wooten,Oklahoma State Cowgirls,59.1933166666667,oklahomastatecowgirls,197,8,1.627414016520187,59.60255641192777
Shelby Ricks,Bowie State Bulldogs,59.7156666666667,bowiestatebulldogs,NA,NA,0,59.601936683740064
Kennedy Cambridge,Ohio State Buckeyes,59.1394166666667,ohiostatebuckeyes,194,7,1.8898677492822935,59.60191834976467
Louis Volker,George Mason Patriots,59.5670333333333,georgemasonpatriots,2244,3,0.21493314091272497,59.60087884842728
Blessing King,Marshall Thundering Herd,59.7895833333334,marshallthunderingherd,276,27,-0.06224989283771565,59.59968445706328
E'Laijah Brown,Edward Waters Tigers,59.6939666666667,edwardwaterstigers,NA,NA,0,59.580652636194635
Kiayra Ellis,McNeese Cowgirls,60.2450833333333,mcneesecowgirls,2377,25,-0.4220080591350636,59.576432372128195
Jaylen Ponder,Coastal Carolina Chanticleers,59.7615166666667,coastalcarolinachanticleers,324,27,-0.06224989283771565,59.5725121076024
Zoe Nelson,UT Arlington Mavericks,60.0674666666667,utarlingtonmavericks,250,30,-0.3067245555951177,59.56206531892687
Kamryn Jones,Louisiana Ragin' Cajuns,59.7450666666667,louisianaragincajuns,309,27,-0.06224989283771565,59.55658486297101
Morgan Edwards,Cal State Northridge Matadors,60.3648,calstatenorthridgematadors,2463,9,-0.518954747209004,59.55611669740004
Nykesha Sanders,East Texas A&M Lions,60.2178666666667,easttexasamlions,2837,25,-0.4220080591350636,59.5521947263713
Camryn Poole,Asbury Eagles,59.6629333333333,asburyeagles,NA,NA,0,59.550212258387305
Carmen Richardson,East Tennessee State Bucs,60.2835166666666,easttennesseestatebucs,2193,24,-0.4695431161729573,59.549244740885925
Lilly Meister,Indiana Hoosiers,59.0878666666667,indianahoosiers,84,7,1.8898677492822935,59.546227002172486
Sydney-James Desroches,Eastern Illinois Panthers,60.2728666666667,easternillinoispanthers,2197,20,-0.46568010292818823,59.54485180796988
Nevaeh Ferrara Horne,North Dakota Fighting Hawks,59.6356666666667,northdakotafightinghawks,NA,NA,0,59.523464734272096
Rachel Cockman,Western Colorado Mountaineers,59.6329166666667,westerncoloradomountaineers,NA,NA,0,59.52076699722244
Ella Brubaker,Pepperdine Waves,59.5023833333333,pepperdinewaves,2492,29,0.15617675887640683,59.51935237990078
Ariyah Smith,Cal State East Bay Pioneers,59.6260666666667,calstateeastbaypioneers,NA,NA,0,59.514047103424424
Natalia Martinez,San Diego State Aztecs,59.6203166666667,sandiegostateaztecs,NA,NA,0,59.5084062328985
Franka Wittenberg,Canisius Golden Griffins,60.6634333333333,canisiusgoldengriffins,2099,13,-0.7445170244651927,59.50628565290773
Kira Chivers,Loyola Chicago Ramblers,59.4598333333334,loyolachicagoramblers,2350,3,0.21493314091272497,59.49306554325742
Aniya Hooker,Siena Saints,60.6437166666667,sienasaints,2561,13,-0.7445170244651927,59.4902215673684
Taylor Napper,Radford Highlanders,61.7967666666666,radfordhighlanders,2515,6,-1.3272392548610852,59.475799551164975
Lauren Bailey,Gardner-Webb Runnin' Bulldogs,61.7961666666667,gardnerwebbrunninbulldogs,2241,6,-1.3272392548610852,59.47541010195042
Allison Deberry,Evergreen State Geoducks,59.5772666666667,evergreenstategeoducks,NA,NA,0,59.466170855099136
Nyamer Diew,Colorado Buffaloes,59.0593333333333,coloradobuffaloes,38,8,1.627414016520187,59.459126671527365
Jaileyah Cotton,Jackson State Lady Tigers,61.3109833333334,jacksonstateladytigers,2296,26,-1.1266675637845338,59.45521798318615
Mara Neira,App State Mountaineers,59.6374833333334,appstatemountaineers,2026,27,-0.06224989283771565,59.45239480129692
Linda Amaning,Saint Peter's Peacocks,60.57655,saintpeterspeacocks,2612,13,-0.7445170244651927,59.43543626794916
Saige Stahl,Indiana State Sycamores,59.351266666666596,indianastatesycamores,282,18,0.3818613853103341,59.42960417265806
Grace Stapleton,Indiana-Southeast Grenadiers,59.5352166666666,indianasoutheastgrenadiers,NA,NA,0,59.42491243272153
Walker Demers,North Dakota Fighting Hawks,59.5339,northdakotafightinghawks,NA,NA,0,59.42362048625114
Ali Brigham,Bryant Bulldogs,60.2483833333334,bryantbulldogs,2803,1,-0.5587271973835142,59.403955560571454
Jermany Mapp,Queens University Royals,59.5070333333333,queensuniversityroyals,NA,NA,0,59.39725736802055
Jayla Oden,Penn State Lady Lions,58.9193,pennstateladylions,213,7,1.8898677492822935,59.36430530741431
Jada Donaldson,Milwaukee Panthers,59.4616166666667,milwaukeepanthers,NA,NA,0,59.352688163675545
Nubia Benedith,Louisiana Ragin' Cajuns,59.5336666666667,louisianaragincajuns,309,27,-0.06224989283771565,59.35181080404767
Tiasia McMillan,Stetson Hatters,59.45905,stetsonhatters,NA,NA,0,59.350169249523624
Andrea Jovicevic,Jessup University Warriors,59.4547666666667,jessupuniversitywarriors,NA,NA,0,59.34596557358326
Karlee White,Harvard Crimson,59.3119166666667,harvardcrimson,108,12,0.1841164774285017,59.335936547100566
Erin Maguire,Houston Christian Huskies,59.97445,houstonchristianhuskies,2277,25,-0.4220080591350636,59.33500139278173
Breonna Martinez,La Sierra Golden Eagles,59.43575,lasierragoldeneagles,NA,NA,0,59.327302055498436
Tess Heal,Stanford Cardinal,58.9080333333334,stanfordcardinal,24,2,1.7410828106998104,59.326344484327535
Jada Malone,Texas A&M Aggies,58.8840166666667,texasamaggies,245,23,2.220381999275397,59.32626258891714
Ni'Rah Clark,Akron Zips,59.5065166666667,akronzips,2006,14,-0.06421715182798006,59.323249155694135
Lana McCarthy,Purdue Boilermakers,58.8811333333334,purdueboilermakers,2509,7,1.8898677492822935,59.32315430809053
Ines Sotelo,Michigan State Spartans,58.87475,michiganstatespartans,127,7,1.8898677492822935,59.31627326373483
Cydney Wright,Sewanee Tigers,59.4189166666667,sewaneetigers,NA,NA,0,59.31078063750021
Kristin Vieselmeyer,Concordia Nebraska Bulldogs,59.4161166666667,concordianebraskabulldogs,NA,NA,0,59.30803245786238
Raegyn Conley,Wake Forest Demon Deacons,58.8811666666667,wakeforestdemondeacons,154,2,1.7410828106998104,59.2975009512003
Laynee Torres-Kahapea,Portland State Vikings,59.4311,portlandstatevikings,2502,5,-0.02468095143188219,59.29483960836166
Amhyia Moreland,New Mexico Lobos,59.3979,newmexicolobos,NA,NA,0,59.29015249656223
Alexus Motley,Mount Marty College Lancers,59.3954666666666,mountmartycollegelancers,NA,NA,0,59.287764082309685
Amiyah Barrow,Centenary (LA) Gentlemen,59.3935833333333,centenarylagentlemen,NA,NA,0,59.2859155058787
Kiki Smith,Arkansas Razorbacks,58.8465,arkansasrazorbacks,8,23,2.220381999275397,59.285825459982334
Jasmine Pierce,Saint Elizabeth Eagles,59.3931666666667,saintelizabetheagles,NA,NA,0,59.28550652770369
Ravyn Ellis,St. Thomas (TX) Celts,59.3900666666667,stthomastxcelts,NA,NA,0,59.282463717699734
Timea Gardiner,UCLA Bruins,58.8420166666666,uclabruins,26,7,1.8898677492822935,59.2809940588489
Macie Taylor,Wright State Raiders,59.38465,wrightstateraiders,NA,NA,0,59.277146927407756
DaKiyah Sanders,Southern Jaguars,61.06185,southernjaguars,2582,26,-1.1266675637845338,59.27674405711555
Tamia Ugass,Kansas City Roos,59.3788333333333,kansascityroos,NA,NA,0,59.2714374384362
Jodi Mullins,Southeastern Fires,59.3764833333333,southeasternfires,NA,NA,0,59.269130717677214
Maraja Pass,Elon Phoenix,59.9931,elonphoenix,2210,10,-0.4891651654627686,59.26897496996877
Sidney McCrea,Northern Illinois Huskies,59.4471333333333,northernillinoishuskies,2459,14,-0.06421715182798006,59.265713162643
Marina Radocaj,Pacific Tigers,59.2490500000001,pacifictigers,279,29,0.15617675887640683,59.265296766005434
Ava Arias,Carnegie Mellon Tartans,59.36185,carnegiemellontartans,NA,NA,0,59.25476660020117
Brayli Reimer,Crown College Storm,59.3598166666666,crowncollegestorm,NA,NA,0,59.252770636581936
Kennedi Perkins,Marquette Golden Eagles,58.9735,marquettegoldeneagles,269,4,1.1815976661979184,59.25242491624282
Katie Beyer,Valparaiso Beacons,59.1640166666666,valparaisobeacons,2674,18,0.3818613853103341,59.23986055497844
Dagny Slomack,Central Connecticut Blue Devils,62.2796166666666,centralconnecticutbluedevils,2115,19,-1.6800381617881592,59.23178210525716
Mallory McDermott,Western Illinois Leathernecks,59.9157833333333,westernillinoisleathernecks,2710,20,-0.46568010292818823,59.22943742194699
Abby Fleetwood,IU Columbus Crimson Pride,59.33425,iucolumbuscrimsonpride,NA,NA,0,59.22767304916838
Brianna Barnes,Maryland Eastern Shore Hawks,60.6886166666667,marylandeasternshorehawks,2379,16,-0.9745622795118004,59.212609274543524
Faith Fedd-Robinson,Toledo Rockets,59.3905833333334,toledorockets,2649,14,-0.06421715182798006,59.21090990158125
Mallorie Haines,Davidson Wildcats,59.1775666666667,davidsonwildcats,2166,3,0.21493314091272497,59.209222269526435
Emily Klaczek,Rice Owls,59.3150833333333,riceowls,NA,NA,0,59.20885706943207
Alexis Smith,Davis & Elkins Senators,59.3021333333334,daviselkinssenators,NA,NA,0,59.19614354216052
Sylena Peterson,New Mexico State Aggies,59.1743833333334,newmexicostateaggies,166,11,0.1427033440452017,59.186844861540536
Laila Grant,Saint Peter's Peacocks,60.2716,saintpeterspeacocks,2612,13,-0.7445170244651927,59.185514899397496
Mimi McCollister,Arkansas State Red Wolves,59.36075,arkansasstateredwolves,2032,27,-0.06224989283771565,59.1841882006367
Madison Greene,Vanderbilt Commodores,58.7476666666667,vanderbiltcommodores,238,23,2.220381999275397,59.17936521899968
Erica Adams,Cal State Northridge Matadors,59.92925,calstatenorthridgematadors,2463,9,-0.518954747209004,59.17650220671794
Brooklyn Rewers,Hawai'i Rainbow Wahine,59.9218833333334,hawaiirainbowwahine,62,9,-0.518954747209004,59.170057141872945
Olivia Kulyk,NJIT Highlanders,59.9740333333333,njithighlanders,2885,1,-0.5587271973835142,59.166929819313864
Izzy Sullivan,Nevada Wolf Pack,59.2707833333333,nevadawolfpack,NA,NA,0,59.16536444129046
Trinity White,Murray State Racers,59.0860166666667,murraystateracers,93,18,0.3818613853103341,59.160838878921666
Zoli Khalil,VCU Rams,59.1294,vcurams,2670,3,0.21493314091272497,59.16079204632441
Aniyah Offutt,Life University Running Eagles,59.2647166666667,lifeuniversityrunningeagles,NA,NA,0,59.159407996064616
Mariana Espinosa,LeTourneau Yellow Jackets,59.2640333333333,letourneauyellowjackets,NA,NA,0,59.158737072595244
Maddi Cluse,Clemson Tigers,58.7417166666667,clemsontigers,228,2,1.7410828106998104,59.147898355315846
Isys Grady,Robert Morris Colonials,59.2501499999999,robertmorriscolonials,NA,NA,0,59.145105644014464
Lexi Rubel,UT Martin Skyhawks,59.80545,utmartinskyhawks,2630,20,-0.46568010292818823,59.13162703546582
Peyton Scott,Oregon Ducks,58.7019666666667,oregonducks,2483,7,1.8898677492822935,59.13017111629411
Tionna Lidge,Southern Jaguars,60.8516,southernjaguars,2582,26,-1.1266675637845338,59.12463019362374
Kailyn Gilbert,LSU Tigers,58.6958333333333,lsutigers,99,23,2.220381999275397,59.12357040398353
Kenna Gibson,St. Thomas (TX) Celts,59.2223,stthomastxcelts,NA,NA,0,59.117759660278914
Gabby Moore,Bellevue University Bruins,59.2211166666667,bellevueuniversitybruins,NA,NA,0,59.116597703817696
Kaydn Mew,La Sierra Golden Eagles,59.2155166666667,lasierragoldeneagles,NA,NA,0,59.11109882503103
Samantha Oase,Dickinson State (ND) Blue Hawks,59.2088833333333,dickinsonstatendbluehawks,NA,NA,0,59.10458518126294
Amy Jackson,Cleary University Cougars,59.206,clearyuniversitycougars,NA,NA,0,59.10175384306391
Carmen Yanez,UMBC Retrievers,59.8794166666667,umbcretrievers,2378,1,-0.5587271973835142,59.08490796136386
Elsa Lemmila,Ohio State Buckeyes,58.6598,ohiostatebuckeyes,194,7,1.8898677492822935,59.08479865557626
Mia Wilson,Christopher Newport University Captains,59.1835333333334,christophernewportuniversitycaptains,NA,NA,0,59.079691680333305
Lana Wenger,Portland State Vikings,59.1993166666667,portlandstatevikings,2502,5,-0.02468095143188219,59.068381793777306
Ciara Croker,Marist Red Foxes,60.1199333333334,maristredfoxes,2368,13,-0.7445170244651927,59.06050189485211
Nya Valentine,UL Monroe Warhawks,59.2205333333333,ulmonroewarhawks,2433,27,-0.06224989283771565,59.04818249575511
Amy Cotton,Houston Christian Huskies,59.6532666666667,houstonchristianhuskies,2277,25,-0.4220080591350636,59.04727918872351
Talia Harris,Mercer Bears,59.7113333333333,mercerbears,2382,24,-0.4695431161729573,59.043524980664095
Jocelyn Tate,Southern Jaguars,60.73775,southernjaguars,2582,26,-1.1266675637845338,59.04169648087087
Lauryn Scalice,Nelson Lions,59.1379666666667,nelsonlions,NA,NA,0,59.034941961620376
Grace O'Gara,West Georgia Wolves,59.1361,westgeorgiawolves,NA,NA,0,59.033108663004995
Miah Meyer,Green Bay Phoenix,59.1346666666667,greenbayphoenix,NA,NA,0,59.03170094630082
Tamia Jones,Wake Forest Demon Deacons,58.6294666666667,wakeforestdemondeacons,154,2,1.7410828106998104,59.027606890128396
Madilyn Dogs,NJIT Highlanders,59.8130833333333,njithighlanders,2885,1,-0.5587271973835142,59.02732055387232
Taylor Gordon,Jarvis Christian Bulldogs,59.1217166666667,jarvischristianbulldogs,NA,NA,0,59.018982182225315
Payton Rechlicz,Milwaukee Panthers,59.11635,milwaukeepanthers,NA,NA,0,59.013711233691964
Jaelyn Morrison,Western New Mexico Mustangs,59.1132166666667,westernnewmexicomustangs,NA,NA,0,59.01063375586442
Faith Burch,Youngstown State Penguins,59.11,youngstownstatepenguins,NA,NA,0,59.00747440751609
Callie Cooper,Grand Canyon Lopes,59.4582666666667,grandcanyonlopes,2253,30,-0.3067245555951177,59.00201340164149
Elisabeth Peebles,Johns Hopkins University Blue Jays,59.1036166666667,johnshopkinsuniversitybluejays,NA,NA,0,59.001204751762366
Romi Levy,South Florida Bulls,59.0994333333334,southfloridabulls,NA,NA,0,58.99709586820762
Megan Harkey,Pepperdine Waves,58.9807666666667,pepperdinewaves,2492,29,0.15617675887640683,58.9962729188282
Kristian Young,UIC Flames,58.9206333333334,uicflames,82,18,0.3818613853103341,58.993322094527485
Raven Thompson,Clemson Tigers,58.5927666666667,clemsontigers,228,2,1.7410828106998104,58.98830286137428
Grace Thybulle,Yale Bulldogs,58.9654166666667,yalebulldogs,43,12,0.1841164774285017,58.9880335436272
Kearra Jones,Mississippi Valley State Devilettes,60.6620666666667,mississippivalleystatedevilettes,2400,26,-1.1266675637845338,58.986347646008106
Kaylah Turner,Temple Owls,59.0864666666667,templeowls,NA,NA,0,58.98435971930766
Maria Rodriguez,College Of Biblical Studies Ambassadors,59.0816833333333,collegeofbiblicalstudiesambassadors,NA,NA,0,58.97966132852625
Molly Moffitt,UAB Blazers,59.0816666666667,uabblazers,NA,NA,0,58.979644957738
Charnita Brooks,Blue Mountain College Toppers,59.0725166666667,bluemountaincollegetoppers,NA,NA,0,58.97065730196507
Ciante Downs,UL Monroe Warhawks,59.1404,ulmonroewarhawks,2433,27,-0.06224989283771565,58.97042308365482
Bailey Stewart,Alice Lloyd College Eagles,59.07005,alicelloydcollegeeagles,NA,NA,0,58.96823436846785
Amiah Simmons,San José State Spartans,59.06725,sanjosstatespartans,NA,NA,0,58.965483995186915
Aubrie Rademacher,Montana Tech Orediggers,59.05355,montanatechorediggers,NA,NA,0,58.95202656131025
Liisa Taponen,Akron Zips,59.1165166666667,akronzips,2006,14,-0.06421715182798006,58.945138198767296
Candice Lienafa,Davidson Wildcats,58.9071333333334,davidsonwildcats,2166,3,0.21493314091272497,58.93732958853081
Shannon Niles,Kentucky State Thorobreds,59.03335,kentuckystatethorobreds,NA,NA,0,58.93218345595667
Kailee Mulkey,Texas Lutheran Bulldogs,59.033,texaslutheranbulldogs,NA,NA,0,58.93183963182455
Zachara Perkins,Rutgers Scarlet Knights,58.5174333333333,rutgersscarletknights,164,7,1.8898677492822935,58.93173627165055
Zeynep Ozel,Dartmouth Big Green,58.9041166666667,dartmouthbiggreen,159,12,0.1841164774285017,58.92649161841844
Jenna Villa,Washington State Cougars,58.9047333333333,washingtonstatecougars,265,29,0.15617675887640683,58.92003421144632
Wakiryah Daniels,Delta State Statesmen,59.0159166666667,deltastatestatesmen,NA,NA,0,58.915057410786545
Olivia Wagner,Winthrop Eagles,60.9516666666667,winthropeagles,2737,6,-1.3272392548610852,58.91419012697953
Jeni Levine,South Carolina Upstate Spartans,60.9477333333334,southcarolinaupstatespartans,2908,6,-1.3272392548610852,58.9115161145289
Katie Criswell,North Alabama Lions,59.0120499999999,northalabamalions,NA,NA,0,58.911258808912805
Evan Miller,UNC Wilmington Seahawks,59.58735,uncwilmingtonseahawks,350,10,-0.4891651654627686,58.9107843175779
Mackenzie Chatfield,Western Kentucky Lady Toppers,58.8937833333334,westernkentuckyladytoppers,98,11,0.1427033440452017,58.90564914950265
Lily Carmody,Butler Bulldogs,58.6422833333334,butlerbulldogs,2086,4,1.1815976661979184,58.90533646068729
Ashtyn Arnold,Bellevue University Bruins,58.9897333333334,bellevueuniversitybruins,NA,NA,0,58.88933433754114
Sakhmet Lewis,Old Westbury Panthers,58.9877333333333,oldwestburypanthers,NA,NA,0,58.88736943216188
Erin Woodson,Abilene Christian Wildcats,59.32485,abilenechristianwildcats,2000,30,-0.3067245555951177,58.878885324471995
Olivia Falvey,Sewanee Tigers,58.9785333333333,sewaneetigers,NA,NA,0,58.87833075400447
Trinity Williams,NJIT Highlanders,59.6339333333334,njithighlanders,2885,1,-0.5587271973835142,58.871448026248885
Tyrielle Williams,McNeese Cowgirls,59.45455,mcneesecowgirls,2377,25,-0.4220080591350636,58.868627320793024
Nikki Tom,UC Irvine Anteaters,59.574,ucirvineanteaters,300,9,-0.518954747209004,58.86478619481224
Madison Ruff,Mount St. Mary's Mountaineers,59.87345,mountstmarysmountaineers,116,13,-0.7445170244651927,58.856338449527755
Haley Franklin,Millsaps Majors,58.9448833333334,millsapsmajors,NA,NA,0,58.84526922096155
Delma Zita,UTEP Miners,58.8321333333333,utepminers,2638,11,0.1427033440452017,58.84387106292779
Shun'teria Anumele,Saint Louis Billikens,58.8096666666667,saintlouisbillikens,139,3,0.21493314091272497,58.83934902757044
Amira Brown,San José State Spartans,58.9386666666667,sanjosstatespartans,NA,NA,0,58.839160998453266
Aliah McWhorter,Ohio Bobcats,58.9972333333334,ohiobobcats,195,14,-0.06421715182798006,58.82937783203125
Jaeden Brown,Southern Utah Thunderbirds,59.271016666666704,southernutahthunderbirds,253,30,-0.3067245555951177,58.829156031688136
Kace Urlacher,Chicago State Cougars,61.5664166666667,chicagostatecougars,2130,19,-1.6800381617881592,58.827333014194096
Ajia James,North Carolina A&T Aggies,59.48075,northcarolinaataggies,2448,10,-0.4891651654627686,58.816299723919684
Lisa Tesson,Central Michigan Chippewas,58.9798166666667,centralmichiganchippewas,2117,14,-0.06421715182798006,58.812471174029064
Emily Archibald,Providence Friars,58.5513166666667,providencefriars,2507,4,1.1815976661979184,58.81012723012215
Tessa Chaney,Utah Valley Wolverines,59.2442666666667,utahvalleywolverines,3084,30,-0.3067245555951177,58.80443526736479
Tegan Young,Manhattan Jaspers,59.8065166666666,manhattanjaspers,2363,13,-0.7445170244651927,58.80068644216774
Danyell Booker,Tusculum Pioneers,58.89495,tusculumpioneers,NA,NA,0,58.79620453808162
Natalie Leuzinger,Wisconsin Badgers,58.3869166666666,wisconsinbadgers,275,7,1.8898677492822935,58.79158613272347
Demetria Prewitt,Central Michigan Chippewas,58.9564166666667,centralmichiganchippewas,2117,14,-0.06421715182798006,58.7897546404195
Natalie Rauwolf,Ripon College Red Hawks,58.88425,riponcollegeredhawks,NA,NA,0,58.785689967661426
Lauren Scott,High Point Panthers,60.7604833333333,highpointpanthers,2272,6,-1.3272392548610852,58.78358629607263
Saniah Caldwell,Pennsylvania Quakers,58.7578666666667,pennsylvaniaquakers,219,12,0.1841164774285017,58.77967195063213
Kiarra Henderson,Alcorn State Lady Braves,60.3648666666667,alcornstateladybraves,2016,26,-1.1266675637845338,58.767335921241006
Sole Williams,Texas A&M Aggies,58.36185,texasamaggies,245,23,2.220381999275397,58.764687966340404
Sydney Harris,Iowa State Cyclones,58.39185,iowastatecyclones,66,8,1.627414016520187,58.746911538592286
Cassie Gallagher,South Carolina Upstate Spartans,60.6977833333333,southcarolinaupstatespartans,2908,6,-1.3272392548610852,58.74047468435687
Olivia Moore,Seattle U Redhawks,59.1749166666667,seattleuredhawks,2547,30,-0.3067245555951177,58.74031506460348
Sierra Godbolt,Samford Bulldogs,59.3505666666666,samfordbulldogs,2535,24,-0.4695431161729573,58.72238620902188
Emma Boslet,Saint Joseph's Hawks,58.6927666666667,saintjosephshawks,2603,3,0.21493314091272497,58.72184099775052
Halee Smith,Lafayette Leopards,59.39365,lafayetteleopards,322,22,-0.505160124153813,58.721182818785465
Lena Newby,St. Mary's (TX) Rattlers,58.8185666666667,stmarystxrattlers,NA,NA,0,58.72113944675837
Zyriah Price,Siena Saints,59.7087500000001,sienasaints,2561,13,-0.7445170244651927,58.7192376886899
CeCe Legaspi,California Baptist Lancers,59.15165,californiabaptistlancers,2856,30,-0.3067245555951177,58.71879296787839
Alyssa Staten,Northeastern Huskies,59.3657833333333,northeasternhuskies,111,10,-0.4891651654627686,58.71422501473018
Jala Morgan,Paine Lions,58.8017666666667,painelions,NA,NA,0,58.70462768177098
Chandler Duncan,Defiance Yellow Jackets,58.7915833333334,defianceyellowjackets,NA,NA,0,58.69461876412913
Jacelyn Starks,IU Columbus Crimson Pride,58.7861833333334,iucolumbuscrimsonpride,NA,NA,0,58.689311161731816
Gracyn Hall,Emory & Henry Wasps,58.7797333333333,emoryhenrywasps,NA,NA,0,58.68297144270868
Bre Sutton,Southern Miss Lady Eagles,58.8353666666667,southernmissladyeagles,2572,27,-0.06224989283771565,58.67421204851108
Lilly Parke,Fairleigh Dickinson Knights,61.3042833333333,fairleighdickinsonknights,161,19,-1.6800381617881592,58.672971072910045
Kelly Tumlin,Cal State Northridge Matadors,59.3513666666667,calstatenorthridgematadors,2463,9,-0.518954747209004,58.66850163042818
Maddie Brillhart,Cumberland (TN) Bulldogs,58.7549166666666,cumberlandtnbulldogs,NA,NA,0,58.65857824705086
Ronaltha Marc,Winthrop Eagles,60.5684166666667,winthropeagles,2737,6,-1.3272392548610852,58.65109185520686
MJ Bruno,Montana Lady Griz,58.76105,montanaladygriz,149,5,-0.02468095143188219,58.639774112512846
Kendall Folley,East Tennessee State Bucs,59.25535,easttennesseestatebucs,2193,24,-0.4695431161729573,58.637341868538726
Chloe Mann,Cincinnati Bearcats,58.2879,cincinnatibearcats,2132,8,1.627414016520187,58.636335866854246
Taryn Wharton,Northern Iowa Panthers,58.5676333333334,northerniowapanthers,2460,18,0.3818613853103341,58.63591521354791
Jasmine Payne,East Texas A&M Lions,59.1904666666667,easttexasamlions,2837,25,-0.4220080591350636,58.63046893159876
Jorey Buwalda,Milwaukee Panthers,58.7165833333333,milwaukeepanthers,NA,NA,0,58.62089641683996
Ines Bettencourt,Gonzaga Bulldogs,58.5983166666667,gonzagabulldogs,2250,29,0.15617675887640683,58.61280965192485
Nekhu Mitchell,George Mason Patriots,58.5693333333333,georgemasonpatriots,2244,3,0.21493314091272497,58.59777542265097
Sauda Ntaconayigize,Lafayette Leopards,59.2538166666666,lafayetteleopards,322,22,-0.505160124153813,58.59725995683524
Jess Finney,Loyola Chicago Ramblers,58.5677833333333,loyolachicagoramblers,2350,3,0.21493314091272497,58.59621754673865
Brianna Mead,Long Island University Sharks,61.1268833333333,longislanduniversitysharks,112358,19,-1.6800381617881592,58.56680276163497
Sage Bridges-Bey,San Francisco State Gators,58.65865,sanfranciscostategators,NA,NA,0,58.56394169531716
Chynell Mitchell,UT Rio Grande Valley Vaqueros,59.11125,utriograndevalleyvaqueros,292,25,-0.4220080591350636,58.558866445700616
Mackenzie Blackford,Duquesne Dukes,58.52575,duquesnedukes,2184,3,0.21493314091272497,58.553971229013385
Sara Lewis,George Washington Revolutionaries,58.5147666666666,georgewashingtonrevolutionaries,45,3,0.21493314091272497,58.54293243216171
Jasmine Brown-Hagger,Illinois Fighting Illini,58.1541333333333,illinoisfightingillini,356,7,1.8898677492822935,58.54202371637749
Aaliyah Ringold,Thomas (GA) Night Hawks,58.6298666666666,thomasganighthawks,NA,NA,0,58.535641891107275
Comari Mitchell,Jacksonville Dolphins,58.6271,jacksonvilledolphins,NA,NA,0,58.532921607973194
CeCe Thomas,Hampton Lady Pirates,59.1584833333333,hamptonladypirates,2261,10,-0.4891651654627686,58.52971842997808
LaImani Simmons,UNC Asheville Bulldogs,60.3878166666667,uncashevillebulldogs,2427,6,-1.3272392548610852,58.52534448839905
Julia Plata,Our Lady Of The Lake Saints,58.6173,ourladyofthelakesaints,NA,NA,0,58.52328577449603
Shariah Gailes,Canisius Golden Griffins,59.4626833333333,canisiusgoldengriffins,2099,13,-0.7445170244651927,58.51340734704166
Madison Adamson,Charleston Southern Buccaneers,60.3588333333333,charlestonsouthernbuccaneers,2127,6,-1.3272392548610852,58.50506002350829
Diamond Moore-Heath,Clinton College Golden Bears,58.5954166666667,clintoncollegegoldenbears,NA,NA,0,58.50176828269961
Addisyn Freeman,Findlay Oilers,58.59145,findlayoilers,NA,NA,0,58.49786782052314
Kenadie Lee,Berry Vikings,58.5799833333333,berryvikings,NA,NA,0,58.48659234608411
Cire Worley,Coppin State Eagles,59.7259833333334,coppinstateeagles,2154,16,-0.9745622795118004,58.464807530000414
Ava Ryncarz,John Carroll Blue Streaks,58.5559333333333,johncarrollbluestreaks,NA,NA,0,58.462942439123154
Kalla Bertram,Black Hills State Yellow Jackets,58.5556833333333,blackhillsstateyellowjackets,NA,NA,0,58.4626965916255
Jessica Nerestant,Wiley Wildcats,58.5553666666667,wileywildcats,NA,NA,0,58.46238518460425
Keana Foz,Wagner Seahawks,60.9493666666667,wagnerseahawks,2681,19,-1.6800381617881592,58.459204921978476
Madison Torres,Life Pacific Warriors,58.5514333333334,lifepacificwarriors,NA,NA,0,58.458517163815706
Tayla Yost,Corban University Warriors,58.55115,corbanuniversitywarriors,NA,NA,0,58.45823853392845
Kennedy Perkins,Whittier Poets,58.54775,whittierpoets,NA,NA,0,58.45489496196124
Aryss Macktoon,La Salle Explorers,58.41415,lasalleexplorers,2325,3,0.21493314091272497,58.44181131030164
Rose Caso,Merrimack Warriors,59.3765666666667,merrimackwarriors,2771,13,-0.7445170244651927,58.44109322271846
Regan Atkins,Slippery Rock The Rock,58.5247666666666,slipperyrocktherock,NA,NA,0,58.43229242652465
Annie Ramil,Samford Bulldogs,59.0255666666667,samfordbulldogs,2535,24,-0.4695431161729573,58.43162234305595
Liz Scott,Oklahoma Sooners,58.0509333333333,oklahomasooners,201,23,2.220381999275397,58.43154802641956
Que Huffman,Miami (OH)-Hamilton Harriers,58.51675,miamiohhamiltonharriers,NA,NA,0,58.42440831957265
Mya Williams,Georgia State Panthers,58.5770166666666,georgiastatepanthers,2247,27,-0.06224989283771565,58.423073158896486
Mackenzie Carter,Arkansas Baptist Buffaloes,58.5102,arkansasbaptistbuffaloes,NA,NA,0,58.41796652597443
Alexis Durham,Mount Olive Trojans,58.5004,mountolivetrojans,NA,NA,0,58.4083282526948
Rahkhia Mack,Southern Wesleyan Warriors,58.4969,southernwesleyanwarriors,NA,NA,0,58.404885962909994
Kaiya Creek,Howard Bison,59.6444666666666,howardbison,47,16,-0.9745622795118004,58.40039832796587
Ka'Miah Pryor,Cedarville Yellow Jackets,58.49045,cedarvilleyellowjackets,NA,NA,0,58.3985422466207
Averi Kroenke,Missouri Tigers,58.0193333333334,missouritigers,142,23,2.220381999275397,58.39774001845391
Allison Clarke,Loyola Marymount Lions,58.3808,loyolamarymountlions,2351,29,0.15617675887640683,58.39473840900958
Elise Hill,Tulsa Golden Hurricane,58.4839833333333,tulsagoldenhurricane,NA,NA,0,58.39218204987226
Larken Hoar,Park University Gilbert Buccaneers,58.4820333333333,parkuniversitygilbertbuccaneers,NA,NA,0,58.39026413812356
Marlie Dickerson,Niagara Purple Eagles,59.3161166666667,niagarapurpleeagles,315,13,-0.7445170244651927,58.390246352160496
Katie Vasecka,South Dakota State Jackrabbits,58.47925,southdakotastatejackrabbits,NA,NA,0,58.38752659203188
Shelby Calhoun,Stetson Hatters,58.4631500000001,stetsonhatters,NA,NA,0,58.37169112372321
A'Niya Young,Fisk Bulldogs,58.4605500000001,fiskbulldogs,NA,NA,0,58.369133791748084
Kiley Capstraw,Yale Bulldogs,58.3459333333334,yalebulldogs,43,12,0.1841164774285017,58.36619010466832
Anya Poole,Clemson Tigers,58.0102333333334,clemsontigers,228,2,1.7410828106998104,58.36606090308515
Laila Anderson,Elon Phoenix,58.97165,elonphoenix,2210,10,-0.4891651654627686,58.3629355938442
Mariyah Person,Cumberland (TN) Bulldogs,58.4511166666667,cumberlandtnbulldogs,NA,NA,0,58.359855146895704
Makiah Asidanya,UNC Greensboro Spartans,58.92035,uncgreensborospartans,2430,24,-0.4695431161729573,58.3371980155636
Jayla Dendy,Paine Lions,58.4275666666666,painelions,NA,NA,0,58.33669050205283
Mykah Anderson,West Georgia Wolves,58.4250333333334,westgeorgiawolves,NA,NA,0,58.33419855270975
Azyah Newson-Cole,IU Indianapolis Jaguars,58.4218833333334,iuindianapolisjaguars,NA,NA,0,58.33109999158047
Mireia Yespes,McNeese Cowgirls,58.8537333333333,mcneesecowgirls,2377,25,-0.4220080591350636,58.32559146558564
Lina Pagan,Bluefield University Ramblin' Rams,58.4071333333334,bluefielduniversityramblinrams,NA,NA,0,58.31659057822982
Keshunti Nichols,Charleston Southern Buccaneers,60.0906666666667,charlestonsouthernbuccaneers,2127,6,-1.3272392548610852,58.31602772704521
Kendall Eddy,Holy Cross Crusaders,58.91555,holycrosscrusaders,107,22,-0.505160124153813,58.296369393726785
Ashlyn Jones,Louisiana Ragin' Cajuns,58.4418500000001,louisianaragincajuns,309,27,-0.06224989283771565,58.29158563338801
Valentina Ojeda,VCU Rams,58.2596833333333,vcurams,2670,3,0.21493314091272497,58.28658287845959
Caitlyn Corley,Sul Ross State Lobos,58.3763333333333,sulrossstatelobos,NA,NA,0,58.28629148099901
Zakiya Stephenson,James Madison Dukes,58.43385,jamesmadisondukes,256,27,-0.06224989283771565,58.283801392312625
Bree Robinson,James Madison Dukes,58.4310166666667,jamesmadisondukes,256,27,-0.06224989283771565,58.28104442032807
Andjela Matic,Duquesne Dukes,58.2499833333334,duquesnedukes,2184,3,0.21493314091272497,58.27683555069394
Hali Savela,Jamestown Jimmies,58.3660833333334,jamestownjimmies,NA,NA,0,58.276207735887056
Sara Wohlgemuth,North Alabama Lions,58.3614666666667,northalabamalions,NA,NA,0,58.271665879549175
Jess Bickart,Allegheny Gators,58.35135,alleghenygators,NA,NA,0,58.26171299127244
Talayah Walker,Penn State Lady Lions,57.8796833333333,pennstateladylions,213,7,1.8898677492822935,58.24844258146445
Cha Gardner,Stephen F. Austin Ladyjacks,58.7679333333334,stephenfaustinladyjacks,2617,25,-0.4220080591350636,58.24769681237853
Ola Ustowska,Wyoming Cowgirls,58.3332,wyomingcowgirls,NA,NA,0,58.24385628401188
Semaya Turner,Towson Tigers,58.8321166666667,towsontigers,119,10,-0.4891651654627686,58.238076057733025
Jamie Cowan,Alice Lloyd College Eagles,58.3181666666667,alicelloydcollegeeagles,NA,NA,0,58.22906535844405
Kyrah Davis,Johnson & Wales (NC) Wildcats,58.3175333333334,johnsonwalesncwildcats,NA,NA,0,58.22844222704658
Cheyenne Rowe,UTSA Roadrunners,58.30945,utsaroadrunners,NA,NA,0,58.22048902907562
Ella Van Weelden,Northern Colorado Bears,58.33035,northerncoloradobears,2458,5,-0.02468095143188219,58.21805755715209
Allison Owens,Texas A&M-Texarkana Eagles,58.3021666666667,texasamtexarkanaeagles,NA,NA,0,58.21332283494099
Cassidy Arni,UW-Parkside Rangers,58.2997333333333,uwparksiderangers,NA,NA,0,58.21092861269781
Kambree Barber,BYU Cougars,57.8866166666667,byucougars,252,8,1.627414016520187,58.21030889797832
Rakia Lee,Texas College Steers,58.2988166666667,texascollegesteers,NA,NA,0,58.21002667645915
Toree Jackson,Harris-Stowe State Hornets,58.2987666666667,harrisstowestatehornets,NA,NA,0,58.20997747988665
Brynn Lusby,Incarnate Word Cardinals,58.7248666666667,incarnatewordcardinals,2916,25,-0.4220080591350636,58.20856616720579
Ivet Subirats,Florida A&M Rattlers,59.61905,floridaamrattlers,50,26,-1.1266675637845338,58.206338872125244
Jayden Burns,Post University Eagles,58.2941500000001,postuniversityeagles,NA,NA,0,58.2054349738999
Kiandra Browne,Duquesne Dukes,58.17785,duquesnedukes,2184,3,0.21493314091272497,58.20435214121161
Jordan Lee,Texas Longhorns,57.8376333333334,texaslonghorns,251,23,2.220381999275397,58.20352270947492
Kayl Petersen,Virginia Tech Hokies,57.84775,virginiatechhokies,259,2,1.7410828106998104,58.19303539243151
Alaina Nettles,Charleston Southern Buccaneers,59.9155833333333,charlestonsouthernbuccaneers,2127,6,-1.3272392548610852,58.191307659382716
Amber Abusbeih,Staten Island Dolphins,58.2794166666667,statenislanddolphins,NA,NA,0,58.19093801515847
Natalie Johnson,St. Francis (PA) Red Flash,60.5088833333333,stfrancisparedflash,2598,19,-1.6800381617881592,58.186432540735524
Annika Stewart,Minnesota Golden Gophers,57.81635,minnesotagoldengophers,135,7,1.8898677492822935,58.18079296040285
Kayla Gordon,Cumberland (TN) Bulldogs,58.2678833333333,cumberlandtnbulldogs,NA,NA,0,58.17958940176351
Amani Coursey,Cheyney (PA) Wolves,58.2668666666666,cheyneypawolves,NA,NA,0,58.17858900493963
Olivia Tucker,Campbell Fighting Camels,58.7489333333333,campbellfightingcamels,2097,10,-0.4891651654627686,58.16351953081276
Jocelyn Janda,Hiram Terriers,58.2418,hiramterriers,NA,NA,0,58.153922803775785
Makiyah Williams,UIC Flames,58.0812666666667,uicflames,82,18,0.3818613853103341,58.14379565548694
Tierra Sylvas,Southern-New Orleans Knights,58.22745,southernneworleansknights,NA,NA,0,58.13980147244091
Abbey Lindsey,UMass Lowell River Hawks,58.7978333333334,umasslowellriverhawks,2349,1,-0.5587271973835142,58.13753209824879
Saniya Keys,Oakwood Ambassadors,58.2173166666667,oakwoodambassadors,NA,NA,0,58.12982935756321
Ava Hawthorne,Drake Bulldogs,58.0639833333333,drakebulldogs,2181,18,0.3818613853103341,58.12631453518303
Eunice Silong,Bryant & Stratton Bobcats,58.2030166666667,bryantstrattonbobcats,NA,NA,0,58.11575650464915
Elle Blatchford,Gardner-Webb Runnin' Bulldogs,59.8084833333333,gardnerwebbrunninbulldogs,2241,6,-1.3272392548610852,58.114514037494104
Zaire Harrell,Kansas City Roos,58.2006000000001,kansascityroos,NA,NA,0,58.11337818350189
Jamisyn Stinson,North Florida Ospreys,58.1977833333333,northfloridaospreys,NA,NA,0,58.11060619395194
Kiki Roberts,Tennessee State Lady Tigers,58.65855,tennesseestateladytigers,2634,20,-0.46568010292818823,58.10543126615328
Kamaria Murray,Oakwood Ambassadors,58.1910333333333,oakwoodambassadors,NA,NA,0,58.103963193643
Jamia Hazell,James Madison Dukes,58.2423999999999,jamesmadisondukes,256,27,-0.06224989283771565,58.09744883352606
Jacy Reese,Jarvis Christian Bulldogs,58.1742666666667,jarvischristianbulldogs,NA,NA,0,58.087461901500056
Tanasha Mills,Dominican (NY) Chargers,58.1625833333334,dominicannychargers,NA,NA,0,58.07596314306615
Jo Oly,Houston Christian Huskies,58.5673333333334,houstonchristianhuskies,2277,25,-0.4220080591350636,58.065249452121094
Ruba Abo Hashesh,Bradley Braves,58.0006333333334,bradleybraves,71,18,0.3818613853103341,58.06224341047413
Ella Sellars,Cedarville Yellow Jackets,58.1481,cedarvilleyellowjackets,NA,NA,0,58.06170822863819
Nina Solomon,Fort Lauderdale Eagles,58.14245,fortlauderdaleeagles,NA,NA,0,58.05614721847431
Selina Monestime,Central Connecticut Blue Devils,60.2795,centralconnecticutbluedevils,2115,19,-1.6800381617881592,58.04117633366321
Summah Evans,Clemson Tigers,57.7036666666667,clemsontigers,228,2,1.7410828106998104,58.03979360404661
Arin Freeman,UIC Flames,57.9754166666667,uicflames,82,18,0.3818613853103341,58.0367413718504
Diawna Carter-Hartley,Stetson Hatters,58.11835,stetsonhatters,NA,NA,0,58.03242606565911
Isabella Suero,Johnson & Wales (RI) Griffins,58.1153333333333,johnsonwalesrigriffins,NA,NA,0,58.02945673628835
Tracey Bershers,UAB Blazers,58.1153166666667,uabblazers,NA,NA,0,58.02944033110184
Anisha Chintala,Carnegie Mellon Tartans,58.1118,carnegiemellontartans,NA,NA,0,58.025978823969474
Gabby Wilke,South Dakota Coyotes,58.1098166666667,southdakotacoyotes,NA,NA,0,58.024026588364755
Anja Bukvic,Idaho Vandals,58.12975,idahovandals,70,5,-0.02468095143188219,58.02147426014587
Jessica Grant,UC Santa Barbara Gauchos,58.60145,ucsantabarbaragauchos,2540,9,-0.518954747209004,58.00221324921397
Kailey Starks,Detroit Mercy Titans,58.0865666666667,detroitmercytitans,NA,NA,0,58.001140535306654
Rebekah Gordon,South Carolina Upstate Spartans,59.6366,southcarolinaupstatespartans,2908,6,-1.3272392548610852,57.990481574347974
Ally Criddle,Utah Valley Wolverines,58.364,utahvalleywolverines,3084,30,-0.3067245555951177,57.98730096855372
Kailyn Fields,Kennesaw State Owls,57.9755333333334,kennesawstateowls,338,11,0.1427033440452017,57.98559234710182
Alexis Andrews,Charlotte 49ers,58.0614166666666,charlotte49ers,NA,NA,0,57.9763829766633
Claire McDougall,Bradley Braves,57.9155,bradleybraves,71,18,0.3818613853103341,57.97615044810726
Molly Lenz,North Dakota State Bison,58.0411666666666,northdakotastatebison,NA,NA,0,57.95644801784078
Kylee Blacksten,West Virginia Mountaineers,57.63965,westvirginiamountaineers,277,8,1.627414016520187,57.94875869718669
Makayla Firebaugh,Radford Highlanders,59.5771333333333,radfordhighlanders,2515,6,-1.3272392548610852,57.94734570967653
Deivejon Harris,Texas Southern Tigers,59.2764333333333,texassoutherntigers,2640,26,-1.1266675637845338,57.94333085656793
Dianis Hurtado,Life University Running Eagles,58.0198666666667,lifeuniversityrunningeagles,NA,NA,0,57.935478490809665
Tomi Hinkle,Tiffin Dragons,58.0136666666667,tiffindragons,NA,NA,0,57.92937451094904
Lauryn Milne,Wisconsin-La Crosse Eagles,58.0099666666666,wisconsinlacrosseeagles,NA,NA,0,57.92573177596767
McKeeley Tonkin,Warner Pacific Knights,58.0093,warnerpacificknights,NA,NA,0,57.92507542435717
Aysia Hinton,North Carolina Central Eagles,59.0480666666666,northcarolinacentraleagles,2428,16,-0.9745622795118004,57.92420013324931
Grace Ann Rose,Faulkner Eagles,57.9980833333334,faulknereagles,NA,NA,0,57.91403217279429
Amaya Williams,Central Connecticut Blue Devils,60.07705,centralconnecticutbluedevils,2115,19,-1.6800381617881592,57.911182238685846
Taedom Stein,Cleary University Cougars,57.9837,clearyuniversitycougars,NA,NA,0,57.89987083812454
Emily Wilson,Johnson University (TN) Royals,57.9771666666667,johnsonuniversitytnroyals,NA,NA,0,57.89343820419803
Tabitha Betson,Colorado Buffaloes,57.5850666666667,coloradobuffaloes,38,8,1.627414016520187,57.89101717007025
Chantelle Stuart,Furman Paladins,58.4220166666667,furmanpaladins,231,24,-0.4695431161729573,57.88808836493643
Bella Weary,Arkansas State Red Wolves,58.0153500000001,arkansasstateredwolves,2032,27,-0.06224989283771565,57.87628190575619
Olivia Hutcherson,Princeton Tigers,57.8507333333334,princetontigers,163,12,0.1841164774285017,57.86923501974069
Soniyah Reed,Southern Jaguars,59.1763333333333,southernjaguars,2582,26,-1.1266675637845338,57.8658773066536
Maddie Vejsicky,Akron Zips,58.0045833333333,akronzips,2006,14,-0.06421715182798006,57.86406390808691
Rhyan Mogel,Portland Pilots,57.8452666666667,portlandpilots,2501,29,0.15617675887640683,57.85790478703229
Jenna Bowers,IU Columbus Crimson Pride,57.9262833333334,iucolumbuscrimsonpride,NA,NA,0,57.843336180379104
Mya Petticord,Rutgers Scarlet Knights,57.4985666666666,rutgersscarletknights,164,7,1.8898677492822935,57.841899505024635
Phoenix Gedeon,St. John's Red Storm,57.5900166666667,stjohnsredstorm,2599,4,1.1815976661979184,57.80694969307626
Eli Clark,Le Moyne Dolphins,59.9126333333333,lemoynedolphins,2330,19,-1.6800381617881592,57.80438753970614
Aliya McIver,Rider Broncs,58.6191833333333,riderbroncs,2520,13,-0.7445170244651927,57.79902945194134
Sandra Frau-Garcia,UIC Flames,57.7325833333334,uicflames,82,18,0.3818613853103341,57.79120828956233
Petra Oborilova,Xavier Musketeers,57.5747166666667,xaviermusketeers,2752,4,1.1815976661979184,57.7910255693414
Hannah Wickstrom,UC Riverside Highlanders,58.3540333333333,ucriversidehighlanders,27,9,-0.518954747209004,57.780705744986555
Jordan Hodges,Liberty Flames,57.76945,libertyflames,2335,11,0.1427033440452017,57.77913242641033
Sadie Shores,Tulane Green Wave,57.84545,tulanegreenwave,NA,NA,0,57.763733274495515
Nikola Zdenkova,Saint Peter's Peacocks,58.5638166666666,saintpeterspeacocks,2612,13,-0.7445170244651927,57.75167455452068
Ayden Krupke,Bushnell Beacons,57.8315666666667,bushnellbeacons,NA,NA,0,57.75005994634944
Belen Morales Lopez,New Hampshire Wildcats,58.3593166666667,newhampshirewildcats,160,1,-0.5587271973835142,57.748508987859424
Berry Wallace,Illinois Fighting Illini,57.4086333333333,illinoisfightingillini,356,7,1.8898677492822935,57.74615549110814
LaNae' Corbett,Hofstra Pride,58.2849833333333,hofstrapride,2275,10,-0.4891651654627686,57.74605516528567
Ornella Niankan,Wichita State Shockers,57.8253833333334,wichitastateshockers,NA,NA,0,57.743970020161925
Kylie Krise,Chadron State Eagles,57.8141,chadronstateeagles,NA,NA,0,57.732856938284094
Paris Atuahene,Emmanuel (MA) Lions,57.8129500000001,emmanuelmalions,NA,NA,0,57.73172427601673
Zy'Nyia White,Alcorn State Lady Braves,58.9918,alcornstateladybraves,2016,26,-1.1266675637845338,57.72237734011611
Lauren Huber,Holy Cross Crusaders,58.2707,holycrosscrusaders,107,22,-0.505160124153813,57.71853022321509
Addison Harris,Montana State Bobcats,57.82025,montanastatebobcats,147,5,-0.02468095143188219,57.71796805528774
Angena Belloso,Florida International Panthers,57.6929000000001,floridainternationalpanthers,2229,11,0.1427033440452017,57.70244515499869
Halle Smith,SIU Edwardsville Cougars,58.1992166666666,siuedwardsvillecougars,2565,20,-0.46568010292818823,57.68979595100352
Alexis Giles,Point Park Pioneers,57.7696333333333,pointparkpioneers,NA,NA,0,57.68905873565882
Gabby Martin,Miami (OH)-Hamilton Harriers,57.7655333333333,miamiohhamiltonharriers,NA,NA,0,57.685020171563764
Shaunae Brown,Arkansas State Red Wolves,57.7991833333333,arkansasstateredwolves,2032,27,-0.06224989283771565,57.66555549770123
Mallory Bruce,Coastal Carolina Chanticleers,57.7895833333333,coastalcarolinachanticleers,324,27,-0.06224989283771565,57.65619350697257
Taleah Washington,Wagner Seahawks,59.6729666666667,wagnerseahawks,2681,19,-1.6800381617881592,57.64677827937537
Gabrielle Joyner,Oakland City Mighty Oaks,57.7238666666667,oaklandcitymightyoaks,NA,NA,0,57.64397595165548
Laura Nogues,American University Eagles,58.1836666666666,americanuniversityeagles,44,22,-0.505160124153813,57.640126471006845
Marisa Chapman,Yale Bulldogs,57.6217000000001,yalebulldogs,43,12,0.1841164774285017,57.63942805533747
Kyra Bruyndoncx,Davidson Wildcats,57.6155166666667,davidsonwildcats,2166,3,0.21493314091272497,57.63940096405094
Kayleigh Heckel,USC Trojans,57.3079000000001,usctrojans,30,7,1.8898677492822935,57.63899809483534
Brooklynn Hankwitz,Montana Tech Orediggers,57.7147833333334,montanatechorediggers,NA,NA,0,57.635027852654986
Sara-Rose Smith,Colorado Buffaloes,57.3362,coloradobuffaloes,38,8,1.627414016520187,57.628044603234166
Jacee Glasgow,Crown College Storm,57.70375,crowncollegestorm,NA,NA,0,57.62415856495697
Kaiya Mack,Cal Lutheran Kingsmen,57.69775,callutherankingsmen,NA,NA,0,57.6182476725348
Alexa Quirolo,Staten Island Dolphins,57.6975166666666,statenislanddolphins,NA,NA,0,57.618017803051885
Brianna Williams,Le Moyne Dolphins,59.6285166666667,lemoynedolphins,2330,19,-1.6800381617881592,57.61729696979665
Shae Mercer,Haverford Fords,57.68975,haverfordfords,NA,NA,0,57.61036637145048
Monet Dance,William & Mary Tribe,58.1334666666667,williammarytribe,2729,10,-0.4891651654627686,57.609131613770295
Ever Walker,Cumberland (TN) Bulldogs,57.6867833333333,cumberlandtnbulldogs,NA,NA,0,57.60744369001484
Toni Papahronis,Navy Midshipmen,58.1441833333334,navymidshipmen,2426,22,-0.505160124153813,57.60452613619509
Alexandra Eldredge,Dartmouth Big Green,57.5857,dartmouthbiggreen,159,12,0.1841164774285017,57.60330860063905
Jada Tiggett,North Carolina Central Eagles,58.6480833333334,northcarolinacentraleagles,2428,16,-0.9745622795118004,57.60006382536429
Kaydan Lawson,Seton Hall Pirates,57.3840166666667,setonhallpirates,2550,4,1.1815976661979184,57.592654317578464
Raynne Malik,St. Mary's (TX) Rattlers,57.67175,stmarystxrattlers,NA,NA,0,57.5926329798124
Tabitha Amanze,Princeton Tigers,57.5602833333334,princetontigers,163,12,0.1841164774285017,57.577807945094
Jane Nwaba,Vanderbilt Commodores,57.2473833333333,vanderbiltcommodores,238,23,2.220381999275397,57.574664681441796
Caranda Perea,Quinnipiac Bobcats,58.35325,quinnipiacbobcats,2514,13,-0.7445170244651927,57.57107014771745
Tessa Kinney,Simpson University (CA) Red Hawks,57.6424666666667,simpsonuniversitycaredhawks,NA,NA,0,57.563782007509495
Emaleigh Tarpley,Cumberland (TN) Bulldogs,57.6418166666666,cumberlandtnbulldogs,NA,NA,0,57.56314158535163
Avery Lee,Yale Bulldogs,57.54325,yalebulldogs,43,12,0.1841164774285017,57.56071848644843
Tamana Sharifi,Lincoln (CA) Oaklanders,57.63725,lincolncaoaklanders,NA,NA,0,57.55864218562661
Pien Steenbergen,Liberty Flames,57.5473333333334,libertyflames,2335,11,0.1427033440452017,57.556621312857835
Asia Pearley,Southern Wesleyan Warriors,57.63345,southernwesleyanwarriors,NA,NA,0,57.55489812817021
Jasmine Edwards,Detroit Mercy Titans,57.6293666666667,detroitmercytitans,NA,NA,0,57.55087487674606
Anala Nelson,Austin Peay Governors,57.6245833333334,austinpeaygovernors,NA,NA,0,57.546161883208896
Destiny Wallace,Georgian Court University Lions,57.62145,georgiancourtuniversitylions,NA,NA,0,57.54307460163861
Sky Dugan,UNT Dallas Trailblazers,57.6171166666667,untdallastrailblazers,NA,NA,0,57.53880492499419
Rhys Anderson,Central Baptist College Mustangs,57.6150333333334,centralbaptistcollegemustangs,NA,NA,0,57.536752182653736
Destiny Whitaker,Incarnate Word Cardinals,57.9853166666667,incarnatewordcardinals,2916,25,-0.4220080591350636,57.53334141859224
Kennedy Townsend,Creighton Bluejays,57.3268666666667,creightonbluejays,156,4,1.1815976661979184,57.53324395655434
Georgia Grigoropoulou,Santa Clara Broncos,57.5188333333334,santaclarabroncos,2541,29,0.15617675887640683,57.530722970151956
Caroline Dotsey,Maine Black Bears,58.1132333333333,maineblackbears,311,1,-0.5587271973835142,57.529010904560735
Tatyana Wyche,East Carolina Pirates,57.60695,eastcarolinapirates,NA,NA,0,57.528787461353026
Jenna Guyer,Green Bay Phoenix,57.60025,greenbayphoenix,NA,NA,0,57.52218567722807
Claire Gregwer,Aquinas Saints,57.5984333333333,aquinassaints,NA,NA,0,57.520395625994674
Grace Abercrombie,Northeastern State RiverHawks,57.5978833333333,northeasternstateriverhawks,NA,NA,0,57.51985368259639
Alyse Aby,Idaho State Bengals,57.6176666666667,idahostatebengals,304,5,-0.02468095143188219,57.519176827805964
Johanna Teder,Colorado Buffaloes,57.23015,coloradobuffaloes,38,8,1.627414016520187,57.5161282259449
Cyanne Coe,Fairfield Stags,58.2798666666666,fairfieldstags,2217,13,-0.7445170244651927,57.507941524025384
Leilani Guion,Troy Trojans,57.6242,troytrojans,2653,27,-0.06224989283771565,57.49486298831591
Bibi Mercado,Trinity Christian (IL) Trolls,57.5638,trinitychristianiltrolls,NA,NA,0,57.48626845322381
Mya Wasswa,Coker Cobras,57.5604833333333,cokercobras,NA,NA,0,57.48300013541306
Lisa Thomas,Kansas City Roos,57.5594000000001,kansascityroos,NA,NA,0,57.48193258974057
Lily Shepherd,Ohio Christian Trailblazers,57.5582833333333,ohiochristiantrailblazers,NA,NA,0,57.48083219409745
Tahmala Thorpe,Slippery Rock The Rock,57.5574666666667,slipperyrocktherock,NA,NA,0,57.4800274255852
Najah Lane,Delaware State Hornets,58.4910833333333,delawarestatehornets,2169,16,-0.9745622795118004,57.47181755321669
Crystal Schultz,Prairie View A&M Lady Panthers,58.6645666666666,prairieviewamladypanthers,2504,26,-1.1266675637845338,57.465661154540584
Nnenna Orji,Cal State Northridge Matadors,58.00275,calstatenorthridgematadors,2463,9,-0.518954747209004,57.46482327636781
Shaunice Reed,South Carolina State Lady Bulldogs,58.4765,southcarolinastateladybulldogs,2569,16,-0.9745622795118004,57.45987637127831
Ava Lickliter,Goshen Maple Leafs,57.5354333333334,goshenmapleleafs,NA,NA,0,57.45831460582446
Shelby Fiddler,Presbyterian Blue Hose,58.9106833333333,presbyterianbluehose,2506,6,-1.3272392548610852,57.45619031067703
Helena Rafnsdottir,North Florida Ospreys,57.5322333333333,northfloridaospreys,NA,NA,0,57.45516107631463
Devin Hagemann,East Carolina Pirates,57.5278000000001,eastcarolinapirates,NA,NA,0,57.45079209083436
Kylee Mabry,Utah Valley Wolverines,57.78445,utahvalleywolverines,3084,30,-0.3067245555951177,57.445599027629186
Sydnie Rodriguez,Seattle U Redhawks,57.7813333333334,seattleuredhawks,2547,30,-0.3067245555951177,57.44267822104004
Caroline Mullins,UVA Wise Cavaliers,57.5182166666667,uvawisecavaliers,NA,NA,0,57.44134772382745
Saniya Jones,Charleston Southern Buccaneers,58.8892,charlestonsouthernbuccaneers,2127,6,-1.3272392548610852,57.44012565343325
Aaniya Webb,Tennessee State Lady Tigers,57.9239166666667,tennesseestateladytigers,2634,20,-0.46568010292818823,57.43947303209315
Kennedy Fauntleroy,Arizona State Sun Devils,57.1564666666667,arizonastatesundevils,9,8,1.627414016520187,57.43841919690921
Janae Kent,Texas A&M Aggies,57.1158333333333,texasamaggies,245,23,2.220381999275397,57.43492722830857
Jordan Bravo,McMurry War Hawks,57.5113,mcmurrywarhawks,NA,NA,0,57.43453124295805
Frances Ulysse,Longwood Lancers,58.8815,longwoodlancers,2344,6,-1.3272392548610852,57.4343643298513
Thoranna Kika Hodge-Carr,Loyola Chicago Ramblers,57.4083333333334,loyolachicagoramblers,2350,3,0.21493314091272497,57.43130170642983
Maria Dias,Idaho State Bengals,57.5225833333333,idahostatebengals,304,5,-0.02468095143188219,57.42583814840183
Ella Johnson,Montana State Bobcats,57.5191166666667,montanastatebobcats,147,5,-0.02468095143188219,57.42243466928889
Caitlyn Dickerson,Bob Jones Bruins,57.49795,bobjonesbruins,NA,NA,0,57.42137434917186
Macey Huard,Oklahoma State Cowgirls,57.1393,oklahomastatecowgirls,197,8,1.627414016520187,57.42032051206266
Madison Mcdonald,Oakwood Ambassadors,57.49625,oakwoodambassadors,NA,NA,0,57.41969891448469
Imani Smith,Charlotte 49ers,57.4953833333334,charlotte49ers,NA,NA,0,57.41884476913902
Amyria Walker,South Alabama Jaguars,57.54505,southalabamajaguars,6,27,-0.06224989283771565,57.41762107482312
Talia Davis,UMBC Retrievers,57.98715,umbcretrievers,2378,1,-0.5587271973835142,57.41622442478537
Tia Dobson,UNC Wilmington Seahawks,57.9051,uncwilmingtonseahawks,350,10,-0.4891651654627686,57.402224456439306
Kendall McGruder,Fairfield Stags,58.14165,fairfieldstags,2217,13,-0.7445170244651927,57.388779450562055
Brooke Blumenfeld,Northern Illinois Huskies,57.51295,northernillinoishuskies,2459,14,-0.06421715182798006,57.38471388367001
Ilse de Vries,Miami (OH) RedHawks,57.5117,miamiohredhawks,193,14,-0.06421715182798006,57.38349409644985
Mackenzie Daleba,La Salle Explorers,57.3539333333333,lasalleexplorers,2325,3,0.21493314091272497,57.37666545036563
Nabaweeyah McGill,Texas A&M-Corpus Christi Islanders,57.8001166666667,texasamcorpuschristiislanders,357,25,-0.4220080591350636,57.36330774498459
Katie Keitges,Omaha Mavericks,57.4389666666667,omahamavericks,NA,NA,0,57.36324004209535
Doneelah Washington,Illinois State Redbirds,57.30485,illinoisstateredbirds,2287,18,0.3818613853103341,57.358928525303504
Shiya Hoosier,Kentucky Wesleyan Panthers,57.42245,kentuckywesleyanpanthers,NA,NA,0,57.34695990882863
Lara Edmanson,Villanova Wildcats,57.1409166666666,villanovawildcats,222,4,1.1815976661979184,57.34006105100106
Hunter Conway,Lincoln (PA) Lions,57.41195,lincolnpalions,NA,NA,0,57.33661000288396
Gracie Kelsey,Lindenwood Lions,57.8092,lindenwoodlions,2815,20,-0.46568010292818823,57.3349017489593
Brinley Cannon,BYU Cougars,57.0578166666667,byucougars,252,8,1.627414016520187,57.334443436263044
Olivia Brown,Wright State Raiders,57.4035166666667,wrightstateraiders,NA,NA,0,57.32829706647384
Ava Kobus,Allegheny Gators,57.4003333333333,alleghenygators,NA,NA,0,57.32515914357805
Taylor Bowen,Lipscomb Bisons,57.4001166666667,lipscombbisons,NA,NA,0,57.32494556696066
Shannon Fornshell,Drake Bulldogs,57.2619666666667,drakebulldogs,2181,18,0.3818613853103341,57.315603793261275
Kiana Rios,Saint Martin's Saints,57.3868666666666,saintmartinssaints,NA,NA,0,57.31188436259723
Erika Aspajo,Cal State Northridge Matadors,57.8234833333333,calstatenorthridgematadors,2463,9,-0.518954747209004,57.303008497475325
Victoria Barrera,Eastern New Mexico Greyhounds,57.3768166666667,easternnewmexicogreyhounds,NA,NA,0,57.30197733573967
Amani Abuhatab,Mercy Mavericks,57.3719666666667,mercymavericks,NA,NA,0,57.29719626286352
Jada Session,Furman Paladins,57.7708000000001,furmanpaladins,231,24,-0.4695431161729573,57.29663668557271
Jolene Armendariz,La Salle Explorers,57.27085,lasalleexplorers,2325,3,0.21493314091272497,57.293224659633445
Martina Boba,Bryant Bulldogs,57.8474166666667,bryantbulldogs,2803,1,-0.5587271973835142,57.29097412347557
Emerson Green,Northern Iowa Panthers,57.2360166666667,northerniowapanthers,2460,18,0.3818613853103341,57.289387947490965
Tatyana Lewis,Warren Wilson Owls,57.3626833333334,warrenwilsonowls,NA,NA,0,57.288044735441986
Palmire Mbu,Rhode Island Rams,57.2550000000001,rhodeislandrams,227,3,0.21493314091272497,57.277306927119625
Elauna Eaton,Memphis Tigers,57.3451166666667,memphistigers,NA,NA,0,57.27072702718521
Morgan Aylsworth,Crown College Storm,57.3371333333333,crowncollegestorm,NA,NA,0,57.26285663859134
Madelyn Bischoff,Ball State Cardinals,57.38395,ballstatecardinals,2050,14,-0.06421715182798006,57.258805072886176
Savannah Huerta,Park University Gilbert Buccaneers,57.3177666666667,parkuniversitygilbertbuccaneers,NA,NA,0,57.243763452980296
Awa Sidibe,Rutgers Scarlet Knights,56.9339000000001,rutgersscarletknights,164,7,1.8898677492822935,57.24191476345293
Katey Richason,Miami (OH) RedHawks,57.34745,miamiohredhawks,193,14,-0.06421715182798006,57.22316994373367
Brooke Moore,Liberty Flames,57.21215,libertyflames,2335,11,0.1427033440452017,57.220864737944325
Ellie Martin,Warren Wilson Owls,57.29295,warrenwilsonowls,NA,NA,0,57.219296173530005
Cate MacDonald,Dartmouth Big Green,57.20175,dartmouthbiggreen,159,12,0.1841164774285017,57.218120206922904
Jordyn Williams,Niagara Purple Eagles,57.9395500000001,niagarapurpleeagles,315,13,-0.7445170244651927,57.21393593392008
Aurora Sorbye,Wake Forest Demon Deacons,56.9226500000001,wakeforestdemondeacons,154,2,1.7410828106998104,57.21214472416314
Amaya Bonner,Florida State Seminoles,56.9146666666667,floridastateseminoles,52,2,1.7410828106998104,57.20371029108978
Krystyna Ellew,UIC Flames,57.1210666666666,uicflames,82,18,0.3818613853103341,57.17327168450804
Allie Stockton,Findlay Oilers,57.2423,findlayoilers,NA,NA,0,57.169355595021614
De'Naya Rippey,Saint Peter's Peacocks,57.8853666666667,saintpeterspeacocks,2612,13,-0.7445170244651927,57.166939174314884
Brianna Wooldridge,SIU Edwardsville Cougars,57.62455,siuedwardsvillecougars,2565,20,-0.46568010292818823,57.16626252936797
Kaniya Boyd,Tennessee Lady Volunteers,56.8450166666667,tennesseeladyvolunteers,2633,23,2.220381999275397,57.14772054915998
Bre'Anna Rhodes,Jacksonville State Gamecocks,57.1263,jacksonvillestategamecocks,55,11,0.1427033440452017,57.13487209435107
Maya Linton,UTSA Roadrunners,57.1741833333334,utsaroadrunners,NA,NA,0,57.102185265613656
Dominique Cabading,Occidental Tigers,57.1496833333334,occidentaltigers,NA,NA,0,57.078023482416725
Tiny Lewis,Eastern Illinois Panthers,57.5268166666667,easternillinoispanthers,2197,20,-0.46568010292818823,57.076845747846306
Taylin Smith,Southern Wesleyan Warriors,57.144,southernwesleyanwarriors,NA,NA,0,57.0724184434154
Tess Darby,Tennessee Lady Volunteers,56.7639166666667,tennesseeladyvolunteers,2633,23,2.220381999275397,57.061832441677616
Chasity Woodard,Arkansas Baptist Buffaloes,57.1285166666667,arkansasbaptistbuffaloes,NA,NA,0,57.05714809991906
Brianna Davis,Manhattan Jaspers,57.7473666666667,manhattanjaspers,2363,13,-0.7445170244651927,57.04701410034477
Mia Simpson,Indiana State Sycamores,56.9914166666667,indianastatesycamores,282,18,0.3818613853103341,57.04232832387482
Daelyn Craig,Nicholls Colonels,57.4459000000001,nichollscolonels,2447,25,-0.4220080591350636,57.03708229984428
Hannah Manzaro,Worcester State Lancers,57.1074333333333,worcesterstatelancers,NA,NA,0,57.03635406074447
Aniah Alexis,Rice Owls,57.1027666666667,riceowls,NA,NA,0,57.03175131396625
Nyah Wilson,Missouri Tigers,56.7339666666667,missouritigers,142,23,2.220381999275397,57.03012804847333
Marissa Brown,Charleston Cougars,57.4898666666667,charlestoncougars,232,10,-0.4891651654627686,57.024395478629806
Amanda Crowninshield,UT Dallas Comets,57.0784166666666,utdallascomets,NA,NA,0,57.00773417180617
Jenae Dublin,Hampton Lady Pirates,57.46625,hamptonladypirates,2261,10,-0.4891651654627686,57.00284468304277
Abbey Schreacke,Missouri Tigers,56.7066666666666,missouritigers,142,23,2.220381999275397,57.001235363079154
Adiya Jones,Buffalo State Bengals,57.07155,buffalostatebengals,NA,NA,0,57.00096116844464
Shiho Isono,Incarnate Word Cardinals,57.4024833333334,incarnatewordcardinals,2916,25,-0.4220080591350636,56.997006157082
Kacee Kyle,Cedarville Yellow Jackets,57.0653666666667,cedarvilleyellowjackets,NA,NA,0,56.9948621015359
Anyssa Jones,Ohio Bobcats,57.1037166666667,ohiobobcats,195,14,-0.06421715182798006,56.9851027011851
Natalee Trevino,Walla Walla Wolves,57.0512833333333,wallawallawolves,NA,NA,0,56.980970427093816
Breanna Davis,Abilene Christian Wildcats,57.2861000000001,abilenechristianwildcats,2000,30,-0.3067245555951177,56.97755320629455
Cailynn Dilosa,Harris-Stowe State Hornets,57.04615,harrisstowestatehornets,NA,NA,0,56.975906860067234
Jordan Reid,Purdue Fort Wayne Mastodons,57.0129,purduefortwaynemastodons,NA,NA,0,56.94310755673461
Gia Powell,Brown Bears,56.9220166666667,brownbears,225,12,0.1841164774285017,56.93752483868952
Aizhanique Mayo,Xavier Musketeers,56.7467833333333,xaviermusketeers,2752,4,1.1815976661979184,56.93120130072332
Jael Butler,Morgan State Lady Bears,57.83295,morganstateladybears,2415,16,-0.9745622795118004,56.928159968934565
Whitney Dunn,Sam Houston Bearkats,56.9181,samhoustonbearkats,2534,11,0.1427033440452017,56.9263331151203
Sheridan Liggett,Seattle U Redhawks,57.2299333333333,seattleuredhawks,2547,30,-0.3067245555951177,56.92467598092622
Taylor Smith,Alabama State Lady Hornets,57.9847166666667,alabamastateladyhornets,2011,26,-1.1266675637845338,56.9233865674443
Sara Puckett,Tennessee Lady Volunteers,56.6311166666667,tennesseeladyvolunteers,2633,23,2.220381999275397,56.921309844882686
Bell Martinez,Schreiner Mountaineers,56.9816,schreinermountaineers,NA,NA,0,56.912229927625184
Madison Greene,Ohio State Buckeyes,56.6214833333334,ohiostatebuckeyes,194,7,1.8898677492822935,56.91112196832565
Kaniya Moore,Arkansas Baptist Buffaloes,56.9626333333334,arkansasbaptistbuffaloes,NA,NA,0,56.8935183108358
Jazion Jackson,Arizona State Sun Devils,56.6376666666667,arizonastatesundevils,9,8,1.627414016520187,56.892417475596744
Maggie Vick,Pepperdine Waves,56.8739500000001,pepperdinewaves,2492,29,0.15617675887640683,56.88445514053361
Lauryn Swann,Arizona Wildcats,56.6288,arizonawildcats,12,8,1.627414016520187,56.8831030047649
Ines Noguero,Georgia Tech Yellow Jackets,56.6027,georgiatechyellowjackets,59,2,1.7410828106998104,56.87450809018249
Natalie Picton,Montana State Bobcats,56.9499166666667,montanastatebobcats,147,5,-0.02468095143188219,56.86321508113193
Issy Morgan,Davidson Wildcats,56.8419166666666,davidsonwildcats,2166,3,0.21493314091272497,56.862509626077504
Kamari Sims,George Washington Revolutionaries,56.8413833333334,georgewashingtonrevolutionaries,45,3,0.21493314091272497,56.86197414289874
Winner Bartholomew,Rider Broncs,57.5330666666666,riderbroncs,2520,13,-0.7445170244651927,56.860138682646564
Jordan Wakefield,Towson Tigers,57.2907333333333,towsontigers,119,10,-0.4891651654627686,56.84247728234576
KP Parr,Wichita State Shockers,56.8916166666667,wichitastateshockers,NA,NA,0,56.82345066897718
Mara Johnson,Bryn Athyn Lions,56.8777833333333,brynathynlions,NA,NA,0,56.80980110550141
Courtney Lumpkins,Fisk Bulldogs,56.8762333333334,fiskbulldogs,NA,NA,0,56.80827167448094
Garrisen Freeman,Cal State Bakersfield Roadrunners,57.27535,calstatebakersfieldroadrunners,2934,9,-0.518954747209004,56.80573557482057
Alyssa Clutter,North Alabama Lions,56.8723166666667,northalabamalions,NA,NA,0,56.804406963357515
Dynasty Shegog,Southern Wesleyan Warriors,56.86265,southernwesleyanwarriors,NA,NA,0,56.79486840580711
Helana Chadwick,McMurry War Hawks,56.85365,mcmurrywarhawks,NA,NA,0,56.785987524347966
Taylor Anderson,Central Michigan Chippewas,56.8854166666667,centralmichiganchippewas,2117,14,-0.06421715182798006,56.7717185368998
Jade Rutledge,Niagara Purple Eagles,57.4304833333333,niagarapurpleeagles,315,13,-0.7445170244651927,56.77040926903108
Terren Coffil,South Alabama Jaguars,56.8746333333333,southalabamajaguars,6,27,-0.06224989283771565,56.76256808831947
Abby Conlee,Westminster (UT) Griffins,56.8257166666666,westminsterutgriffins,NA,NA,0,56.7584229462572
Maliyah Johnson,Ball State Cardinals,56.85785,ballstatecardinals,2050,14,-0.06421715182798006,56.74476209862997
Shakara McCline,DePaul Blue Demons,56.554,depaulbluedemons,305,4,1.1815976661979184,56.7315071668406
Izabella Zingaro,Montana Lady Griz,56.8095333333333,montanaladygriz,149,5,-0.02468095143188219,56.725175078462335
Bailey Garbee,American University Eagles,57.1730333333334,americanuniversityeagles,44,22,-0.505160124153813,56.72279829189355
Jaelyn West,King (TN) Tornado,56.7856833333334,kingtntornado,NA,NA,0,56.71891559444485
Briontanay Marshall,Arkansas-Pine Bluff Golden Lions,57.718,arkansaspinebluffgoldenlions,2029,26,-1.1266675637845338,56.70745231138844
Kassidy Broussard,Tennessee Southern Firehawks,56.7358333333333,tennesseesouthernfirehawks,NA,NA,0,56.66971643542022
Teniyah Crenshaw-Patterson,Randolph College Wildcats,56.7356333333333,randolphcollegewildcats,NA,NA,0,56.669519037442484
Jaiden Bryant,SIU Edwardsville Cougars,57.0788833333333,siuedwardsvillecougars,2565,20,-0.46568010292818823,56.66565877736284
Lauren Filien,Stony Brook Seawolves,57.0945166666667,stonybrookseawolves,2619,10,-0.4891651654627686,56.66277520446069
Kamryn Wilson,Lamar Cardinals,57.0385166666667,lamarcardinals,2320,25,-0.4220080591350636,56.66028307702161
Courtney Ogden,Stanford Cardinal,56.3939,stanfordcardinal,24,2,1.7410828106998104,56.65459293280689
Sarah Brans,Idaho Vandals,56.7354,idahovandals,70,5,-0.02468095143188219,56.652260758727586
Anna Przyszlak,La Salle Explorers,56.6307,lasalleexplorers,2325,3,0.21493314091272497,56.650454047927845
Kamora Morgan,Northern Kentucky Norse,56.7145666666667,northernkentuckynorse,NA,NA,0,56.648726040639126
Riley Makalusky,Butler Bulldogs,56.4727166666667,butlerbulldogs,2086,4,1.1815976661979184,56.647366468874836
Sharonica Hartsfield,Grambling Lady Tigers,57.6275833333334,gramblingladytigers,2755,26,-1.1266675637845338,56.63385325801609
Catherine Chick,Colby-Sawyer Chargers,56.6927666666666,colbysawyerchargers,NA,NA,0,56.627208383238816
Angela Slattery,Dakota State Trojans,56.69115,dakotastatetrojans,NA,NA,0,56.62561262028172
Greta Miller,Johns Hopkins University Blue Jays,56.6725666666667,johnshopkinsuniversitybluejays,NA,NA,0,56.60726922976526
Tatiana Thomas,Kent State Golden Flashes,56.7166666666667,kentstategoldenflashes,2309,14,-0.06421715182798006,56.60666743030362
Caroline Orza,Haverford Fords,56.6655333333334,haverfordfords,NA,NA,0,56.60032654480795
Aliya Grotjohn,Central Baptist College Mustangs,56.64285,centralbaptistcollegemustangs,NA,NA,0,56.577934950277765
Taliyah Logwood,Utah State Aggies,56.6414666666667,utahstateaggies,NA,NA,0,56.576569378263876
Jewel Jones,LSU Alexandria Generals,56.6267666666667,lsualexandriagenerals,NA,NA,0,56.56205790447978
Hallie Turner,Bethel (TN) Wildcats,56.6175333333333,betheltnwildcats,NA,NA,0,56.55294278744723
Zaniyyah Ross-Barnes,Shaw Bears,56.5910833333333,shawbears,NA,NA,0,56.526830577711706
Daeja Holmes,Texas Southern Tigers,57.4874166666667,texassoutherntigers,2640,26,-1.1266675637845338,56.519364868460556
Maxine Engel,George Washington Revolutionaries,56.4962166666667,georgewashingtonrevolutionaries,45,3,0.21493314091272497,56.51544949630376
Kaitlyn Bryant,Alabama State Lady Hornets,57.4769166666667,alabamastateladyhornets,2011,26,-1.1266675637845338,56.51076933686772
Mary Ashley Stevenson,Stanford Cardinal,56.25535,stanfordcardinal,24,2,1.7410828106998104,56.508849958075515
Alexis Davis,Buffalo Bulls,56.6137333333333,buffalobulls,2084,14,-0.06421715182798006,56.505947629644965
Ndjakalenga Mwenentanda,Texas Longhorns,56.2337,texaslonghorns,251,23,2.220381999275397,56.5016410827431
Mia Fiore,Merrimack Warriors,57.1032333333334,merrimackwarriors,2771,13,-0.7445170244651927,56.4829990659135
Jiya Perry,Delaware Blue Hens,56.8970166666667,delawarebluehens,48,10,-0.4891651654627686,56.48145557936758
Millinda Arguellez,University of The Southwest Mustangs,56.5407833333333,universityofthesouthwestmustangs,NA,NA,0,56.47716946694497
Anii Harris,Virginia St Trojans,56.5396666666666,virginiasttrojans,NA,NA,0,56.4760669319618
Mikee Buchanan,Bethel (TN) Wildcats,56.5385,betheltnwildcats,NA,NA,0,56.47491502734368
Maddie LaFrance,Bloomsburg Huskies,56.53405,bloomsburghuskies,NA,NA,0,56.47052131152867
Merissah Russell,Louisville Cardinals,56.218,louisvillecardinals,97,2,1.7410828106998104,56.469585522564266
Tayla Dalton,Gonzaga Bulldogs,56.4554166666667,gonzagabulldogs,2250,29,0.15617675887640683,56.46508758147797
Alexis Cortez,Air Force Falcons,56.5263166666667,airforcefalcons,NA,NA,0,56.462885705683306
Emery Baragona,Johnson University (TN) Royals,56.5204,johnsonuniversitytnroyals,NA,NA,0,56.45704373637943
Tasha Chudy,Lafayette Leopards,56.8729666666667,lafayetteleopards,322,22,-0.505160124153813,56.4480775914034
Shariah Baynes,Towson Tigers,56.8578833333333,towsontigers,119,10,-0.4891651654627686,56.44547624427099
Gia Bradley,Colorado-Colorado Springs Mountain Lions,56.50665,coloradocoloradospringsmountainlions,NA,NA,0,56.443467085982924
Tessa Engelman,Mount St. Mary's Mountaineers,57.0583666666667,mountstmarysmountaineers,116,13,-0.7445170244651927,56.44345795361009
Darian Burgin,Alabama A&M Bulldogs,57.3884833333333,alabamaambulldogs,2010,26,-1.1266675637845338,56.438270814093926
Rhian Stokes,Saint Joseph's Hawks,56.40645,saintjosephshawks,2603,3,0.21493314091272497,56.42534044497601
Sitota Gines,Buffalo Bulls,56.5226666666667,buffalobulls,2084,14,-0.06421715182798006,56.41681261317908
Nikki Thompson,Simpson University (CA) Red Hawks,56.4775,simpsonuniversitycaredhawks,NA,NA,0,56.41468346564364
Randrea Wright,Central Arkansas Sugar Bears,56.4740833333334,centralarkansassugarbears,NA,NA,0,56.41130964262308
Gabbi Cartagena,New Orleans Privateers,56.75935,neworleansprivateers,2443,25,-0.4220080591350636,56.401109049730266
Amari Franklin,Alabama State Lady Hornets,57.3430666666667,alabamastateladyhornets,2011,26,-1.1266675637845338,56.40096506598901
Tatum Walker,Howard Payne Yellow Jackets,56.4569333333333,howardpayneyellowjackets,NA,NA,0,56.394374381389895
Elsie Harris,Jacksonville State Gamecocks,56.3812000000001,jacksonvillestategamecocks,55,11,0.1427033440452017,56.38860333816785
Haven Verrett,Jarvis Christian Bulldogs,56.4488166666667,jarvischristianbulldogs,NA,NA,0,56.38635916196763
Debora dos Santos,San Francisco Dons,56.3744833333334,sanfranciscodons,2539,29,0.15617675887640683,56.38399858184197
Alana Goodchild,Santa Clara Broncos,56.3701333333333,santaclarabroncos,2541,29,0.15617675887640683,56.379640266197136
Anete Adler,Boston University Terriers,56.7963333333333,bostonuniversityterriers,104,22,-0.505160124153813,56.3777507547132
Angelie Ricard,Wagner Seahawks,57.8488666666666,wagnerseahawks,2681,19,-1.6800381617881592,56.375506378109996
Gabrielle Johnson,Morgan State Lady Bears,57.17205,morganstateladybears,2415,16,-0.9745622795118004,56.3727332127657
Riley Rismiller,Kent State Golden Flashes,56.4750666666666,kentstategoldenflashes,2309,14,-0.06421715182798006,56.37021237108392
Dorothy Wiese,Staten Island Dolphins,56.4306333333333,statenislanddolphins,NA,NA,0,56.36840266868555
Maria Sanchez Ponce,Jacksonville State Gamecocks,56.3598666666667,jacksonvillestategamecocks,55,11,0.1427033440452017,56.36723832604436
Emma Shumate,Michigan State Spartans,56.0997333333333,michiganstatespartans,127,7,1.8898677492822935,56.36045767629138
Madi Webb,Southern Indiana Screaming Eagles,56.7456833333333,southernindianascreamingeagles,88,20,-0.46568010292818823,56.35836849223554
Amauri Williams,Prairie View A&M Lady Panthers,57.2880166666667,prairieviewamladypanthers,2504,26,-1.1266675637845338,56.35568056152053
Taylor Turner,Johnson C Smith Golden Bulls,56.41665,johnsoncsmithgoldenbulls,NA,NA,0,56.354593378784436
Layla Powell,Centenary (LA) Gentlemen,56.4114666666667,centenarylagentlemen,NA,NA,0,56.34947447130493
Sera Hodgson,Maine Black Bears,56.80245,maineblackbears,311,1,-0.5587271973835142,56.34615872611435
Mackenzie Williams,Blue Mountain College Toppers,56.4034666666667,bluemountaincollegetoppers,NA,NA,0,56.34157381287458
Marley Hughes,Viterbo V-Hawks,56.3971696969697,viterbovhawks,NA,NA,0,56.33535495698419
Janaia Fargo,Hofstra Pride,56.7157666666667,hofstrapride,2275,10,-0.4891651654627686,56.314670413076485
Myriam Traore,Siena Saints,56.9102333333333,sienasaints,2561,13,-0.7445170244651927,56.31267707470918
Montaya Dew,Arizona Wildcats,56.0790500000001,arizonawildcats,12,8,1.627414016520187,56.306674915906086
Sophie Sene,Utah State Aggies,56.3648833333334,utahstateaggies,NA,NA,0,56.30346799901998
Janessa Kelley,Bethune-Cookman Wildcats,57.2242166666666,bethunecookmanwildcats,2065,26,-1.1266675637845338,56.303108380254955
Raina McGowens,Furman Paladins,56.6845666666667,furmanpaladins,231,24,-0.4695431161729573,56.29925124675863
Emily Hege,App State Mountaineers,56.3991,appstatemountaineers,2026,27,-0.06224989283771565,56.2970961174073
Claudia Fiel,California Baptist Lancers,56.5617833333334,californiabaptistlancers,2856,30,-0.3067245555951177,56.29376388079137
Megan Gray,Hendrix College Warriors,56.3547,hendrixcollegewarriors,NA,NA,0,56.29341025740862
Myajae Eubanks,Cumberland (TN) Bulldogs,56.3382833333334,cumberlandtnbulldogs,NA,NA,0,56.27719567204362
Aubrey Blankenship,Samford Bulldogs,56.659633333333304,samfordbulldogs,2535,24,-0.4695431161729573,56.27620565320256
Kaysia Woods,SMU Mustangs,56.0251833333333,smumustangs,2567,2,1.7410828106998104,56.26705025356533
Lyndie Ramsey,Emory & Henry Wasps,56.3247666666666,emoryhenrywasps,NA,NA,0,56.26384503135811
Kadance Blankers,Evergreen State Geoducks,56.3202166666666,evergreenstategeoducks,NA,NA,0,56.25935084666252
Grace Arcoleo,Union Garnet Chargers,56.3138166666666,uniongarnetchargers,NA,NA,0,56.253029294250766
Shimei Muhammad,Charleston Southern Buccaneers,57.3305500000001,charlestonsouthernbuccaneers,2127,6,-1.3272392548610852,56.23794113446794
Alyssa Latham,Tennessee Lady Volunteers,55.982,tennesseeladyvolunteers,2633,23,2.220381999275397,56.2364981216557
Morgann Gardner,Omaha Mavericks,56.2898,omahamavericks,NA,NA,0,56.22930636626699
Leah Middleton,Binghamton Bearcats,56.6626166666667,binghamtonbearcats,2066,1,-0.5587271973835142,56.218674086713335
Taylor Wilkins,UNC Asheville Bulldogs,57.3047833333334,uncashevillebulldogs,2427,6,-1.3272392548610852,56.21748305939044
Avery Mills,Liberty Flames,56.2051,libertyflames,2335,11,0.1427033440452017,56.21224473450996
AC Markham,South Carolina Upstate Spartans,57.2790166666667,southcarolinaupstatespartans,2908,6,-1.3272392548610852,56.197006744095
Leilani Augmon,Houston Cougars,55.9658833333334,houstoncougars,248,8,1.627414016520187,56.18827666239347
Megan Sias,Stonehill Skyhawks,57.5901666666666,stonehillskyhawks,284,19,-1.6800381617881592,56.18548007298297
Lanie Grant,North Carolina Tar Heels,55.9437833333333,northcarolinatarheels,153,2,1.7410828106998104,56.18162939291131
Aliyah Matharu,Baylor Bears,55.9554166666667,baylorbears,239,8,1.627414016520187,56.177330527471334
Hermione Hicks,Florida National Conquistadors,56.2345166666666,floridanationalconquistadors,NA,NA,0,56.174695326841686
Catie Cunningham,Marist Red Foxes,56.7444166666666,maristredfoxes,2368,13,-0.7445170244651927,56.16586854523128
Camille Dominick,Pittsburgh-Johnstown Mountain Cats,56.21795,pittsburghjohnstownmountaincats,NA,NA,0,56.1583290815479
Timberlynn Yeast,Marshall Thundering Herd,56.2511833333334,marshallthunderingherd,276,27,-0.06224989283771565,56.15217274147611
Lydia Chatira,Harvard Crimson,56.1297333333334,harvardcrimson,108,12,0.1841164774285017,56.14297646178468
Loy Waid,Northwest Nazarene Nighthawks,56.2011,northwestnazarenenighthawks,NA,NA,0,56.14168243815859
Avery Kelley,Evansville Purple Aces,56.0973333333333,evansvillepurpleaces,339,18,0.3818613853103341,56.1399416140567
Elise Livingston,Utah State Aggies,56.1934666666667,utahstateaggies,NA,NA,0,56.134141065524595
Kendall Scott,Gardner-Webb Runnin' Bulldogs,57.1985833333334,gardnerwebbrunninbulldogs,2241,6,-1.3272392548610852,56.1329708542637
Ryann Bennett,UC Davis Aggies,56.5248833333334,ucdavisaggies,302,9,-0.518954747209004,56.11902849987426
Beth Nelson,Brown Bears,56.1048666666667,brownbears,225,12,0.1841164774285017,56.11804279296814
Maggie Cavanaugh,New Hampshire Wildcats,56.5496666666666,newhampshirewildcats,160,1,-0.5587271973835142,56.11552364761079
Nina Minicozzi,Dartmouth Big Green,56.1011,dartmouthbiggreen,159,12,0.1841164774285017,56.11426599835918
Loghan Johnson,Texas Tech Lady Raiders,55.8932666666667,texastechladyraiders,2641,8,1.627414016520187,56.11234873756046
Naj White,Post University Eagles,56.1673,postuniversityeagles,NA,NA,0,56.10828886384347
Albany Wilson,Erskine Flying Fleet,56.1578,erskineflyingfleet,NA,NA,0,56.098902737482206
Kemari Reynolds,Monmouth Hawks,56.4733833333334,monmouthhawks,2405,10,-0.4891651654627686,56.091065888504474
Makayla Edwards,Jacksonville Dolphins,56.1471166666667,jacksonvilledolphins,NA,NA,0,56.08834727446243
Kylie Fleet,Paine Lions,56.1432,painelions,NA,NA,0,56.084477437216215
Michaela Bogans,Morgan State Lady Bears,56.81065,morganstateladybears,2415,16,-0.9745622795118004,56.06516212930839
Jalyssa Carrasco,Roosevelt Lakers,56.1142666666667,rooseveltlakers,NA,NA,0,56.055889218570385
Dayuna Colvin,Queens University Royals,56.1110833333334,queensuniversityroyals,NA,NA,0,56.052743767135375
Imbie Jones,Nevada Wolf Pack,56.1084666666667,nevadawolfpack,NA,NA,0,56.05015822584355
Mir McLean,Maryland Terrapins,55.7987,marylandterrapins,120,7,1.8898677492822935,56.043717668996194
Kylie Grassi,Bridgewater State (MA) Bears,56.0901833333333,bridgewaterstatemabears,NA,NA,0,56.032092042805246
Camryn Fauria,Binghamton Bearcats,56.4571166666667,binghamtonbearcats,2066,1,-0.5587271973835142,56.03088781686743
Madison Davis,Western Illinois Leathernecks,56.3898333333334,westernillinoisleathernecks,2710,20,-0.46568010292818823,56.028889342417955
Naya Ojukwu,Morgan State Lady Bears,56.7670666666667,morganstateladybears,2415,16,-0.9745622795118004,56.02789172705423
Ashley Hiraki,Cal Poly Mustangs,56.4235166666667,calpolymustangs,13,9,-0.518954747209004,56.02577320941603
Tamaria Rumph,Morgan State Lady Bears,56.7525333333334,morganstateladybears,2415,16,-0.9745622795118004,56.01545505860806
Mia 'Uhila,Hawai'i Rainbow Wahine,56.4097666666667,hawaiirainbowwahine,62,9,-0.518954747209004,56.013114529808426
Morgan Kelson,Livingstone Blue Bears,56.0665,livingstonebluebears,NA,NA,0,56.008689135964616
Alana Swift,UNC Asheville Bulldogs,57.0364166666667,uncashevillebulldogs,2427,6,-1.3272392548610852,56.003329259597784
Tyler Gray,Coppin State Eagles,56.73755,coppinstateeagles,2154,16,-0.9745622795118004,56.00262889403458
Julia Riley,Northern Colorado Bears,56.0743166666666,northerncoloradobears,2458,5,-0.02468095143188219,56.0014982131962
Talia DePetrillo,Iona Gaels,56.5466833333334,ionagaels,314,13,-0.7445170244651927,55.990235998698815
Grace Townsend,North Carolina Tar Heels,55.7588333333334,northcarolinatarheels,153,2,1.7410828106998104,55.98772191600196
Tatum Greene,Boston College Eagles,55.7584833333333,bostoncollegeeagles,103,2,1.7410828106998104,55.987355197753594
Kay Donahue,Lafayette Leopards,56.36455,lafayetteleopards,322,22,-0.505160124153813,55.9802625350685
Ce'nara Skanes,Maryland Eastern Shore Hawks,56.6983,marylandeasternshorehawks,2379,16,-0.9745622795118004,55.96900855035088
Adelyn Traylor-Walker,Radford Highlanders,56.9885500000001,radfordhighlanders,2515,6,-1.3272392548610852,55.96492736343185
Jordan Brooks,Bethune-Cookman Wildcats,56.8099833333334,bethunecookmanwildcats,2065,26,-1.1266675637845338,55.95945962655513
Caitlyn Panuco,Howard Payne Yellow Jackets,56.0124666666667,howardpayneyellowjackets,NA,NA,0,55.95529197302204
Malia Lenz,Vermont Catamounts,56.37305,vermontcatamounts,261,1,-0.5587271973835142,55.95392047154738
Liza Karlen,Notre Dame Fighting Irish,55.7210333333334,notredamefightingirish,87,2,1.7410828106998104,55.94812139402719
Jenna Kilty,Cal State Northridge Matadors,56.3303,calstatenorthridgematadors,2463,9,-0.518954747209004,55.93991334914756
Lydia Melaschenko,Merrimack Warriors,56.4833333333333,merrimackwarriors,2771,13,-0.7445170244651927,55.93383796658696
Kayla Smith,Mercer Bears,56.2785666666667,mercerbears,2382,24,-0.4695431161729573,55.92317791595074
Chloe Briggs,Washington Huskies,55.6798666666667,washingtonhuskies,264,7,1.8898677492822935,55.91887509995438
Marija Avlijas,Columbia Lions,55.8981666666667,columbialions,171,12,0.1841164774285017,55.91079519015352
Tinasia Spencer,Chowan Hawks,55.9656583333333,chowanhawks,NA,NA,0,55.90903069096365
Clara Gonzalez Planella,Jacksonville State Gamecocks,55.9023,jacksonvillestategamecocks,55,11,0.1427033440452017,55.90901526583051
Alanah Pooler,Alabama State Lady Hornets,56.74025,alabamastateladyhornets,2011,26,-1.1266675637845338,55.90122003681934
Diana Collins,Alabama Crimson Tide,55.6624166666667,alabamacrimsontide,333,23,2.220381999275397,55.90055165866265
Bukky Akinsola,Georgia Southern Eagles,55.9942500000001,georgiasoutherneagles,290,27,-0.06224989283771565,55.90028893069414
Nalyce Dudley,Sacred Heart Pioneers,56.4412666666667,sacredheartpioneers,2529,13,-0.7445170244651927,55.89635343974517
Erin Martin,Tennessee State Lady Tigers,56.2193666666666,tennesseestateladytigers,2634,20,-0.46568010292818823,55.87059111874819
Isabella Caceres,Hiram Terriers,55.9190666666667,hiramterriers,NA,NA,0,55.86297982205465
Khila Morris,Troy Trojans,55.9547500000001,troytrojans,2653,27,-0.06224989283771565,55.86154857700903
Nyah Willis,Charleston Cougars,56.22305,charlestoncougars,232,10,-0.4891651654627686,55.85946163944367
Shayeann Day-Wilson,LSU Tigers,55.6160333333333,lsutigers,99,23,2.220381999275397,55.85185777433717
Nevaiah Bell-Tenner,Culver-Stockton Wildcats,55.8994500000001,culverstocktonwildcats,NA,NA,0,55.84358974263269
Azareya Kilgoe,Cornell Big Red,55.8238666666667,cornellbigred,172,12,0.1841164774285017,55.83630238710307
Anna Garfield,Bethel (MN) Royals,55.8889333333333,bethelmnroyals,NA,NA,0,55.83319428191324
Ava Stoller,SIU Edwardsville Cougars,56.1789833333334,siuedwardsvillecougars,2565,20,-0.46568010292818823,55.833047124282785
Isabella Hunt,East Tennessee State Bucs,56.1803833333333,easttennesseestatebucs,2193,24,-0.4695431161729573,55.83197543375381
Amiah Hargrove,Nebraska Cornhuskers,55.5966166666667,nebraskacornhuskers,158,7,1.8898677492822935,55.831478665909444
Grace LaBarge,Quinnipiac Bobcats,56.36835,quinnipiacbobcats,2514,13,-0.7445170244651927,55.83131490346756
Sami Kim,Walsh Cavaliers,55.87885,walshcavaliers,NA,NA,0,55.823226983899794
Denaira Williams,UNC Pembroke Braves,55.87205,uncpembrokebraves,NA,NA,0,55.81650513839822
Tamara Christmas,Central Baptist College Mustangs,55.8702666666666,centralbaptistcollegemustangs,NA,NA,0,55.81474228848367
Mia Wysong,North Greenville Crusaders,55.8659,northgreenvillecrusaders,NA,NA,0,55.81042575471195
Shakira Baskerville,High Point Panthers,56.7946,highpointpanthers,2272,6,-1.3272392548610852,55.80870140704456
Mia Flor,Wofford Terriers,56.1464833333333,woffordterriers,2747,24,-0.4695431161729573,55.80046289973593
Nataya Lockett,Eastern New Mexico Greyhounds,55.8534833333333,easternnewmexicogreyhounds,NA,NA,0,55.798151464940375
Makayla Blake,Saint Michael's Purple Knights,55.8530833333333,saintmichaelspurpleknights,NA,NA,0,55.79775604723718
Mikayla Hutchinson,Prairie View A&M Lady Panthers,56.6153166666667,prairieviewamladypanthers,2504,26,-1.1266675637845338,55.79660320945698
Kyla Smith,Trinity Christian (IL) Trolls,55.84855,trinitychristianiltrolls,NA,NA,0,55.793274627672005
Ornela Muca,Pepperdine Waves,55.7834166666666,pepperdinewaves,2492,29,0.15617675887640683,55.79184883159204
Esther Little,Gonzaga Bulldogs,55.7790500000001,gonzagabulldogs,2250,29,0.15617675887640683,55.78747450824917
Circe Rubio Remolar,Delaware State Hornets,56.4693500000001,delawarestatehornets,2169,16,-0.9745622795118004,55.77228979994033
McKenzie Stewart,Delaware State Hornets,56.4628333333333,delawarestatehornets,2169,16,-0.9745622795118004,55.76667548075943
Sierra Linnin,Le Moyne Dolphins,57.0247833333333,lemoynedolphins,2330,19,-1.6800381617881592,55.76229228820296
Arianna Patton,SE Louisiana Lady Lions,56.0720833333333,selouisianaladylions,2545,25,-0.4220080591350636,55.7598410870488
Alexia Dizeko,Florida Gators,55.5237833333333,floridagators,57,23,2.220381999275397,55.75506019795354
Michiyah Simmons,South Alabama Jaguars,55.8444000000001,southalabamajaguars,6,27,-0.06224989283771565,55.75329755073509
Riley Holliday,Lincoln (PA) Lions,55.7994666666667,lincolnpalions,NA,NA,0,55.744751151597036
Emme Boots,Goshen Maple Leafs,55.7973,goshenmapleleafs,NA,NA,0,55.74260910482046
Haylee Sethman,Simpson University (CA) Red Hawks,55.7944,simpsonuniversitycaredhawks,NA,NA,0,55.739742045221696
Emilee Tahata,Rider Broncs,56.26375,riderbroncs,2520,13,-0.7445170244651927,55.73787452529094
Emily Florvil,Le Moyne Dolphins,56.98705,lemoynedolphins,2330,19,-1.6800381617881592,55.73367194577612
Mya Hansen,Boise State Broncos,55.78215,boisestatebroncos,NA,NA,0,55.72763103379958
Sidney Richards,Cal Poly Mustangs,56.0851,calpolymustangs,13,9,-0.518954747209004,55.71360229819161
Daniela Lopez,Xavier Musketeers,55.5552166666667,xaviermusketeers,2752,4,1.1815976661979184,55.69985413310991
Nyah Lowery,Pacific Tigers,55.6909,pacifictigers,279,29,0.15617675887640683,55.69917100233024
Eleecia Carter,UAB Blazers,55.7515333333333,uabblazers,NA,NA,0,55.69736064080162
Hannah Fields,Houston Christian Huskies,55.9938333333333,houstonchristianhuskies,2277,25,-0.4220080591350636,55.68654650088507
Maliah Preston,Johnson & Wales (NC) Wildcats,55.7361333333333,johnsonwalesncwildcats,NA,NA,0,55.68213421974203
Jade Clack,Tulsa Golden Hurricane,55.7298,tulsagoldenhurricane,NA,NA,0,55.67587215637176
Austin Johnson,North Greenville Crusaders,55.7175166666667,northgreenvillecrusaders,NA,NA,0,55.66372685787548
Rose Morse,Cal State San Marcos Cougars,55.711,calstatesanmarcoscougars,NA,NA,0,55.657283320261975
Diaka Berete,Jackson State Lady Tigers,56.4442333333333,jacksonstateladytigers,2296,26,-1.1266675637845338,55.65277316255083
Shalayne Nagel,Dakota Wesleyan Tigers,55.6975166666667,dakotawesleyantigers,NA,NA,0,55.64395106957367
Julia Corsentino,Marist Red Foxes,56.15295,maristredfoxes,2368,13,-0.7445170244651927,55.638715009281086
Jabrica Leslie,Clinton College Golden Bears,55.6918666666667,clintoncollegegoldenbears,NA,NA,0,55.63836428837299
Bella Larrison,Anderson (IN) Ravens,55.6899666666667,andersoninravens,NA,NA,0,55.63648553582469
Lauren Davenport,BYU Cougars,55.4365666666667,byucougars,252,8,1.627414016520187,55.635627174372154
Janae Tyler,Kent State Golden Flashes,55.7222666666667,kentstategoldenflashes,2309,14,-0.06421715182798006,55.632342795595314
Sumer Lee,DePaul Blue Demons,55.4863333333334,depaulbluedemons,305,4,1.1815976661979184,55.62887838001866
Me'Arah O'Neal,Florida Gators,55.3985333333333,floridagators,57,23,2.220381999275397,55.62373680182523
Olivia Poulivaati,Nevada Wolf Pack,55.6743833333334,nevadawolfpack,NA,NA,0,55.62107624173688
Dom Nesland,High Point Panthers,56.5618333333333,highpointpanthers,2272,6,-1.3272392548610852,55.61989950467241
Tyreona Sibley,SE Louisiana Lady Lions,55.92065,selouisianaladylions,2545,25,-0.4220080591350636,55.61794683534326
Nekaya Williams,Edward Waters Tigers,55.6647,edwardwaterstigers,NA,NA,0,55.61150085091169
Kristyna Boyd,Arkansas-Pine Bluff Golden Lions,56.3943,arkansaspinebluffgoldenlions,2029,26,-1.1266675637845338,55.61067150079539
Alice Curman,Southern Illinois Salukis,55.5715166666666,southernillinoissalukis,79,18,0.3818613853103341,55.609721590671704
Cree Mcclemore,Texas College Steers,55.6586666666666,texascollegesteers,NA,NA,0,55.60553469372311
Carly Keats,Arkansas Razorbacks,55.3776833333333,arkansasrazorbacks,8,23,2.220381999275397,55.60188698577457
Jourdyn Wynn,Defiance Yellow Jackets,55.6539166666666,defianceyellowjackets,NA,NA,0,55.60083753842037
Royjeannae Graves,College Of Biblical Studies Ambassadors,55.6508333333333,collegeofbiblicalstudiesambassadors,NA,NA,0,55.59778848770652
Jaye Haynes,Monmouth Hawks,55.9362,monmouthhawks,2405,10,-0.4891651654627686,55.593259588690636
Yanessa Boyd,St. Francis (PA) Red Flash,56.8026,stfrancisparedflash,2598,19,-1.6800381617881592,55.5931031568831
Dasiya Jones,Colorado Christian Cougars,55.6449333333333,coloradochristiancougars,NA,NA,0,55.59195404391905
Jasmine Singleton,San José State Spartans,55.6440666666667,sanjosstatespartans,NA,NA,0,55.59109700210685
Tori Younker,Corban University Warriors,55.6369,corbanuniversitywarriors,NA,NA,0,55.58400987777589
Chloe Williams,Winston-Salem Rams,55.6315166666666,winstonsalemrams,NA,NA,0,55.57868623760775
Breyonce' Jim,Southeastern Baptist College Chargers,55.628,southeasternbaptistcollegechargers,NA,NA,0,55.5752085395817
Mya Miller,Columbia College (MO) Cougars,55.6165833333333,columbiacollegemocougars,NA,NA,0,55.56391824112866
Riley Stack,Coastal Carolina Chanticleers,55.6418833333334,coastalcarolinachanticleers,324,27,-0.06224989283771565,55.554544900158795
Bella McLaughlin,Boston University Terriers,55.89745,bostonuniversityterriers,104,22,-0.505160124153813,55.54795911889308
Caitlynn Jordan,Oklahoma Christian University Eagles,55.5986499999999,oklahomachristianuniversityeagles,NA,NA,0,55.54618297139614
Dylan Philip,Montana State Bobcats,55.6043166666667,montanastatebobcats,147,5,-0.02468095143188219,55.53825542914838
Julianna Walter,Guilford Quakers,55.5770333333333,guilfordquakers,NA,NA,0,55.524804341656434
Ella Haney,Maryville College (TN) Fighting Scots,55.57605,maryvillecollegetnfightingscots,NA,NA,0,55.52383181817007
Jazmyn Stone,Charleston Cougars,55.857,charlestoncougars,232,10,-0.4891651654627686,55.519610263649724
Sylvia Kahoro,Berry Vikings,55.5659666666666,berryvikings,NA,NA,0,55.513859239496334
Molly Sheehan,SIU Edwardsville Cougars,55.83475,siuedwardsvillecougars,2565,20,-0.46568010292818823,55.51235344421371
Jasmine Jones,New Orleans Privateers,55.7847166666666,neworleansprivateers,2443,25,-0.4220080591350636,55.490397953480546
Kennadi Harris,Lake Erie Storm,55.5385666666667,lakeeriestorm,NA,NA,0,55.48675935281609
Khloe Lemon,California Baptist Lancers,55.7101333333333,californiabaptistlancers,2856,30,-0.3067245555951177,55.48473707820424
Megan Bodziony,Le Moyne Dolphins,56.6524333333333,lemoynedolphins,2330,19,-1.6800381617881592,55.47785364090655
Coryn Fromm,St. Francis (IL) Fighting Saints,55.5195833333333,stfrancisilfightingsaints,NA,NA,0,55.46798322028178
Emily Hall,Akron Zips,55.5527833333334,akronzips,2006,14,-0.06421715182798006,55.46599883619444
Sophie Costello,Rensselaer Engineers,55.5106666666667,rensselaerengineers,NA,NA,0,55.4591636736304
Kallie Theisen,South Dakota State Jackrabbits,55.5101166666667,southdakotastatejackrabbits,NA,NA,0,55.458619659938066
Malia Melton,Oglethorpe Stormy Petrels,55.5062666666667,oglethorpestormypetrels,NA,NA,0,55.454811550196204
Morgon Webb,Coastal Georgia Mariners,55.5010166666666,coastalgeorgiamariners,NA,NA,0,55.44961863409792
Joerdan Thomas,St. Thomas (TX) Celts,55.4973833333333,stthomastxcelts,NA,NA,0,55.44602477999166
Quanirah Montague,Mississippi State Bulldogs,55.2267666666667,mississippistatebulldogs,344,23,2.220381999275397,55.44382789647521
Sarah Talon,Maine Black Bears,55.81815,maineblackbears,311,1,-0.5587271973835142,55.44378992822232
Taniya McGowan,South Carolina State Lady Bulldogs,56.0881,southcarolinastateladybulldogs,2569,16,-0.9745622795118004,55.44245207213582
Tania Allen,Chicago State Cougars,56.5966,chicagostatecougars,2130,19,-1.6800381617881592,55.43481977176517
Keimarya Rivera,Oglethorpe Stormy Petrels,55.4859833333333,oglethorpestormypetrels,NA,NA,0,55.43474851019798
Grace Gavin,Sewanee Tigers,55.4831166666666,sewaneetigers,NA,NA,0,55.43191292348961
Kyleigh McGuire,Sam Houston Bearkats,55.4143833333334,samhoustonbearkats,2534,11,0.1427033440452017,55.420445841656864
Jada Hunter,Saint Mary's Gaels,55.4036666666667,saintmarysgaels,2608,29,0.15617675887640683,55.41145132305647
Ahrianna Scott,Erskine Flying Fleet,55.4570833333334,erskineflyingfleet,NA,NA,0,55.40616122430654
Kyla Cruz Baez,Florida National Conquistadors,55.4510833333333,floridanationalconquistadors,NA,NA,0,55.400225976584586
Skylar Groesbeck,Warner Pacific Knights,55.4449333333333,warnerpacificknights,NA,NA,0,55.3941422867035
Symere Shelton,La Sierra Golden Eagles,55.4413666666667,lasierragoldeneagles,NA,NA,0,55.390614048049564
Taylor Smith,Frostburg State Bobcats,55.43285,frostburgstatebobcats,NA,NA,0,55.38218905785461
Libby Privett,Wofford Terriers,55.69655,woffordterriers,2747,24,-0.4695431161729573,55.381125610398456
Sidney Folkenberg,Walla Walla Wolves,55.4239666666667,wallawallawolves,NA,NA,0,55.373401222025024
Weronika Swojak,Warren Wilson Owls,55.4235666666667,warrenwilsonowls,NA,NA,0,55.373005519077324
Lexi Starr,Indiana-Southeast Grenadiers,55.4115,indianasoutheastgrenadiers,NA,NA,0,55.36106835777385
Roxane Makolo,Georgia Lady Bulldogs,55.1208666666667,georgialadybulldogs,61,23,2.220381999275397,55.333014202753894
Mailien Rolf,Arizona Wildcats,55.1448,arizonawildcats,12,8,1.627414016520187,55.33177713752371
MG Lymon,Loyola New Orleans Wolfpack,55.3804,loyolaneworleanswolfpack,NA,NA,0,55.330301047484134
Alli Dioli,Cal State Bakersfield Roadrunners,55.6488833333333,calstatebakersfieldroadrunners,2934,9,-0.518954747209004,55.309369102356094
Nia Howard,UNC Greensboro Spartans,55.6185333333333,uncgreensborospartans,2430,24,-0.4695431161729573,55.3082110853668
Dakieren Turner,Maryland Eastern Shore Hawks,55.9025833333334,marylandeasternshorehawks,2379,16,-0.9745622795118004,55.28095401121751
Alexis Whitfield,Oregon Ducks,55.0672,oregonducks,2483,7,1.8898677492822935,55.27688805973259
Jacklyn Kulow,Jessup University Warriors,55.3220666666667,jessupuniversitywarriors,NA,NA,0,55.2725875050604
Azjah Reeves,McNeese Cowgirls,55.5502,mcneesecowgirls,2377,25,-0.4220080591350636,55.26995605682674
La'Niya Simes,Winston-Salem Rams,55.3083000000001,winstonsalemrams,NA,NA,0,55.258966307737815
Brialle Washington,New Orleans Privateers,55.5366,neworleansprivateers,2443,25,-0.4220080591350636,55.25715728646451
Anna Camden,Richmond Spiders,55.2347166666667,richmondspiders,257,3,0.21493314091272497,55.24952718795535
Nia Jordan,Prairie View A&M Lady Panthers,55.9682,prairieviewamladypanthers,2504,26,-1.1266675637845338,55.2491883833298
Lore Porter,Niagara Purple Eagles,55.7160166666667,niagarapurpleeagles,315,13,-0.7445170244651927,55.2459076938778
Jelena Perovic,Union Garnet Chargers,55.28825,uniongarnetchargers,NA,NA,0,55.239127625879284
Tykara Harrison,St. Francis (IL) Fighting Saints,55.2704333333333,stfrancisilfightingsaints,NA,NA,0,55.22149819678295
Aaliyah Roberson,TCU Horned Frogs,55.0375500000001,tcuhornedfrogs,2628,8,1.627414016520187,55.220220385648865
Cami Fulcher,San Francisco Dons,55.2120666666667,sanfranciscodons,2539,29,0.15617675887640683,55.21953848223912
Demonnie Lagway,Cal State Fullerton Titans,55.5414166666667,calstatefullertontitans,2239,9,-0.518954747209004,55.20947069851748
Taylor Schwab,Arizona Christian Firestorm,55.25325,arizonachristianfirestorm,NA,NA,0,55.20449496270854
Abigail Wright,Harvard Crimson,55.1930833333333,harvardcrimson,108,12,0.1841164774285017,55.20396586776955
Kayla Lorenz,UT Rio Grande Valley Vaqueros,55.4770666666666,utriograndevalleyvaqueros,292,25,-0.4220080591350636,55.20111213500666
Destiny Robinson,Toledo Rockets,55.2728500000001,toledorockets,2649,14,-0.06421715182798006,55.191078478364886
T'Aaliyah Miner,Lamar Cardinals,55.4662333333333,lamarcardinals,2320,25,-0.4220080591350636,55.190910202769324
Symone Harrell,St. Francis (IL) Fighting Saints,55.2379333333334,stfrancisilfightingsaints,NA,NA,0,55.18933843192131
Erin Toller,Bellarmine Knights,55.23015,bellarmineknights,NA,NA,0,55.18163632955632
Lalani Ellis,Eastern Illinois Panthers,55.4783166666667,easternillinoispanthers,2197,20,-0.46568010292818823,55.17906982000198
Kristina Juric,Manhattan Jaspers,55.6340333333334,manhattanjaspers,2363,13,-0.7445170244651927,55.17189361991198
Xoe Rosalez,Youngstown State Penguins,55.22025,youngstownstatepenguins,NA,NA,0,55.1718395112547
Kathryn Scottland,Faulkner Eagles,55.2154,faulknereagles,NA,NA,0,55.16704000272917
Elena Cabello,Eastern Michigan Eagles,55.2478666666667,easternmichiganeagles,2199,14,-0.06421715182798006,55.16653225935762
Mata Peaua,Weber State Wildcats,55.2078666666667,weberstatewildcats,2692,5,-0.02468095143188219,55.14714705830052
Asiah Baxter,Ohio Bobcats,55.2244500000001,ohiobobcats,195,14,-0.06421715182798006,55.143523782183635
Jordyn Stokes,Chadron State Eagles,55.1795166666667,chadronstateeagles,NA,NA,0,55.13152907136428
Mary Gibbons,Navy Midshipmen,55.4295166666666,navymidshipmen,2426,22,-0.505160124153813,55.112577326775494
Filipa Calisto,George Washington Revolutionaries,55.0980166666667,georgewashingtonrevolutionaries,45,3,0.21493314091272497,55.112396345402395
Luka Malinka,Roosevelt Lakers,55.1548166666666,rooseveltlakers,NA,NA,0,55.10708422040669
Maria Sanchez Pitarch,Northeastern Huskies,55.4132333333333,northeasternhuskies,111,10,-0.4891651654627686,55.10577007912805
Marissa Shelton,St. Francis (PA) Red Flash,56.1719833333333,stfrancisparedflash,2598,19,-1.6800381617881592,55.1043511210408
Faith Hayward,Bob Jones Bruins,55.1519333333334,bobjonesbruins,NA,NA,0,55.10423060851384
Emilee Proctor,Wiley Wildcats,55.14785,wileywildcats,NA,NA,0,55.10018934366713
Paris Miller,Nelson Lions,55.1421166666667,nelsonlions,NA,NA,0,55.09451503328599
Shannon Wheeler,Dayton Flyers,55.0716666666667,daytonflyers,2168,3,0.21493314091272497,55.08596433706406
Sierra Johnson,Sacred Heart Pioneers,55.5353333333333,sacredheartpioneers,2529,13,-0.7445170244651927,55.082660118757026
Chrysta Narcisse,South Alabama Jaguars,55.14925,southalabamajaguars,6,27,-0.06224989283771565,55.070603269288306
Caitlin Travis,Loyola New Orleans Wolfpack,55.1149500000001,loyolaneworleanswolfpack,NA,NA,0,55.06762733129256
Aileen Marquez,Morehead State Eagles,55.3584333333333,moreheadstateeagles,2413,20,-0.46568010292818823,55.06669955223392
Ella Lune,Eastern Illinois Panthers,55.3559,easternillinoispanthers,2197,20,-0.46568010292818823,55.064323520294025
Ally Schimel,Oregon State Beavers,55.0513833333333,oregonstatebeavers,204,29,0.15617675887640683,55.05859979060885
Adriana Shipp-Davis,Radford Highlanders,55.8698833333333,radfordhighlanders,2515,6,-1.3272392548610852,55.05046111017753
Nicole Kamin,Grand Valley State Lakers,55.0966166666667,grandvalleystatelakers,NA,NA,0,55.049481596580875
Lauren Scott,Wright State Raiders,55.0923333333333,wrightstateraiders,NA,NA,0,55.04524201660838
Shamya Champ,Jarvis Christian Bulldogs,55.0916666666667,jarvischristianbulldogs,NA,NA,0,55.0445821571994
Mikiyah Mallet,Cheyney (PA) Wolves,55.0890000000001,cheyneypawolves,NA,NA,0,55.04194271255083
Mya Pierfax,Winthrop Eagles,55.84915,winthropeagles,2737,6,-1.3272392548610852,55.0332145660623
Ice Brady,UConn Huskies,54.9020333333333,uconnhuskies,41,4,1.1815976661979184,55.027689723184494
Evangelina Parrish,Chicago State Cougars,56.07205,chicagostatecougars,2130,19,-1.6800381617881592,55.025767788127666
Julianna Gibson,St. Francis (PA) Red Flash,56.0705,stfrancisparedflash,2598,19,-1.6800381617881592,55.02454654475665
Mikyah Finley,Shaw Bears,55.0659166666667,shawbears,NA,NA,0,55.01909455128126
Aaliyah Henderson,Texas Southern Tigers,55.6989500000001,texassoutherntigers,2640,26,-1.1266675637845338,55.01876843454126
Aima Ofunrein,Brown Bears,55.0041,brownbears,225,12,0.1841164774285017,55.014545541745306
De'Ashaj Crawford,Johnson & Wales (NC) Wildcats,55.0592666666667,johnsonwalesncwildcats,NA,NA,0,55.01251214551336
Andrea Martinez,Gardner-Webb Runnin' Bulldogs,55.81045,gardnerwebbrunninbulldogs,2241,6,-1.3272392548610852,55.00099480835256
Dannah Martin-Hartwick,LSU Alexandria Generals,55.0459,lsualexandriagenerals,NA,NA,0,54.99928113454849
Kyah Smith,Navy Midshipmen,55.2879,navymidshipmen,2426,22,-0.505160124153813,54.980371318464364
Carmen Williams,Sacred Heart Pioneers,55.4195666666667,sacredheartpioneers,2529,13,-0.7445170244651927,54.97782058986115
Chloe Williams,Indiana State Sycamores,54.9444,indianastatesycamores,282,18,0.3818613853103341,54.977789961216196
Lucia Noin,Central Connecticut Blue Devils,56.0093333333333,centralconnecticutbluedevils,2115,19,-1.6800381617881592,54.976295386453494
Raiana Brown,Fairfield Stags,55.4110333333334,fairfieldstags,2217,13,-0.7445170244651927,54.970085232053684
Emma Santoro,Emory & Henry Wasps,55.0137833333333,emoryhenrywasps,NA,NA,0,54.96748926686424
Saige Gibb,Utah Valley Wolverines,55.1641833333333,utahvalleywolverines,3084,30,-0.3067245555951177,54.96342400834236
Paris Guillory,McNeese Cowgirls,55.2227166666667,mcneesecowgirls,2377,25,-0.4220080591350636,54.96131713120252
Abby Mundy,Evergreen State Geoducks,55.00745,evergreenstategeoducks,NA,NA,0,54.96121979228093
Ariana Vanderhoop,St. John's Red Storm,54.8373,stjohnsredstorm,2599,4,1.1815976661979184,54.96117789329875
Emily Strachan,Cal State Fullerton Titans,55.2733833333333,calstatefullertontitans,2239,9,-0.518954747209004,54.959790184247375
Marta Espinal,Loyola Maryland Greyhounds,55.2606500000001,loyolamarylandgreyhounds,2352,22,-0.505160124153813,54.954909074236454
D'Shantae Edwards,Southern Jaguars,55.5980833333333,southernjaguars,2582,26,-1.1266675637845338,54.93205829930274
Renna Schwieterman,Purdue Fort Wayne Mastodons,54.9560833333333,purduefortwaynemastodons,NA,NA,0,54.910368737210064
Tomisin Adenupe,Davidson Wildcats,54.8775666666667,davidsonwildcats,2166,3,0.21493314091272497,54.89127048620348
Mikaylah Manley,Southern Miss Lady Eagles,54.9548833333333,southernmissladyeagles,2572,27,-0.06224989283771565,54.87948967511457
Leia Brown,Paine Lions,54.9225666666666,painelions,NA,NA,0,54.87718628910037
Natalie Larranaga,Northeastern Huskies,55.1630666666667,northeasternhuskies,111,10,-0.4891651654627686,54.871615477551515
Lucia Melero Sabat,New Hampshire Wildcats,55.1974,newhampshirewildcats,160,1,-0.5587271973835142,54.868973105087484
Chloe Zazueta,Life Pacific Warriors,54.9026333333333,lifepacificwarriors,NA,NA,0,54.85745089767193
Crystin Guy,Blue Mountain College Toppers,54.8995666666667,bluemountaincollegetoppers,NA,NA,0,54.854414628918796
Kenzie Sirowich,Alaska Anchorage Seawolves,54.8969000000001,alaskaanchorageseawolves,NA,NA,0,54.85177438337601
Michaela Ray,University of The Southwest Mustangs,54.8944166666667,universityofthesouthwestmustangs,NA,NA,0,54.8493156448089
Harmony Earth-Wiley,Bridgeport Purple Knights,54.8860666666667,bridgeportpurpleknights,NA,NA,0,54.841048272616895
Lilly Ferguson,Massachusetts Minutewomen,54.8220666666667,massachusettsminutewomen,113,3,0.21493314091272497,54.835603969850354
Marina Artero,St. Francis (PA) Red Flash,55.8189500000001,stfrancisparedflash,2598,19,-1.6800381617881592,54.8253929044264
Macy Brackett,Virginia-Lynchburg Dragons,54.8591,virginialynchburgdragons,NA,NA,0,54.814347719423246
Karly Sweeney,Indiana-Southeast Grenadiers,54.8305333333333,indianasoutheastgrenadiers,NA,NA,0,54.786061731232174
Saniya Burks,Texas State Bobcats,54.85985,texasstatebobcats,326,27,-0.06224989283771565,54.78601148113164
Chantae Embry,SMU Mustangs,54.6074666666666,smumustangs,2567,2,1.7410828106998104,54.785923759984826
Zoe Tillery,UC Riverside Highlanders,55.0756166666667,ucriversidehighlanders,27,9,-0.518954747209004,54.775094356694005
Reyna Scott,Oklahoma Sooners,54.5855166666667,oklahomasooners,201,23,2.220381999275397,54.77403310757014
Ysabel Puente,Life Pacific Warriors,54.8176,lifepacificwarriors,NA,NA,0,54.77325505959116
Nia Hardison,Northwestern State Lady Demons,55.0176166666667,northwesternstateladydemons,2466,25,-0.4220080591350636,54.76754964437485
Delanie Hill,UAlbany Great Danes,55.0860833333333,ualbanygreatdanes,399,1,-0.5587271973835142,54.765447650763576
O'Mariyah Tucker,Alabama State Lady Hornets,55.3700166666667,alabamastateladyhornets,2011,26,-1.1266675637845338,54.735230296228124
Lilee Carlson,Lake Erie Storm,54.7623833333333,lakeeriestorm,NA,NA,0,54.71857626494561
Elise Grossdidier,Colorado Christian Cougars,54.7543666666666,coloradochristiancougars,NA,NA,0,54.710637301398485
Savannah Samuel,Boston College Eagles,54.52615,bostoncollegeeagles,103,2,1.7410828106998104,54.70137727559515
Cici Hernandez,Mercyhurst Lakers,55.6629833333333,mercyhurstlakers,2385,19,-1.6800381617881592,54.70096792696715
Gianna Angiolet,UT Rio Grande Valley Vaqueros,54.9456333333333,utriograndevalleyvaqueros,292,25,-0.4220080591350636,54.699459490023884
Nia Green,Morgan State Lady Bears,55.2196000000001,morganstateladybears,2415,16,-0.9745622795118004,54.68095996076929
Danae Powell,Fresno State Bulldogs,54.7225,fresnostatebulldogs,NA,NA,0,54.67907853841532
Aspen Thornton,UT Arlington Mavericks,54.8561666666667,utarlingtonmavericks,250,30,-0.3067245555951177,54.66842769184668
Naomi Barnwell,Robert Morris Colonials,54.7003333333333,robertmorriscolonials,NA,NA,0,54.65712513906532
Cayla Williams,UC Santa Barbara Gauchos,54.9487166666667,ucsantabarbaragauchos,2540,9,-0.518954747209004,54.656374741984685
Cambree Blackham,Utah Valley Wolverines,54.8377833333334,utahvalleywolverines,3084,30,-0.3067245555951177,54.650801926872354
Junae Mahan,UC San Diego Tritons,54.9332833333333,ucsandiegotritons,28,9,-0.518954747209004,54.64192538500823
Kate Hughes,Mount Saint Mary (NY) Knights,54.6834333333333,mountsaintmarynyknights,NA,NA,0,54.640387233475074
Harris Robinson,St. Francis (PA) Red Flash,55.5868833333334,stfrancisparedflash,2598,19,-1.6800381617881592,54.63999879885888
Gemma LaVergne,Corban University Warriors,54.6830196969697,corbanuniversitywarriors,NA,NA,0,54.63997755902019
Olivia Kieffer,South Dakota Coyotes,54.682,southdakotacoyotes,NA,NA,0,54.638967627844686
Emani Jenkins,Troy Trojans,54.7096,troytrojans,2653,27,-0.06224989283771565,54.63817339747346
McKenna Layden,Purdue Boilermakers,54.4497333333333,purdueboilermakers,2509,7,1.8898677492822935,54.63256898370666
Nevaeh Tot,Oklahoma Sooners,54.4451166666667,oklahomasooners,201,23,2.220381999275397,54.62776134507568
Lucia Yenes,New Mexico State Aggies,54.61455,newmexicostateaggies,166,11,0.1427033440452017,54.619642283460976
Bryanna Preston,Texas Longhorns,54.4249,texaslonghorns,251,23,2.220381999275397,54.60671007714398
Brianna Wilson,Texas Lutheran Bulldogs,54.6477666666667,texaslutheranbulldogs,NA,NA,0,54.60506123777124
Pam Mock,Meredith College Avenging Angels,54.6439,meredithcollegeavengingangels,NA,NA,0,54.601231387948175
Dee Guinn,Faulkner Eagles,54.6416833333333,faulknereagles,NA,NA,0,54.59903581729569
Kaison Wood,Alice Lloyd College Eagles,54.6203333333333,alicelloydcollegeeagles,NA,NA,0,54.57788862521234
Jade Fry,Arkansas Baptist Buffaloes,54.6165333333334,arkansasbaptistbuffaloes,NA,NA,0,54.574124650055026
XaiOnna Whitfield,Tennessee State Lady Tigers,54.8324666666667,tennesseestateladytigers,2634,20,-0.46568010292818823,54.57211887486626
Layla Henderson,Johns Hopkins University Blue Jays,54.61145,johnshopkinsuniversitybluejays,NA,NA,0,54.56908947380676
Addie Porter,Clemson Tigers,54.3962,clemsontigers,228,2,1.7410828106998104,54.56635273584056
Alexa Lora,Johnson & Wales (RI) Griffins,54.6085,johnsonwalesrigriffins,NA,NA,0,54.566167402846965
Summer Bostock,Houston Cougars,54.4036,houstoncougars,248,8,1.627414016520187,54.56224680552033
Myonna Hooper,Detroit Mercy Titans,54.5872333333334,detroitmercytitans,NA,NA,0,54.545101690007996
Kierra Prim,Houston Christian Huskies,54.7728,houstonchristianhuskies,2277,25,-0.4220080591350636,54.53579769867914
Bella Cates,Hendrix College Warriors,54.5729666666667,hendrixcollegewarriors,NA,NA,0,54.53096945131163
Lanay Wheaton,Louisiana Ragin' Cajuns,54.6006333333333,louisianaragincajuns,309,27,-0.06224989283771565,54.53092047577683
Zamareya Jones,NC State Wolfpack,54.3564833333333,ncstatewolfpack,152,2,1.7410828106998104,54.52510629956607
Addison Branscum,Regis Rangers,54.5523666666666,regisrangers,NA,NA,0,54.510563016161235
Elivia Moore,Alice Lloyd College Eagles,54.5505166666667,alicelloydcollegeeagles,NA,NA,0,54.50873036827706
Hennie Van Schaik,San José State Spartans,54.5453833333334,sanjosstatespartans,NA,NA,0,54.503645156307044
Rachel Harvey,Eastern Washington Eagles,54.5453666666667,easternwashingtoneagles,331,5,-0.02468095143188219,54.49287566295778
Cianna Roberts,Cheyney (PA) Wolves,54.5200166666667,cheyneypawolves,NA,NA,0,54.47851570529493
Anya Choice,UC Santa Barbara Gauchos,54.7550333333333,ucsantabarbaragauchos,2540,9,-0.518954747209004,54.474870284659
Olivia Fernandez,Bryant Bulldogs,54.7600333333334,bryantbulldogs,2803,1,-0.5587271973835142,54.46146309161435
Elle Papahronis,San Francisco Dons,54.4468333333333,sanfranciscodons,2539,29,0.15617675887640683,54.45314456145475
Daniella Velez,Presbyterian Blue Hose,55.1580833333334,presbyterianbluehose,2506,6,-1.3272392548610852,54.452476957281434
Kiana Henning,Howard Payne Yellow Jackets,54.4659333333333,howardpayneyellowjackets,NA,NA,0,54.4249349245406
Grace Oliver,Colorado Buffaloes,54.2669,coloradobuffaloes,38,8,1.627414016520187,54.420678832698954
Haley Debuse,College Of Saint Mary Flames,54.44865,collegeofsaintmaryflames,NA,NA,0,54.40781127376334
Kylee Madden,Southeastern Baptist College Chargers,54.4401666666667,southeasternbaptistcollegechargers,NA,NA,0,54.399406156685664
Skylar Bailey,UNC Asheville Bulldogs,55.0936666666667,uncashevillebulldogs,2427,6,-1.3272392548610852,54.39777471099527
Shannen Hinchey,Virginia-Lynchburg Dragons,54.4251833333334,virginialynchburgdragons,NA,NA,0,54.38456070904621
Lydia York,Central Baptist College Mustangs,54.4183333333333,centralbaptistcollegemustangs,NA,NA,0,54.377773636192295
Elise Stuck,Ball State Cardinals,54.4453,ballstatecardinals,2050,14,-0.06421715182798006,54.37714157892505
Asha Walker,Chicago State Cougars,55.2584666666666,chicagostatecougars,2130,19,-1.6800381617881592,54.37496249318368
Lauren Friedrich,Columbia College (MO) Cougars,54.4124166666667,columbiacollegemocougars,NA,NA,0,54.37191126679923
Loes Rozing,New Mexico State Aggies,54.3602,newmexicostateaggies,166,11,0.1427033440452017,54.36500849691066
Amirah Abdur-Rahim,Texas A&M Aggies,54.1922166666667,texasamaggies,245,23,2.220381999275397,54.36461576519998
Shabrica Leslie,Clinton College Golden Bears,54.3931833333334,clintoncollegegoldenbears,NA,NA,0,54.35285408051554
Martina Borrellas,UAlbany Great Danes,54.639380952381,ualbanygreatdanes,399,1,-0.5587271973835142,54.348695325426114
Jaliyah Green,Villanova Wildcats,54.2384,villanovawildcats,222,4,1.1815976661979184,54.34666462112669
Jesse Ledgerwood,Indiana-Southeast Grenadiers,54.37715,indianasoutheastgrenadiers,NA,NA,0,54.33696717013584
Sarahia Hurd,Southeastern Baptist College Chargers,54.3572166666667,southeasternbaptistcollegechargers,NA,NA,0,54.31721534821268
Sydni Morris,Clarke University Pride,54.3321833333333,clarkeuniversitypride,NA,NA,0,54.29240913923749
Makayla Raines,Southern Wesleyan Warriors,54.3316333333334,southernwesleyanwarriors,NA,NA,0,54.29186411899469
Jordan Wood,Duke Blue Devils,54.1153833333333,dukebluedevils,150,2,1.7410828106998104,54.27492958030523
Queen Ikhiuwu,Wofford Terriers,54.5064666666667,woffordterriers,2747,24,-0.4695431161729573,54.262659270351016
Gisela Segura,Long Island University Sharks,55.1192833333334,longislanduniversitysharks,112358,19,-1.6800381617881592,54.261714619108695
Lish Spoonhunter,Haskell Jayhawks,54.2985,haskelljayhawks,NA,NA,0,54.259029960914766
Irene Asensio,UTEP Miners,54.2445500000001,utepminers,2638,11,0.1427033440452017,54.24923326445463
Ariana Kupi,Adelphi Panthers,54.2872166666667,adelphipanthers,NA,NA,0,54.24784814318572
Marie Outlay,Roosevelt Lakers,54.2872,rooseveltlakers,NA,NA,0,54.24783162633068
Jaelyn Talley,North Texas Mean Green,54.27915,northtexasmeangreen,NA,NA,0,54.23985393797499
Oyindamola Akinbolawa,Auburn Tigers,54.07155,auburntigers,2,23,2.220381999275397,54.239208106965975
Marley Langi,Cal State Bakersfield Roadrunners,54.4991666666667,calstatebakersfieldroadrunners,2934,9,-0.518954747209004,54.234534816692154
Lillian Null,Goshen Maple Leafs,54.26575,goshenmapleleafs,NA,NA,0,54.226574098056126
Aaliyah Ibarra,Utah Tech Trailblazers,54.3925166666667,utahtechtrailblazers,3101,30,-0.3067245555951177,54.22322889665389
Brooklyn Stewart,Brescia Bearcats,54.2604333333333,bresciabearcats,NA,NA,0,54.221305034339224
Kelsie Imai,Hawai'i Rainbow Wahine,54.4829166666667,hawaiirainbowwahine,62,9,-0.518954747209004,54.2192500683207
Sarah Miller,Pennsylvania Quakers,54.2004833333333,pennsylvaniaquakers,219,12,0.1841164774285017,54.20920927525012
Madelynn Muniz,Cal State Fullerton Titans,54.4663,calstatefullertontitans,2239,9,-0.518954747209004,54.203617847639144
Irune Orio,Xavier Musketeers,54.0949166666667,xaviermusketeers,2752,4,1.1815976661979184,54.19966018379666
Adria Lincoln,Montana Lady Griz,54.2378166666667,montanaladygriz,149,5,-0.02468095143188219,54.18886151952243
Taylor Stremlow,Iowa Hawkeyes,54.02095,iowahawkeyes,2294,7,1.8898677492822935,54.186647987529625
Emerita Mashaire,Pepperdine Waves,54.177266666666704,pepperdinewaves,2492,29,0.15617675887640683,54.183201608910565
Sofia Bell,Oregon Ducks,54.0144333333334,oregonducks,2483,7,1.8898677492822935,54.17988007463217
Alexis Gie,Dillard Blue Devils,54.2146666666667,dillardbluedevils,NA,NA,0,54.17594644119463
Chloe Van Zeeland,UW-Parkside Rangers,54.2059166666667,uwparksiderangers,NA,NA,0,54.16727411347742
Aminata Diakite,Towson Tigers,54.4000333333333,towsontigers,119,10,-0.4891651654627686,54.15376368696245
Petra Bozan,Nebraska Cornhuskers,53.9891,nebraskacornhuskers,158,7,1.8898677492822935,54.153572609362406
Carla Viegas,Florida State Seminoles,53.9945833333333,floridastateseminoles,52,2,1.7410828106998104,54.149715427238476
Skylar Barnes,Southeast Missouri State Redhawks,54.3814666666667,southeastmissouristateredhawks,2546,20,-0.46568010292818823,54.146055103103016
Cadence Dykstra,Toledo Rockets,54.2048666666667,toledorockets,2649,14,-0.06421715182798006,54.14033950698396
Sydnee Kemp,Sam Houston Bearkats,54.1302666666667,samhoustonbearkats,2534,11,0.1427033440452017,54.134828476345625
Kalissa Lacy,Northern Kentucky Norse,54.1711833333333,northernkentuckynorse,NA,NA,0,54.13284800940792
Alex Gitchenko,UMass Lowell River Hawks,54.4031166666667,umasslowellriverhawks,2349,1,-0.5587271973835142,54.12744127422975
Kenza Salgues,Florida Gators,53.9523666666667,floridagators,57,23,2.220381999275397,54.11543405716253
Ellie Reynolds,Colorado-Colorado Springs Mountain Lions,54.10905,coloradocoloradospringsmountainlions,NA,NA,0,54.071259929286185
Kailey Kalet,Loyola Maryland Greyhounds,54.3137,loyolamarylandgreyhounds,2352,22,-0.505160124153813,54.06561867310677
Anasia Staton,Towson Tigers,54.2915,towsontigers,119,10,-0.4891651654627686,54.05122498988356
Maria Myklebust,Florida Atlantic Owls,54.0872,floridaatlanticowls,NA,NA,0,54.04960035692214
Anna Rescifina,American University Eagles,54.2561333333333,americanuniversityeagles,44,22,-0.505160124153813,54.011286226063724
Madison Cockrell,Incarnate Word Cardinals,54.2144666666667,incarnatewordcardinals,2916,25,-0.4220080591350636,54.00543659203399
Whitney Lind,Lehigh Mountain Hawks,54.2475333333334,lehighmountainhawks,2329,22,-0.505160124153813,54.003166811338644
Kyla Davis,McNeese Cowgirls,54.1761666666667,mcneesecowgirls,2377,25,-0.4220080591350636,53.96896495451922
Jacqueline Aguilar,Bethesda University Flames,54.00385,bethesdauniversityflames,NA,NA,0,53.966970508959
Ciniya Moore,Yale Bulldogs,53.93375,yalebulldogs,43,12,0.1841164774285017,53.94195280724113
Adreanna Waddle,Prairie View A&M Lady Panthers,54.4451666666666,prairieviewamladypanthers,2504,26,-1.1266675637845338,53.92650814841181
Amelia Scharpf,UC Irvine Anteaters,54.1527166666667,ucirvineanteaters,300,9,-0.518954747209004,53.90812777786324
Mimi Rubino,Bryant Bulldogs,54.16895,bryantbulldogs,2803,1,-0.5587271973835142,53.90760084689891
Charlotte Abraham,Washington State Cougars,53.89865,washingtonstatecougars,265,29,0.15617675887640683,53.90421309209827
Kenzie Matulonis,New Hampshire Wildcats,54.1448166666667,newhampshirewildcats,160,1,-0.5587271973835142,53.88491331178302
Crystal Smith,Texas State Bobcats,53.9335833333334,texasstatebobcats,326,27,-0.06224989283771565,53.87373057630535
Karsyn Norman,Butler Bulldogs,53.7725666666667,butlerbulldogs,2086,4,1.1815976661979184,53.869698234978166
Karrin Purchas,Virginia-Lynchburg Dragons,53.9025666666667,virginialynchburgdragons,NA,NA,0,53.86654901071604
Maddy Westbeld,Notre Dame Fighting Irish,53.7184500000001,notredamefightingirish,87,2,1.7410828106998104,53.863819728129386
Molly Lavin,Drexel Dragons,54.0821,drexeldragons,2182,10,-0.4891651654627686,53.85309718003171
Da'naijah Williams,Norfolk State Spartans,54.2906,norfolkstatespartans,2450,16,-0.9745622795118004,53.85182930086867
Alliance Ndiba,Cincinnati Bearcats,53.6978166666667,cincinnatibearcats,2132,8,1.627414016520187,53.83246863389278
Kaylee Bennett,Arlington Baptist Patriots,53.8595333333334,arlingtonbaptistpatriots,NA,NA,0,53.82387748345629
Sydney Thomas,Louisiana Tech Lady Techsters,53.8164166666667,louisianatechladytechsters,2348,11,0.1427033440452017,53.820656470589896
Grace Koepke,American University Eagles,54.0498,americanuniversityeagles,44,22,-0.505160124153813,53.81629971786393
Aaryn Battle,Pittsburgh Panthers,53.6705833333334,pittsburghpanthers,221,2,1.7410828106998104,53.81430647512829
Brittany Harshaw,Kansas Jayhawks,53.6712333333334,kansasjayhawks,2305,8,1.627414016520187,53.80503561766022
Darrione Rogers,Miami Hurricanes,53.66085,miamihurricanes,2390,2,1.7410828106998104,53.804239953082764
Zariah Davis,Wesleyan College (GA) Wolves,53.8265,wesleyancollegegawolves,NA,NA,0,53.79112012246043
Eliza Maupin,Kansas State Wildcats,53.648733333333404,kansasstatewildcats,2306,8,1.627414016520187,53.7818194393191
Chanelle McDonald,Bethune-Cookman Wildcats,54.27515,bethunecookmanwildcats,2065,26,-1.1266675637845338,53.776070187936085
Kaci Chairs,Prairie View A&M Lady Panthers,54.2708,prairieviewamladypanthers,2504,26,-1.1266675637845338,53.77221415759359
Ariana Seawell,Buffalo Bulls,53.8252833333333,buffalobulls,2084,14,-0.06421715182798006,53.7662059281446
Blessing Okoh,Winthrop Eagles,54.3556000000001,winthropeagles,2737,6,-1.3272392548610852,53.76438029204388
Lyric Johnson,Eastern Illinois Panthers,53.976,easternillinoispanthers,2197,20,-0.46568010292818823,53.76151638938293
Jana Falsdottir,Cal State Fullerton Titans,53.99715,calstatefullertontitans,2239,9,-0.518954747209004,53.76120066191872
Alana Rouser,Florida Atlantic Owls,53.7928,floridaatlanticowls,NA,NA,0,53.75770009681381
Gracie Rankosky,Walsh Cavaliers,53.7778333333333,walshcavaliers,NA,NA,0,53.74285726458733
Katie Krupa,Harvard Crimson,53.7344333333333,harvardcrimson,108,12,0.1841164774285017,53.74226008148215
Brianna Turnage,Florida State Seminoles,53.5583666666666,floridastateseminoles,52,2,1.7410828106998104,53.69828174021416
Taliyah Hayes,Dakota Wesleyan Tigers,53.7226166666667,dakotawesleyantigers,NA,NA,0,53.68809477727177
Kennedy Sanders,Colorado Buffaloes,53.5559833333334,coloradobuffaloes,38,8,1.627414016520187,53.68614598206233
Madelyn Brown,Saint Martin's Saints,53.71085,saintmartinssaints,NA,NA,0,53.67642435177388
Leah Barringer,Lees-McRae Bobcats,53.7088923076923,leesmcraebobcats,NA,NA,0,53.674482653183205
Natalie Edmonson,Hendrix College Warriors,53.6892166666667,hendrixcollegewarriors,NA,NA,0,53.654967462838236
Logan Lewis,IU Indianapolis Jaguars,53.6891166666667,iuindianapolisjaguars,NA,NA,0,53.65486827695684
Alonya Waldon,Samford Bulldogs,53.8644833333334,samfordbulldogs,2535,24,-0.4695431161729573,53.65408078109071
Jhaid Westbrook,Johnson C Smith Golden Bulls,53.6758666666667,johnsoncsmithgoldenbulls,NA,NA,0,53.6417260261444
Lee Lee Willis,Kennesaw State Owls,53.6268166666667,kennesawstateowls,338,11,0.1427033440452017,53.6308699717325
Kate Hillyer,William Jewell Cardinals,53.658,williamjewellcardinals,NA,NA,0,53.624004269913094
Kaliah Kendrick,Southern Wesleyan Warriors,53.6534666666667,southernwesleyanwarriors,NA,NA,0,53.619507635292344
Julianna Walker,Seattle U Redhawks,53.74465,seattleuredhawks,2547,30,-0.3067245555951177,53.59893649139707
Kyra Long,Miles Golden Bears,53.6286833333334,milesgoldenbears,NA,NA,0,53.59492443334978
Jailah Pineda,Old Westbury Panthers,53.6254666666667,oldwestburypanthers,NA,NA,0,53.591733680472316
Cheyanne Kemp,Central Arkansas Sugar Bears,53.6155833333333,centralarkansassugarbears,NA,NA,0,53.581929879871446
Malaya Jones,Nicholls Colonels,53.7624,nichollscolonels,2447,25,-0.4220080591350636,53.57423427274357
Ahnay Adams,Miami Hurricanes,53.4197500000001,miamihurricanes,2390,2,1.7410828106998104,53.55506096079569
Elyza Mitchell,Colby-Sawyer Chargers,53.58755,colbysawyerchargers,NA,NA,0,53.55412141051303
Jala Bannerman,Morgan State Lady Bears,53.9449666666667,morganstateladybears,2415,16,-0.9745622795118004,53.539747871314084
Momo LaClair,Massachusetts Minutewomen,53.5091500000001,massachusettsminutewomen,113,3,0.21493314091272497,53.519153444485944
Takiyah Goff,Tennessee Southern Firehawks,53.5331333333333,tennesseesouthernfirehawks,NA,NA,0,53.50013818754705
Danielle Vuletich,Robert Morris Colonials,53.5318833333333,robertmorriscolonials,NA,NA,0,53.49889809698823
Laurel Rockwood,UC Santa Barbara Gauchos,53.7164666666667,ucsantabarbaragauchos,2540,9,-0.518954747209004,53.495554671265815
Fiona Connolly,Valparaiso Beacons,53.4432166666667,valparaisobeacons,2674,18,0.3818613853103341,53.46685535179102
Ellizabeth Reed,Culver-Stockton Wildcats,53.4959333333334,culverstocktonwildcats,NA,NA,0,53.463232189143
Kyra Tanabe,Chadron State Eagles,53.4929,chadronstateeagles,NA,NA,0,53.46022274673004
Makenna Grillone,Colby-Sawyer Chargers,53.4920833333334,colbysawyerchargers,NA,NA,0,53.4594125101163
Aya Keita,San Francisco Dons,53.4472166666667,sanfranciscodons,2539,29,0.15617675887640683,53.45221287677939
Kennedy Eskelson,Weber State Wildcats,53.4741166666667,weberstatewildcats,2692,5,-0.02468095143188219,53.433205639019384
Nadia Howard,South Alabama Jaguars,53.4603666666667,southalabamajaguars,6,27,-0.06224989283771565,53.40687787732818
Averi Aaron,Louisiana Tech Lady Techsters,53.3948833333333,louisianatechladytechsters,2348,11,0.1427033440452017,53.39871651726439
Madison Butcher,Sacramento State Hornets,53.4293666666667,sacramentostatehornets,16,5,-0.02468095143188219,53.38889564847654
Kaila Berry,Fordham Rams,53.3762833333333,fordhamrams,2230,3,0.21493314091272497,53.38597037046126
Eden Sample,Jacksonville State Gamecocks,53.3746,jacksonvillestategamecocks,55,11,0.1427033440452017,53.378414346833615
Caitie Gingras,Cal State Bakersfield Roadrunners,53.5925166666666,calstatebakersfieldroadrunners,2934,9,-0.518954747209004,53.378023775964664
Taylor Jackson,Oklahoma Christian University Eagles,53.40665,oklahomachristianuniversityeagles,NA,NA,0,53.37464689057721
Riley Montagner,Lake Erie Storm,53.3997499999999,lakeeriestorm,NA,NA,0,53.36780039182898
Sydney Woodley,West Virginia Mountaineers,53.2464000000001,westvirginiamountaineers,277,8,1.627414016520187,53.3671351811985
Claire Stern,North Dakota State Bison,53.3904,northdakotastatebison,NA,NA,0,53.358522788554644
Jillian Hollingshead,Tennessee Lady Volunteers,53.2183333333333,tennesseeladyvolunteers,2633,23,2.220381999275397,53.355076683926626
Jariyah Williamson,Southeast Missouri State Redhawks,53.5478833333334,southeastmissouristateredhawks,2546,20,-0.46568010292818823,53.354027717249885
Tyranny Brown,Southern Illinois Salukis,53.3259,southernillinoissalukis,79,18,0.3818613853103341,53.34887452189819
Madison Clay,Howard Payne Yellow Jackets,53.38,howardpayneyellowjackets,NA,NA,0,53.34820317851167
Tyana Walker,Howard Bison,53.7238833333334,howardbison,47,16,-0.9745622795118004,53.339148763053785
Akiyonna Joiner,Clinton College Golden Bears,53.3513,clintoncollegegoldenbears,NA,NA,0,53.319724277300125
Arianna Mosley,Grambling Lady Tigers,53.7580666666667,gramblingladytigers,2755,26,-1.1266675637845338,53.31532267296411
Tiara Bellamy,UMBC Retrievers,53.5395,umbcretrievers,2378,1,-0.5587271973835142,53.314037870027455
Myona Dauphinas,Haskell Jayhawks,53.3421666666667,haskelljayhawks,NA,NA,0,53.31066107575081
Jayda Noble,California Golden Bears,53.1771833333334,californiagoldenbears,25,2,1.7410828106998104,53.30469845234967
Mariah Clayton,Old Dominion Monarchs,53.3287166666667,olddominionmonarchs,295,27,-0.06224989283771565,53.27690916857849
Carla Celaya,Northwestern State Lady Demons,53.4417833333334,northwesternstateladydemons,2466,25,-0.4220080591350636,53.26748914299636
Nathalie Santana,Wesleyan College (GA) Wolves,53.2943166666666,wesleyancollegegawolves,NA,NA,0,53.263176694172735
Yvonne Forman,Jarvis Christian Bulldogs,53.28495,jarvischristianbulldogs,NA,NA,0,53.253881243466665
Ana Oliveira Dias,Kansas City Roos,53.2776,kansascityroos,NA,NA,0,53.24658704546274
Molly Driscoll,American University Eagles,53.43045,americanuniversityeagles,44,22,-0.505160124153813,53.228770263066515
Anna Conza,Oglethorpe Stormy Petrels,53.24265,oglethorpestormypetrels,NA,NA,0,53.21190141690084
Sabrina Larsson,Hofstra Pride,53.3852666666667,hofstrapride,2275,10,-0.4891651654627686,53.191080827648065
Fantasia James,Florida International Panthers,53.1806166666667,floridainternationalpanthers,2229,11,0.1427033440452017,53.184254166922074
Phoenix Stotijn,Arkansas Razorbacks,53.04775,arkansasrazorbacks,8,23,2.220381999275397,53.17883934475564
Selene Romero,Bethesda University Flames,53.2056833333333,bethesdauniversityflames,NA,NA,0,53.17521263189974
Paige Cofer,Utah Tech Trailblazers,53.2982666666667,utahtechtrailblazers,3101,30,-0.3067245555951177,53.16737340550205
Kelsey Langston,Cornell Big Red,53.1529833333334,cornellbigred,172,12,0.1841164774285017,53.15978308503709
Gigi Waddell,Texas A&M-Texarkana Eagles,53.1854,texasamtexarkanaeagles,NA,NA,0,53.15508101068297
Jaedyn Jamison,Mount St. Mary's Mountaineers,53.4285833333333,mountstmarysmountaineers,116,13,-0.7445170244651927,53.146909404950584
Lauren McCall,San Diego Toreros,53.1393,sandiegotoreros,301,29,0.15617675887640683,53.1439339308164
Kyren Wilson,Southern-New Orleans Knights,53.1681833333333,southernneworleansknights,NA,NA,0,53.13799269740445
Skylah Travis,Louisiana Ragin' Cajuns,53.1723666666667,louisianaragincajuns,309,27,-0.06224989283771565,53.122506785099375
Olivia Hixson,Westminster (MO) Blue Jays,53.1462166666667,westminstermobluejays,NA,NA,0,53.11618923594976
Ines Piper,South Florida Bulls,53.1417833333334,southfloridabulls,NA,NA,0,53.111788764775646
Mia Broom,Columbia Lions,53.1035333333334,columbialions,171,12,0.1841164774285017,53.11025042012191
Kati Ollilainen,Wyoming Cowgirls,53.1368,wyomingcowgirls,NA,NA,0,53.106842340019796
Mya Robinson,Fisk Bulldogs,53.1327666666666,fiskbulldogs,NA,NA,0,53.102838855581105
Aleah James,Maryland Eastern Shore Hawks,53.4601166666667,marylandeasternshorehawks,2379,16,-0.9745622795118004,53.09885049172804
Imari Berry,Louisville Cardinals,52.9758500000001,louisvillecardinals,97,2,1.7410828106998104,53.09714153245642
Ana Pinheiro,Idaho Vandals,53.1303166666667,idahovandals,70,5,-0.02468095143188219,53.09270035045942
Aminata Tal,Presbyterian Blue Hose,53.56255,presbyterianbluehose,2506,6,-1.3272392548610852,53.07085309423323
Mary Copple,Canisius Golden Griffins,53.34395,canisiusgoldengriffins,2099,13,-0.7445170244651927,53.06799241725199
Amyia Bowie,St. Thomas (TX) Celts,53.0893833333334,stthomastxcelts,NA,NA,0,53.05977525045734
Alayna Rocco,Harvard Crimson,53.0528166666667,harvardcrimson,108,12,0.1841164774285017,53.05944971452493
Laine McGurk,Drexel Dragons,53.2289666666667,drexeldragons,2182,10,-0.4891651654627686,53.04204130090754
Nariyah Simmons,Austin Peay Governors,53.032,austinpeaygovernors,NA,NA,0,53.00281109162726
Olivia Allen,Delta State Statesmen,53.0170833333333,deltastatestatesmen,NA,NA,0,52.98800269530649
Aminah Hall,Bellevue University Bruins,53.0166666666667,bellevueuniversitybruins,NA,NA,0,52.98758904885586
Erica King,Youngstown State Penguins,53.0146666666667,youngstownstatepenguins,NA,NA,0,52.98560354279614
Mia Haynes,Worcester State Lancers,52.9990999999999,worcesterstatelancers,NA,NA,0,52.97014951222957
Malia Bullock,Bryn Athyn Lions,52.9952166666667,brynathynlions,NA,NA,0,52.96629422930508
Erin Condron,UC San Diego Tritons,53.1571166666667,ucsandiegotritons,28,9,-0.518954747209004,52.96412715749211
Rebekah Frisby-Smith,William & Mary Tribe,53.1369833333334,williammarytribe,2729,10,-0.4891651654627686,52.9542397677769
Brooke Kleinig,St. Mary's (TX) Rattlers,52.9811333333333,stmarystxrattlers,NA,NA,0,52.952312462173296
Coral Mason,South Dakota Coyotes,52.9806833333333,southdakotacoyotes,NA,NA,0,52.95186570330785
Empress Roberts,Arkansas-Pine Bluff Golden Lions,53.3221,arkansaspinebluffgoldenlions,2029,26,-1.1266675637845338,52.923233770965304
Mya Brown,Buffalo State Bengals,52.94545,buffalostatebengals,NA,NA,0,52.91688533743546
Jovi Lefotu,Hawai'i Rainbow Wahine,53.0787500000001,hawaiirainbowwahine,62,9,-0.518954747209004,52.889461804740414
Joy Haltom,Portland State Vikings,52.9233,portlandstatevikings,2502,5,-0.02468095143188219,52.88757414659596
Lindsey Knuth,Wisconsin-La Crosse Eagles,52.91415,wisconsinlacrosseeagles,NA,NA,0,52.885808740228434
Taj Hunter,Western Carolina Catamounts,53.0540166666666,westerncarolinacatamounts,2717,24,-0.4695431161729573,52.88098379826778
Dekezia Moore,Oakwood Ambassadors,52.9010166666667,oakwoodambassadors,NA,NA,0,52.87276877564525
Mattie Dale,Central Christian College Tigers,52.9008833333334,centralchristiancollegetigers,NA,NA,0,52.87263638909823
Taliyah Parker,Texas A&M Aggies,52.7508,texasamaggies,245,23,2.220381999275397,52.87244635931014
Amari Faust,Hood College Blaze,52.8851,hoodcollegeblaze,NA,NA,0,52.856964972722565
Mekayla Lumpkin,South Carolina State Lady Bulldogs,53.1792,southcarolinastateladybulldogs,2569,16,-0.9745622795118004,52.841796137468855
Victoria Baker,UC Davis Aggies,53.0060833333334,ucdavisaggies,302,9,-0.518954747209004,52.820182090935575
Hayden Wilkins,Colby-Sawyer Chargers,52.8477333333333,colbysawyerchargers,NA,NA,0,52.8198620132333
Klea Kaci,Wagner Seahawks,53.3816666666667,wagnerseahawks,2681,19,-1.6800381617881592,52.80445323890296
Taniya Lawson,Southern Jaguars,53.1515666666667,southernjaguars,2582,26,-1.1266675637845338,52.76899549991556
Jayda Wood,Berry Vikings,52.7741666666667,berryvikings,NA,NA,0,52.746809399741146
Ania Martinez,Bloomfield Deacons,52.7690833333333,bloomfielddeacons,NA,NA,0,52.7417613364664
Cory Santoro,Canisius Golden Griffins,52.9745,canisiusgoldengriffins,2099,13,-0.7445170244651927,52.72253883606917
Ava Card,Chattanooga Mocs,52.8844833333333,chattanoogamocs,236,24,-0.4695431161729573,52.71862610437124
Kylie Buckley,Oakland Golden Grizzlies,52.7442333333334,oaklandgoldengrizzlies,NA,NA,0,52.717083291338525
KB Hadley,Siena Saints,52.9600833333334,sienasaints,2561,13,-0.7445170244651927,52.709027489505914
Becca Ledford,West Georgia Wolves,52.7226166666667,westgeorgiawolves,NA,NA,0,52.69561558084299
Hadleigh Dill,Campbell Fighting Camels,52.8427666666667,campbellfightingcamels,2097,10,-0.4891651654627686,52.67295454273264
Julia Cruz,Life Pacific Warriors,52.6977666666667,lifepacificwarriors,NA,NA,0,52.67093610068944
Briahna Scott,Guilford Quakers,52.6896666666667,guilfordquakers,NA,NA,0,52.6628915173088
Synia Johnson,East Carolina Pirates,52.687,eastcarolinapirates,NA,NA,0,52.66024307703731
Kendalyn Dixon,Meredith College Avenging Angels,52.6811000000001,meredithcollegeavengingangels,NA,NA,0,52.65438337169206
Nayo Lear,Dayton Flyers,52.6414333333334,daytonflyers,2168,3,0.21493314091272497,52.649497263792426
Rose Nelson,Fordham Rams,52.6284,fordhamrams,2230,3,0.21493314091272497,52.63643702214127
Carleigh Perry,Guilford Quakers,52.6536666666667,guilfordquakers,NA,NA,0,52.627136832571736
Neenah George,Northern Colorado Bears,52.65495,northerncoloradobears,2458,5,-0.02468095143188219,52.62157318683588
Jordyn Beaty,Buffalo Bulls,52.6655166666667,buffalobulls,2084,14,-0.06421715182798006,52.621067547628684
Brianna Byars,Cincinnati Bearcats,52.5193333333333,cincinnatibearcats,2132,8,1.627414016520187,52.6198495555269
Zawadi Ogot,Loyola Marymount Lions,52.6040666666667,loyolamarymountlions,2351,29,0.15617675887640683,52.60811583846752
Justina Graham,Alabama State Lady Hornets,52.9610333333334,alabamastateladyhornets,2011,26,-1.1266675637845338,52.59610621316709
Dianna Blake,North Carolina Central Eagles,52.9103666666667,northcarolinacentraleagles,2428,16,-0.9745622795118004,52.59473513303169
Jayden McBride,Georgetown Hoyas,52.5082833333334,georgetownhoyas,46,4,1.1815976661979184,52.57931918478405
Ally Stedman,UCF Knights,52.4780333333334,ucfknights,2116,8,1.627414016520187,52.57747885331652
Azaria Knox,Dillard Blue Devils,52.5889333333334,dillardbluedevils,NA,NA,0,52.56284059979938
Alex Pirog,Montana Lady Griz,52.5793,montanaladygriz,149,5,-0.02468095143188219,52.54656509836708
Chana Paxixe,High Point Panthers,52.96595,highpointpanthers,2272,6,-1.3272392548610852,52.5408663284247
Hannah Richardson,St. Bonaventure Bonnies,52.5325666666667,stbonaventurebonnies,179,3,0.21493314091272497,52.54040778396877
Olivia Bradley,UC Santa Barbara Gauchos,52.70445,ucsantabarbaragauchos,2540,9,-0.518954747209004,52.532150625955005
Niki Van Wyk,Tarleton State Texans,52.64045,tarletonstatetexans,2627,30,-0.3067245555951177,52.52940432678782
Gigi Bower,Ohio Bobcats,52.5625833333334,ohiobobcats,195,14,-0.06421715182798006,52.519293483578565
Lainey Spear,Portland Pilots,52.5114000000001,portlandpilots,2501,29,0.15617675887640683,52.51535353663708
Ianna Odulaja,Erskine Flying Fleet,52.53015,erskineflyingfleet,NA,NA,0,52.50444974872338
Lauren Audino,Western Michigan Broncos,52.53985,westernmichiganbroncos,2711,14,-0.06421715182798006,52.49681326336135
Tatiana Newsome,Jessup University Warriors,52.5192166666667,jessupuniversitywarriors,NA,NA,0,52.493588950615276
Queen Ruffin,Indiana State Sycamores,52.4699166666667,indianastatesycamores,282,18,0.3818613853103341,52.48843930190674
Ke'iara Odume,Yale Bulldogs,52.4750333333333,yalebulldogs,43,12,0.1841164774285017,52.48076085036609
Sydney Graber,Purdue Fort Wayne Mastodons,52.4991166666667,purduefortwaynemastodons,NA,NA,0,52.473621921953914
Kaylan Lockett,Champion Christian Tigers,52.4776333333333,championchristiantigers,NA,NA,0,52.45228017038211
Paige Vanstee,Grand Valley State Lakers,52.4758333333333,grandvalleystatelakers,NA,NA,0,52.450492007594896
Ana Conde,Siena Saints,52.67335,sienasaints,2561,13,-0.7445170244651927,52.43982657580978
Erica Moon,Texas A&M Aggies,52.3149333333334,texasamaggies,245,23,2.220381999275397,52.4236084356033
Peyton Ilderton,Marshall Thundering Herd,52.4341166666667,marshallthunderingherd,276,27,-0.06224989283771565,52.39275815029314
Taeya Steinauer,Purdue Fort Wayne Mastodons,52.4023333333334,purduefortwaynemastodons,NA,NA,0,52.37747202606392
Frida Formann,Colorado Buffaloes,52.2688666666667,coloradobuffaloes,38,8,1.627414016520187,52.36301341740146
Emilee Fox,South Dakota State Jackrabbits,52.3745666666667,southdakotastatejackrabbits,NA,NA,0,52.3498850121142
Saharra Murphy,Illinois-Springfield Prairie Stars,52.3704833333333,illinoisspringfieldprairiestars,NA,NA,0,52.34582802054725
Ari Wiggins,Butler Bulldogs,52.2767166666667,butlerbulldogs,2086,4,1.1815976661979184,52.34358117162269
Taisiya Kozlova,Seattle U Redhawks,52.4438166666667,seattleuredhawks,2547,30,-0.3067245555951177,52.33826366040538
Regan Hubert,Cedarville Yellow Jackets,52.3534833333334,cedarvilleyellowjackets,NA,NA,0,52.328937474424755
Julia Thoms,Jamestown Jimmies,52.3493333333333,jamestownjimmies,NA,NA,0,52.32481414171859
Gabriela Falcao,UAlbany Great Danes,52.4937,ualbanygreatdanes,399,1,-0.5587271973835142,52.319932697280535
Aria Myers,NJIT Highlanders,52.4848833333333,njithighlanders,2885,1,-0.5587271973835142,52.311512163987004
Karley Johnson,Arkansas Razorbacks,52.2020833333333,arkansasrazorbacks,8,23,2.220381999275397,52.3075671177676
Sanna Strom,Colorado State Rams,52.3317,coloradostaterams,NA,NA,0,52.3072938889362
Audrey Norville,Black Hills State Yellow Jackets,52.3032,blackhillsstateyellowjackets,NA,NA,0,52.278975874902635
Chloe Chard Peloquin,Wright State Raiders,52.2920333333334,wrightstateraiders,NA,NA,0,52.26788025003605
Victoria Dixon,Houston Christian Huskies,52.3974833333333,houstonchristianhuskies,2277,25,-0.4220080591350636,52.26336286245903
Malea Williams,Florida State Seminoles,52.15805,floridastateseminoles,52,2,1.7410828106998104,52.256263251522405
Miraya Perkins,UT Arlington Mavericks,52.3388166666667,utarlingtonmavericks,250,30,-0.3067245555951177,52.23611655504611
Boston Berry,McNeese Cowgirls,52.3689333333333,mcneesecowgirls,2377,25,-0.4220080591350636,52.23580872262384
Hannah Wallace,Saint Louis Billikens,52.2222666666667,saintlouisbillikens,139,3,0.21493314091272497,52.229496659965726
Jordan Grenn-Wallace,Walla Walla Wolves,52.252219047619,wallawallawolves,NA,NA,0,52.2283180609253
Yasmine Brown,Chowan Hawks,52.24715,chowanhawks,NA,NA,0,52.22328097534347
Ines Monteagudo Pardo,Boston University Terriers,52.3669166666667,bostonuniversityterriers,104,22,-0.505160124153813,52.21252530627654
Airah Lavy,St. Francis (PA) Red Flash,52.6967833333333,stfrancisparedflash,2598,19,-1.6800381617881592,52.209678349949414
Brionna Sims,Life University Running Eagles,52.2249666666667,lifeuniversityrunningeagles,NA,NA,0,52.201237159571356
Miriley Simon,North Dakota State Bison,52.20085,northdakotastatebison,NA,NA,0,52.17727151394877
Mia Rivers,Abilene Christian Wildcats,52.2514333333333,abilenechristianwildcats,2000,30,-0.3067245555951177,52.15106553714565
Anna Hamilton,Northern Kentucky Norse,52.1573666666667,northernkentuckynorse,NA,NA,0,52.1340587570619
Melissa Secchiaroli,Cal State Bakersfield Roadrunners,52.2848166666667,calstatebakersfieldroadrunners,2934,9,-0.518954747209004,52.13024903254483
Bella LaChance,Furman Paladins,52.2715166666667,furmanpaladins,231,24,-0.4695431161729573,52.129853257952966
Edie Clarke,Saint Mary's Gaels,52.1118,saintmarysgaels,2608,29,0.15617675887640683,52.11535938587966
Cora Olsen,Omaha Mavericks,52.1355833333334,omahamavericks,NA,NA,0,52.112410141796715
Maddy McDaniel,South Carolina Gamecocks,52.0037055555555,southcarolinagamecocks,2579,23,2.220381999275397,52.10374128855384
Makenna Yeager,Illinois-Springfield Prairie Stars,52.1267833333333,illinoisspringfieldprairiestars,NA,NA,0,52.10366440843715
Kyra Lawrence,Delaware State Hornets,52.3684166666667,delawarestatehornets,2169,16,-0.9745622795118004,52.09363209212945
Cyriah Griffin,VCU Rams,52.0791666666667,vcurams,2670,3,0.21493314091272497,52.08612653166247
Clemisha Prackett,Mississippi Valley State Devilettes,52.3972333333333,mississippivalleystatedevilettes,2400,26,-1.1266675637845338,52.08115056402965
Paula Lopez,Buffalo Bulls,52.1156333333334,buffalobulls,2084,14,-0.06421715182798006,52.07713008979398
Kiley Bundy,Keene State Owls,52.0667863636363,keenestateowls,NA,NA,0,52.044035026772
Lauryn Goettl,Viterbo V-Hawks,52.0658833333334,viterbovhawks,NA,NA,0,52.04313749733339
Sille-Liis Molder,UMass Lowell River Hawks,52.1926333333333,umasslowellriverhawks,2349,1,-0.5587271973835142,52.032035314200364
Bri McDaniel,Maryland Terrapins,51.9296166666667,marylandterrapins,120,7,1.8898677492822935,52.02766986573993
Alahna Paige,Florida Gulf Coast Eagles,52.0363666666666,floridagulfcoasteagles,NA,NA,0,52.01380011581815
Emma Kate Tittle,North Alabama Lions,52.0122666666667,northalabamalions,NA,NA,0,51.98984575687253
Kailee McDonald,Fairleigh Dickinson Knights,52.4312833333334,fairleighdickinsonknights,161,19,-1.6800381617881592,51.97627493403561
JaMya Robinson,Longwood Lancers,52.3199666666667,longwoodlancers,2344,6,-1.3272392548610852,51.95954649350205
Ava Schmidt,Northern Arizona Lumberjacks,51.9842,northernarizonalumberjacks,2464,5,-0.02468095143188219,51.95621381997949
Princess Anderson,Wichita State Shockers,51.9730023809524,wichitastateshockers,NA,NA,0,51.95081732726046
Avari Berry,SE Louisiana Lady Lions,52.0531,selouisianaladylions,2545,25,-0.4220080591350636,51.930646273926904
Nevaeh Otis,Niagara Purple Eagles,52.1275333333333,niagarapurpleeagles,315,13,-0.7445170244651927,51.92496613746916
Sydney Steward,Faulkner Eagles,51.9456166666667,faulknereagles,NA,NA,0,51.92359507349775
Chloe Vasquez,Iona Gaels,52.11645,ionagaels,314,13,-0.7445170244651927,51.914479549686305
Phoebe Frentzel,St. Thomas-Minnesota Tommies,51.9294666666667,stthomasminnesotatommies,NA,NA,0,51.90754106976184
Saniaa Wilson,Syracuse Orange,51.8100333333334,syracuseorange,183,2,1.7410828106998104,51.89944416088775
Natalia Chavez,Abilene Christian Wildcats,51.9826666666667,abilenechristianwildcats,2000,30,-0.3067245555951177,51.889237744865056
Justice Carlton,Texas Longhorns,51.7851166666667,texaslonghorns,251,23,2.220381999275397,51.87938353768998
Cristina Sanchez Cerqueira,Arkansas Razorbacks,51.7843833333333,arkansasrazorbacks,8,23,2.220381999275397,51.87863125740211
Laia Monclova,Denver Pioneers,51.8950833333333,denverpioneers,NA,NA,0,51.87336112621966
Kyra Price,Southern Wesleyan Warriors,51.8735333333333,southernwesleyanwarriors,NA,NA,0,51.851937919985794
Mylee Graham,Utah Tech Trailblazers,51.9392333333333,utahtechtrailblazers,3101,30,-0.3067245555951177,51.84689300106546
Shaniah Nunn,Grambling Lady Tigers,52.1414166666667,gramblingladytigers,2755,26,-1.1266675637845338,51.845895462152455
Trista Fayta,Illinois State Redbirds,51.82815,illinoisstateredbirds,2287,18,0.3818613853103341,51.84376373083697
Jalynn Bristow,Texas Tech Lady Raiders,51.7295333333334,texastechladyraiders,2641,8,1.627414016520187,51.81094382128036
Lauren Pete,UNT Dallas Trailblazers,51.79965,untdallastrailblazers,NA,NA,0,51.77848532314049
Amina Kameric,UMass Lowell River Hawks,51.9270333333333,umasslowellriverhawks,2349,1,-0.5587271973835142,51.777453856334645
Elena Bertrand,Lipscomb Bisons,51.7965166666667,lipscombbisons,NA,NA,0,51.77537012160665
Alexsyah Goudeau,UT Arlington Mavericks,51.8639,utarlingtonmavericks,250,30,-0.3067245555951177,51.77342648823097
Shomari Phillips,Bethune-Cookman Wildcats,52.0602333333333,bethunecookmanwildcats,2065,26,-1.1266675637845338,51.77103516215736
Tamesha Dozier,Evansville Purple Aces,51.7357166666667,evansvillepurpleaces,339,18,0.3818613853103341,51.750939949161655
Tyla Heard,Oral Roberts Golden Eagles,51.7517166666667,oralrobertsgoldeneagles,NA,NA,0,51.730828168613584
Paris Gaines,Georgia Southern Eagles,51.7428166666667,georgiasoutherneagles,290,27,-0.06224989283771565,51.70843712317004
Hailey Hohenecker,Chicago State Cougars,52.1270166666667,chicagostatecougars,2130,19,-1.6800381617881592,51.70692773916168
Dakota Nap,Weber State Wildcats,51.7252166666667,weberstatewildcats,2692,5,-0.02468095143188219,51.699136072567335
Alaila Walker,Lincoln (PA) Lions,51.7175166666667,lincolnpalions,NA,NA,0,51.6968236559232
Samara Swire,Harris-Stowe State Hornets,51.7014363636363,harrisstowestatehornets,NA,NA,0,51.68083481955818
Kuryn Brunson,Morehead State Eagles,51.8029833333334,moreheadstateeagles,2413,20,-0.46568010292818823,51.6788985457848
Future Asevedo,LeTourneau Yellow Jackets,51.6659666666667,letourneauyellowjackets,NA,NA,0,51.64556586775043
Jameelah Pharms,Cal Maritime Keelhaulers,51.6519,calmaritimekeelhaulers,NA,NA,0,51.63157842895975
Nicole Willardson,Utah Tech Trailblazers,51.7049,utahtechtrailblazers,3101,30,-0.3067245555951177,51.618278897748866
Rhyan Harris,Emory & Henry Wasps,51.6330166666667,emoryhenrywasps,NA,NA,0,51.612801110352834
Gisela Sanchez,Kansas State Wildcats,51.5247333333334,kansasstatewildcats,2306,8,1.627414016520187,51.601644681433015
Jatayah Bryant,Wesleyan College (GA) Wolves,51.6023,wesleyancollegegawolves,NA,NA,0,51.58225605740536
Kahliya Gaitor,Webber International Warriors,51.5852833333333,webberinternationalwarriors,NA,NA,0,51.56533401833113
Meghan Huerter,UAlbany Great Danes,51.7003666666667,ualbanygreatdanes,399,1,-0.5587271973835142,51.55975923943992
Gwen Jenkins,South Carolina Upstate Spartans,51.8726333333333,southcarolinaupstatespartans,2908,6,-1.3272392548610852,51.55270701576522
Jordyn DeVaughn,Air Force Falcons,51.5697166666667,airforcefalcons,NA,NA,0,51.54985363919479
Keziyah Sanders,Erskine Flying Fleet,51.5428166666667,erskineflyingfleet,NA,NA,0,51.523102126545695
Sofia Kelemeni,San José State Spartans,51.5392,sanjosstatespartans,NA,NA,0,51.51950536381212
Lizzy Kellam,Southwestern University Pirates,51.5165023809524,southwesternuniversitypirates,NA,NA,0,51.49693233474503
Cici Ellington,Portland State Vikings,51.52045,portlandstatevikings,2502,5,-0.02468095143188219,51.4958096911515
Paige Lyons,East Tennessee State Bucs,51.61185,easttennesseestatebucs,2193,24,-0.4695431161729573,51.49331638779458
Alexa Kinas,Loyola Chicago Ramblers,51.4718833333334,loyolachicagoramblers,2350,3,0.21493314091272497,51.477775783685594
Janiah Hinton,South Carolina State Lady Bulldogs,51.69945,southcarolinastateladybulldogs,2569,16,-0.9745622795118004,51.46976204394223
Kaiden Kreinhagen,Evansville Purple Aces,51.4520833333334,evansvillepurpleaces,339,18,0.3818613853103341,51.466151610996505
Destiny Thomas,Murray State Racers,51.4512166666667,murraystateracers,93,18,0.3818613853103341,51.46528151325838
Samora Watson,Texas A&M-Corpus Christi Islanders,51.5478166666667,texasamcorpuschristiislanders,357,25,-0.4220080591350636,51.44115688709839
Valentina Saric,Jacksonville State Gamecocks,51.4211833333333,jacksonvillestategamecocks,55,11,0.1427033440452017,51.42347163175481
Kayla White,Bethune-Cookman Wildcats,51.6693166666667,bethunecookmanwildcats,2065,26,-1.1266675637845338,51.40923780927419
Ava Miller,South Carolina Upstate Spartans,51.7086833333333,southcarolinaupstatespartans,2908,6,-1.3272392548610852,51.40275972081968
Alisa Williams,Iowa State Cyclones,51.3167666666667,iowastatecyclones,66,8,1.627414016520187,51.38929223834909
Allison Haslam,Walla Walla Wolves,51.39425,wallawallawolves,NA,NA,0,51.375341458085515
Autumn Moore,Nelson Lions,51.3903023809524,nelsonlions,NA,NA,0,51.371414932482196
Logan Luebbers Palmer,Evansville Purple Aces,51.3557333333334,evansvillepurpleaces,339,18,0.3818613853103341,51.369423775460746
Grace Pack,Western Carolina Catamounts,51.4796833333334,westerncarolinacatamounts,2717,24,-0.4695431161729573,51.36544015365582
Sofia Hernandez,Puerto Rico-Mayaguez Bulldogs,51.3625166666667,puertoricomayaguezbulldogs,NA,NA,0,51.34377721683203
Anela Thomas,Texas Southern Tigers,51.5966833333334,texassoutherntigers,2640,26,-1.1266675637845338,51.341777630216534
Marley Mueller,Rensselaer Engineers,51.3572,rensselaerengineers,NA,NA,0,51.33848877539976
Braxcynn Baker,Murray State Racers,51.3206333333334,murraystateracers,93,18,0.3818613853103341,51.33418793086757
Cassidy Carson,South Dakota Coyotes,51.3379333333334,southdakotacoyotes,NA,NA,0,51.31932414061998
Ashanti Backus,Alcorn State Lady Braves,51.5609,alcornstateladybraves,2016,26,-1.1266675637845338,51.30851606250099
Zara Dumatol,Simpson University (CA) Red Hawks,51.3257190476191,simpsonuniversitycaredhawks,NA,NA,0,51.30717433518387
Jada Morgan,South Carolina State Lady Bulldogs,51.5241833333334,southcarolinastateladybulldogs,2569,16,-0.9745622795118004,51.30538685324099
Moriah Prewitt,William Jewell Cardinals,51.3023666666667,williamjewellcardinals,NA,NA,0,51.28394479423102
Brinley Hagemeier,Eastern Oregon Mountaineers,51.2888166666667,easternoregonmountaineers,NA,NA,0,51.270465807063474
Teryn Gardner,Boise State Broncos,51.2611166666667,boisestatebroncos,NA,NA,0,51.24291037566639
Brooke Barnes,Delaware State Hornets,51.44575,delawarestatehornets,2169,16,-0.9745622795118004,51.231707638078674
Kiyah Hatcher,Park University Gilbert Buccaneers,51.2493333333333,parkuniversitygilbertbuccaneers,NA,NA,0,51.231188296119164
Allasia Washington,SE Louisiana Lady Lions,51.3132666666667,selouisianaladylions,2545,25,-0.4220080591350636,51.213425109620296
Sophia Tougas,Charleston Cougars,51.3139666666667,charlestoncougars,232,10,-0.4891651654627686,51.20116679345208
Jamy De Kock,East Texas A&M Lions,51.28245,easttexasamlions,2837,25,-0.4220080591350636,51.183480796918985
Shaquice May,Jacksonville State Gamecocks,51.17035,jacksonvillestategamecocks,55,11,0.1427033440452017,51.17248037174545
Lexus Bargesser,Indiana Hoosiers,51.09415,indianahoosiers,84,7,1.8898677492822935,51.171728301113454
Magda Freire,Queens University Royals,51.1837,queensuniversityroyals,NA,NA,0,51.16589348921189
Nene Ndiaye,Boston College Eagles,51.0862166666667,bostoncollegeeagles,103,2,1.7410828106998104,51.159130842930644
Dunja Zecevic,UTEP Miners,51.1566,utepminers,2638,11,0.1427033440452017,51.1587219438591
Janiya Jones,Mississippi Valley State Devilettes,51.3825000000001,mississippivalleystatedevilettes,2400,26,-1.1266675637845338,51.142427161627126
Kamryn Doty,Elon Phoenix,51.2468500000001,elonphoenix,2210,10,-0.4891651654627686,51.13618846893215
Kyndall Hunter,Texas A&M Aggies,51.0575666666667,texasamaggies,245,23,2.220381999275397,51.134324471974
Niveya Henley,Furman Paladins,51.2387333333333,furmanpaladins,231,24,-0.4695431161729573,51.13202829918745
Lisa Thompson,Rutgers Scarlet Knights,51.0480000000001,rutgersscarletknights,164,7,1.8898677492822935,51.12454425818056
Kylie Marshall,SMU Mustangs,51.0373500000001,smumustangs,2567,2,1.7410828106998104,51.10923472705172
Taylor Wilson,Army Black Knights,51.2039,armyblackknights,349,22,-0.505160124153813,51.09160595186377
Blake Barbee,Warner Pacific Knights,51.1078666666666,warnerpacificknights,NA,NA,0,51.090445714930986
Shay Ijiwoye,Stanford Cardinal,51.0154,stanfordcardinal,24,2,1.7410828106998104,51.086825676221785
Zaria Johnson,Grambling Lady Tigers,51.3154666666667,gramblingladytigers,2755,26,-1.1266675637845338,51.079908395432696
Morning Grace Spotted Bear,South Dakota Mines Hardrockers,51.09005,southdakotamineshardrockers,NA,NA,0,51.072718771578366
Makenzie Bremer,UVA Wise Cavaliers,51.0857023809524,uvawisecavaliers,NA,NA,0,51.06839299721619
Bruna Anguera,Texas A&M-Corpus Christi Islanders,51.1585666666667,texasamcorpuschristiislanders,357,25,-0.4220080591350636,51.063050183647825
Alyssa Moreland,Brown Bears,51.0416833333334,brownbears,225,12,0.1841164774285017,51.045546221254355
Mia Yanogacio,Le Moyne Dolphins,51.3692333333333,lemoynedolphins,2330,19,-1.6800381617881592,51.02786603621673
Nayli Padilla,New Mexico Lobos,51.0387833333334,newmexicolobos,NA,NA,0,51.02170846106411
Filippa Goula,Cleveland State Vikings,51.019,clevelandstatevikings,NA,NA,0,51.002023334017096
Mackenly Randolph,Louisville Cardinals,50.92415,louisvillecardinals,97,2,1.7410828106998104,50.99368949164581
Ella Brown,Indiana-Southeast Grenadiers,51.00405,indianasoutheastgrenadiers,NA,NA,0,50.98714728244089
Deb Orianegbena,UNC Asheville Bulldogs,51.256100000000004,uncashevillebulldogs,2427,6,-1.3272392548610852,50.98658787545178
Kayla Pope,Clinton College Golden Bears,50.9620333333333,clintoncollegegoldenbears,NA,NA,0,50.94533722975087
Sanaa Tripp,Belmont Bruins,50.9308,belmontbruins,2057,18,0.3818613853103341,50.94290913349137
Jaeda Whitner,Texas A&M-Corpus Christi Islanders,51.0115833333333,texasamcorpuschristiislanders,357,25,-0.4220080591350636,50.920052239658794
Ashley Gray,Alabama State Lady Hornets,51.1315166666666,alabamastateladyhornets,2011,26,-1.1266675637845338,50.90803995839722
Cheyenne Forney,Cal State Bakersfield Roadrunners,50.9916166666667,calstatebakersfieldroadrunners,2934,9,-0.518954747209004,50.88359701724666
Kaitlyn Orihel,Villanova Wildcats,50.8334,villanovawildcats,222,4,1.1815976661979184,50.878068078771804
Megan Oswald,Jamestown Jimmies,50.8892833333334,jamestownjimmies,NA,NA,0,50.872940751662576
Mor Shabtai,Valparaiso Beacons,50.8582166666667,valparaisobeacons,2674,18,0.3818613853103341,50.87006923153406
Makenzie Covey,LeTourneau Yellow Jackets,50.8813833333333,letourneauyellowjackets,NA,NA,0,50.86507882049836
Zoey Gore,Warren Wilson Owls,50.8635333333334,warrenwilsonowls,NA,NA,0,50.8473146065294
Faith Walker,Duquesne Dukes,50.8288833333334,duquesnedukes,2184,3,0.21493314091272497,50.833777506718974
Abby Liber,Youngstown State Penguins,50.8460166666666,youngstownstatepenguins,NA,NA,0,50.8298818141173
Angie Juste-Jean,South Carolina State Lady Bulldogs,51.0174357142857,southcarolinastateladybulldogs,2569,16,-0.9745622795118004,50.82808127910456
Marisa Gant,Chicago State Cougars,51.1065166666666,chicagostatecougars,2130,19,-1.6800381617881592,50.789827540751865
Kailyn Watkins,Alcorn State Lady Braves,50.9876333333334,alcornstateladybraves,2016,26,-1.1266675637845338,50.77329774916406
Sonia Sato,Presbyterian Blue Hose,51.0089333333333,presbyterianbluehose,2506,6,-1.3272392548610852,50.75796172364127
Faith Feuerbach,St. Thomas-Minnesota Tommies,50.7595833333333,stthomasminnesotatommies,NA,NA,0,50.74385787520547
Rylie Ottmann,Colorado-Colorado Springs Mountain Lions,50.7515,coloradocoloradospringsmountainlions,NA,NA,0,50.73581245049025
Indiya Bowen,Southeast Missouri State Redhawks,50.8204,southeastmissouristateredhawks,2546,20,-0.46568010292818823,50.7265842178486
Macie James,UNLV Lady Rebels,50.7374166666667,unlvladyrebels,NA,NA,0,50.721795010226934
Raven Addison,King (TN) Tornado,50.7254833333333,kingtntornado,NA,NA,0,50.709917357707845
Vanessa de Jesus,Duke Blue Devils,50.6284666666667,dukebluedevils,150,2,1.7410828106998104,50.69213565599317
Jaz Novelli,Cal Maritime Keelhaulers,50.7001190476191,calmaritimekeelhaulers,NA,NA,0,50.6846709567747
Ashlyn Watkins,South Carolina Gamecocks,50.6067666666667,southcarolinagamecocks,2579,23,2.220381999275397,50.67391002674125
Savannah Cook,Montevallo Falcons,50.6890357142857,montevallofalcons,NA,NA,0,50.67363893705739
Brooke Murrell,Denver Pioneers,50.6866,denverpioneers,NA,NA,0,50.67121448352494
Trayanna Crisp,North Carolina Tar Heels,50.6029833333334,northcarolinatarheels,153,2,1.7410828106998104,50.6661633500091
Talia Zurinskas,Lafayette Leopards,50.7594833333333,lafayetteleopards,322,22,-0.505160124153813,50.66087991692861
Helena Friend,Pepperdine Waves,50.65435,pepperdinewaves,2492,29,0.15617675887640683,50.656705080821965
Skyler Furr,Guilford Quakers,50.6692690476191,guilfordquakers,NA,NA,0,50.65396348785744
Ally Fitzgerald,UC Davis Aggies,50.7525166666667,ucdavisaggies,302,9,-0.518954747209004,50.651861375856214
Laini Dahlin,Cal State Northridge Matadors,50.7463,calstatenorthridgematadors,2463,9,-0.518954747209004,50.6458313276851
Kendall Moriarty,Nebraska Cornhuskers,50.54935,nebraskacornhuskers,158,7,1.8898677492822935,50.615333213588166
Messiah Hunter,Seton Hall Pirates,50.5623333333334,setonhallpirates,2550,4,1.1815976661979184,50.60350955845375
Alana Powell,Omaha Mavericks,50.6020333333333,omahamavericks,NA,NA,0,50.58703519778504
Khloe Vaughn,Life University Running Eagles,50.567299999999904,lifeuniversityrunningeagles,NA,NA,0,50.552458960640195
Megan Wagner,Western Michigan Broncos,50.5626666666667,westernmichiganbroncos,2711,14,-0.06421715182798006,50.53790979516679
Jade Goynes,Western New Mexico Mustangs,50.5468833333334,westernnewmexicomustangs,NA,NA,0,50.532134094173976
Sanaiya Edmond,Virginia-Lynchburg Dragons,50.5412,virginialynchburgdragons,NA,NA,0,50.52647624369413
Aaliyah Moore,Texas Longhorns,50.4507166666667,texaslonghorns,251,23,2.220381999275397,50.514740027981844
Nyla Walker,Gardner-Webb Runnin' Bulldogs,50.7430333333334,gardnerwebbrunninbulldogs,2241,6,-1.3272392548610852,50.51098657233904
Mailyn Wilkerson,Alabama A&M Bulldogs,50.7014166666667,alabamaambulldogs,2010,26,-1.1266675637845338,50.504478242905805
Lily Krahn,Wisconsin Badgers,50.4386666666667,wisconsinbadgers,275,7,1.8898677492822935,50.50245344174983
Anna Mooney,College of Idaho Yotes,50.5143833333333,collegeofidahoyotes,NA,NA,0,50.49977939910964
Kyra Taylor,Sul Ross State Lobos,50.5125,sulrossstatelobos,NA,NA,0,50.49790445498226
Isis Fitch,UNC Wilmington Seahawks,50.5875,uncwilmingtonseahawks,350,10,-0.4891651654627686,50.49635390549477
Jazlen Green,San Diego State Aztecs,50.5097666666667,sandiegostateaztecs,NA,NA,0,50.49518329109659
Alyssa Jimenez,Richmond Spiders,50.4848166666667,richmondspiders,257,3,0.21493314091272497,50.489228906732826
Talaiyah Andrews,Texas A&M-San Antonio Jaguars,50.4913642857143,texasamsanantoniojaguars,NA,NA,0,50.476862656008706
Kaylani Polk,UC Riverside Highlanders,50.5624666666667,ucriversidehighlanders,27,9,-0.518954747209004,50.467407192304854
Maya Chocano,UC Riverside Highlanders,50.5337333333333,ucriversidehighlanders,27,9,-0.518954747209004,50.43950038705072
Alonna Sellers,Central Connecticut Blue Devils,50.7153666666667,centralconnecticutbluedevils,2115,19,-1.6800381617881592,50.43305979978266
Calista Arzaga,Life Pacific Warriors,50.44025,lifepacificwarriors,NA,NA,0,50.42597373380459
Janelisse Marrero,Florida National Conquistadors,50.4347022988506,floridanationalconquistadors,NA,NA,0,50.42045034323977
D'Myjah Bolds,Western Michigan Broncos,50.4382833333334,westernmichiganbroncos,2711,14,-0.06421715182798006,50.414449367054196
Ahmiah Jordan,Bluefield University Ramblin' Rams,50.4108666666666,bluefielduniversityramblinrams,NA,NA,0,50.39671882969775
Madi Gewirtz,New Mexico State Aggies,50.3801166666667,newmexicostateaggies,166,11,0.1427033440452017,50.381799731128616
Halle Wright,Idaho State Bengals,50.3789333333334,idahostatebengals,304,5,-0.02468095143188219,50.36131384783515
Reagan Chigas,Westminster (MO) Blue Jays,50.3715357142857,westminstermobluejays,NA,NA,0,50.357558510062326
Sa'Nya Green,Arlington Baptist Patriots,50.3658166666667,arlingtonbaptistpatriots,NA,NA,0,50.35186415263559
Jailyn Martinson,Jamestown Jimmies,50.3492523809524,jamestownjimmies,NA,NA,0,50.33537120480839
Lexi Salazar,American University Eagles,50.4207,americanuniversityeagles,44,22,-0.505160124153813,50.331710513955244
Alexsia Rose,Minnesota Golden Gophers,50.2269166666667,minnesotagoldengophers,135,7,1.8898677492822935,50.286645806579834
Dalanna Carter,Coastal Carolina Chanticleers,50.3019000000001,coastalcarolinachanticleers,324,27,-0.06224989283771565,50.279330785221035
Jordan Green-Wallace,Walla Walla Wolves,50.2782333333334,wallawallawolves,NA,NA,0,50.26465510972554
Shawna Robinson,Jarvis Christian Bulldogs,50.2742666666667,jarvischristianbulldogs,NA,NA,0,50.26070522556211
Nicole Leff,Texas State Bobcats,50.2763666666667,texasstatebobcats,326,27,-0.06224989283771565,50.25397618412713
Gracie Barnes,South Carolina Upstate Spartans,50.45305,southcarolinaupstatespartans,2908,6,-1.3272392548610852,50.240474500844186
Kendall Dudley,UCLA Bruins,50.1786333333333,uclabruins,26,7,1.8898677492822935,50.237463379744355
Tierney Kelsey,Jackson State Lady Tigers,50.4031833333334,jacksonstateladytigers,2296,26,-1.1266675637845338,50.223291302007766
Tasia Johnson,UNC Greensboro Spartans,50.2550666666667,uncgreensborospartans,2430,24,-0.4695431161729573,50.1755352953041
Serenity Echols,Mississippi Valley State Devilettes,50.3452666666667,mississippivalleystatedevilettes,2400,26,-1.1266675637845338,50.16856045923119
Mahogany Chandler-Roberts,UCF Knights,50.1018333333333,ucfknights,2116,8,1.627414016520187,50.152186923565125
McKinley Dickerson,Wyoming Cowgirls,50.1544500000001,wyomingcowgirls,NA,NA,0,50.1413886426539
Zikeyah Carter,Florida A&M Rattlers,50.3128,floridaamrattlers,50,26,-1.1266675637845338,50.13786225420999
Gizelle Carreto,Westminster (MO) Blue Jays,50.1456333333334,westminstermobluejays,NA,NA,0,50.13260825394957
Lauren Glazier,Pacific Tigers,50.1246,pacifictigers,279,29,0.15617675887640683,50.12659982181277
Malia Samuels,USC Trojans,50.0537,usctrojans,30,7,1.8898677492822935,50.110247921707206
Rosa Revueltas Pareja,Mount St. Mary's Mountaineers,50.2183500000001,mountstmarysmountaineers,116,13,-0.7445170244651927,50.10152687123377
Kadence Stoner,Maryville College (TN) Fighting Scots,50.11075,maryvillecollegetnfightingscots,NA,NA,0,50.097867760506126
Nadia Moore,Duquesne Dukes,50.0899166666667,duquesnedukes,2184,3,0.21493314091272497,50.09381812353805
Mya Zaccagnini,Iona Gaels,50.1921333333334,ionagaels,314,13,-0.7445170244651927,50.07626656411474
Maddy Tauro,Cal State Fullerton Titans,50.1598500000001,calstatefullertontitans,2239,9,-0.518954747209004,50.075916723852835
Madison Huhn,UT Rio Grande Valley Vaqueros,50.14515,utriograndevalleyvaqueros,292,25,-0.4220080591350636,50.07477152193757
Danika Galea,Arkansas Razorbacks,50.01605,arkansasrazorbacks,8,23,2.220381999275397,50.07192258868392
Kya Bradshaw,Schreiner Mountaineers,50.0615666666666,schreinermountaineers,NA,NA,0,50.04888394608115
Tyra Kennedy,Hampton Lady Pirates,50.1269,hamptonladypirates,2261,10,-0.4891651654627686,50.04785691316184
Sydney Boone,Delaware Blue Hens,50.1201,delawarebluehens,48,10,-0.4891651654627686,50.04122660937909
Layken Cox,Memphis Tigers,50.0536333333334,memphistigers,NA,NA,0,50.04098259058546
Adeang Ring,UCF Knights,49.9772,ucfknights,2116,8,1.627414016520187,50.02559117927753
Journey Hildebrand,Kent State Golden Flashes,50.0360666666667,kentstategoldenflashes,2309,14,-0.06421715182798006,50.01505144535641
Breelyn Robinson,Colorado-Colorado Springs Mountain Lions,50.0110696969697,coloradocoloradospringsmountainlions,NA,NA,0,49.998589553342164
Evyn Carrier,Western Michigan Broncos,50.0019,westernmichiganbroncos,2711,14,-0.06421715182798006,49.98111284029193
Jada Wynn,Texas Tech Lady Raiders,49.9219,texastechladyraiders,2641,8,1.627414016520187,49.969437946544865
Kaiden Glenn,Long Island University Sharks,50.20875,longislanduniversitysharks,112358,19,-1.6800381617881592,49.96696928318738
Damara Allen,UTSA Roadrunners,49.97785,utsaroadrunners,NA,NA,0,49.96550187537394
Summer Davis,Georgia Lady Bulldogs,49.9003833333334,georgialadybulldogs,61,23,2.220381999275397,49.954216702427686
Amaris Betts,Cedarville Yellow Jackets,49.9514333333333,cedarvilleyellowjackets,NA,NA,0,49.93918948853478
Sophie Bussard,Southeast Missouri State Redhawks,50.0052499999999,southeastmissouristateredhawks,2546,20,-0.46568010292818823,49.932255302823805
Emma Bruwer,Kentucky Wesleyan Panthers,49.9160666666667,kentuckywesleyanpanthers,NA,NA,0,49.90396146071163
Nika Lokica,Idaho State Bengals,49.9150833333334,idahostatebengals,304,5,-0.02468095143188219,49.899863260555
Sydney Burris,UNC Asheville Bulldogs,50.0690833333334,uncashevillebulldogs,2427,6,-1.3272392548610852,49.88048691174908
Anna Kunzwiler,Bucknell Bison,49.9419,bucknellbison,2083,22,-0.505160124153813,49.86534688825938
Sierra Chambers,Southern Utah Thunderbirds,49.9018666666667,southernutahthunderbirds,253,30,-0.3067245555951177,49.851237529137336
Anna Ostlie,Grand Canyon Lopes,49.8922,grandcanyonlopes,2253,30,-0.3067245555951177,49.84172870129155
Caitlyn Rayl,Cleary University Cougars,49.8251333333333,clearyuniversitycougars,NA,NA,0,49.813379520347134
Heaven Samayoa-Mathis,UTEP Miners,49.7734,utepminers,2638,11,0.1427033440452017,49.77478793141832
Delaney Snyder,Cincinnati Bearcats,49.7243333333333,cincinnatibearcats,2132,8,1.627414016520187,49.768909339234384
Kennedi Jackson,Boston College Eagles,49.7125,bostoncollegeeagles,103,2,1.7410828106998104,49.76019966980262
Mikaela Parris,Mississippi Valley State Devilettes,49.91315,mississippivalleystatedevilettes,2400,26,-1.1266675637845338,49.75897648099635
Emma Imevbore,Troy Trojans,49.7728666666667,troytrojans,2653,27,-0.06224989283771565,49.7538009602949
Marija Markovic,Georgian Court University Lions,49.7372833333334,georgiancourtuniversitylions,NA,NA,0,49.72586213186685
Hannah Cleveland,Sewanee Tigers,49.7304333333334,sewaneetigers,NA,NA,0,49.719037785623314
Bree Salenbien,Gonzaga Bulldogs,49.7122333333334,gonzagabulldogs,2250,29,0.15617675887640683,49.713984092221054
Irene Fernandez de Caleya,Wagner Seahawks,49.9167,wagnerseahawks,2681,19,-1.6800381617881592,49.69632654461927
Darrionna Howard,North Carolina A&T Aggies,49.7455833333334,northcarolinaataggies,2448,10,-0.4891651654627686,49.67566697687265
Christin Callens,St. Mary's (TX) Rattlers,49.6818023809524,stmarystxrattlers,NA,NA,0,49.670587797613756
Sarah Thompson,King (TN) Tornado,49.6681166666667,kingtntornado,NA,NA,0,49.65695264410041
Gentry Baldwin,Oral Roberts Golden Eagles,49.6344666666667,oralrobertsgoldeneagles,NA,NA,0,49.62342628038562
Keiryn McGuff,Bowling Green Falcons,49.61865,bowlinggreenfalcons,189,14,-0.06421715182798006,49.60030328065045
Elana Weisman,Bucknell Bison,49.6497,bucknellbison,2083,22,-0.505160124153813,49.580105296404
Bella Toomey,Fairleigh Dickinson Knights,49.78065,fairleighdickinsonknights,161,19,-1.6800381617881592,49.569780104776164
Ty'Renisha Bowers,La Salle Explorers,49.5598333333334,lasalleexplorers,2325,3,0.21493314091272497,49.563116493233345
Asjah Inniss,App State Mountaineers,49.5803166666667,appstatemountaineers,2026,27,-0.06224989283771565,49.562425113837236
Jackie Wright,Davis & Elkins Senators,49.56565,daviselkinssenators,NA,NA,0,49.55485946031989
Blanca Thomas,North Carolina Tar Heels,49.5067333333334,northcarolinatarheels,153,2,1.7410828106998104,49.551278636622655
Jada Patton,IU Indianapolis Jaguars,49.5468500000001,iuindianapolisjaguars,NA,NA,0,49.53612701927358
Brooke Wilson,Army Black Knights,49.597,armyblackknights,349,22,-0.505160124153813,49.52861120053883
Jasmine Peaks,Wichita State Shockers,49.5377333333333,wichitastateshockers,NA,NA,0,49.52704300676328
Molly Manion,Merrimack Warriors,49.6230423076923,merrimackwarriors,2771,13,-0.7445170244651927,49.52660880184841
Meghan Casey,Binghamton Bearcats,49.5865888888889,binghamtonbearcats,2066,1,-0.5587271973835142,49.51236584390452
Tia Harvey,Alabama A&M Bulldogs,49.6264333333333,alabamaambulldogs,2010,26,-1.1266675637845338,49.48604673522678
Alaina Payne,Little Rock Trojans,49.5396166666667,littlerocktrojans,2031,20,-0.46568010292818823,49.476929370840104
Mauriana Hashemian-Orr,Saint Mary's Gaels,49.4638666666667,saintmarysgaels,2608,29,0.15617675887640683,49.46547842183873
Kerith Renihan,Ohio Christian Trailblazers,49.46705,ohiochristiantrailblazers,NA,NA,0,49.4566104838024
Mia Curtis,Santa Clara Broncos,49.45095,santaclarabroncos,2541,29,0.15617675887640683,49.45255474554073
Ramie Reid,Montevallo Falcons,49.4620666666667,montevallofalcons,NA,NA,0,49.451644675759766
Molly O'Riordan,Dayton Flyers,49.43545,daytonflyers,2168,3,0.21493314091272497,49.438598741624766
Jillian Torres,Our Lady Of The Lake Saints,49.4344,ourladyofthelakesaints,NA,NA,0,49.424074931425146
Destine Duckworth,Central Arkansas Sugar Bears,49.4299333333334,centralarkansassugarbears,NA,NA,0,49.419623852936546
Layla Davis,Cal State Fullerton Titans,49.4801666666667,calstatefullertontitans,2239,9,-0.518954747209004,49.41289017686597
Jordyn Merritt,Texas Tech Lady Raiders,49.3726166666667,texastechladyraiders,2641,8,1.627414016520187,49.41224456314735
Olivia Lambrigtsen,Viterbo V-Hawks,49.4076500000001,viterbovhawks,NA,NA,0,49.39741803942103
Kristyna Jeskeova,Grand Canyon Lopes,49.4404833333333,grandcanyonlopes,2253,30,-0.3067245555951177,49.397009562951965
Silvia Gonzalez,Bryant Bulldogs,49.4626,bryantbulldogs,2803,1,-0.5587271973835142,49.391396217312895
Imani Ivery,St. Mary's (TX) Rattlers,49.3987,stmarystxrattlers,NA,NA,0,49.38849905946197
Arielle-Vadrelle Belinga,Coppin State Eagles,49.50305,coppinstateeagles,2154,16,-0.9745622795118004,49.38506537221606
Karyn Sanford,Tarleton State Texans,49.4239666666667,tarletonstatetexans,2627,30,-0.3067245555951177,49.38073502450863
Kristin Sterling,Bowie State Bulldogs,49.3850166666667,bowiestatebulldogs,NA,NA,0,49.37486302392393
Grace Kingery,Ball State Cardinals,49.3906,ballstatecardinals,2050,14,-0.06421715182798006,49.37360578876553
Adara Groman,South Dakota Coyotes,49.3776333333333,southdakotacoyotes,NA,NA,0,49.36750514780182
Brecken Snotherly,East Tennessee State Bucs,49.40845,easttennesseestatebucs,2193,24,-0.4695431161729573,49.34805834265768
Aniya Palmer,Alabama A&M Bulldogs,49.47595,alabamaambulldogs,2010,26,-1.1266675637845338,49.3424420354927
Lamya Alexander,Arlington Baptist Patriots,49.3475333333334,arlingtonbaptistpatriots,NA,NA,0,49.33750846727366
Danni Scully,Ohio Bobcats,49.3530833333333,ohiobobcats,195,14,-0.06421715182798006,49.33630471178208
Emily Jones,Morgan State Lady Bears,49.43795,morganstateladybears,2415,16,-0.9745622795118004,49.32252271814082
Erin Houpt,San Diego State Aztecs,49.3218333333334,sandiegostateaztecs,NA,NA,0,49.311896096559096
Meghan Murray,Kent State Golden Flashes,49.3226333333333,kentstategoldenflashes,2309,14,-0.06421715182798006,49.30602827670005
Jordan Hunter,Auburn Tigers,49.2622333333333,auburntigers,2,23,2.220381999275397,49.30574547606282
Kaili Chamberlin,SE Louisiana Lady Lions,49.34945,selouisianaladylions,2545,25,-0.4220080591350636,49.295232150170776
Dani McTeer,Coppin State Eagles,49.3977,coppinstateeagles,2154,16,-0.9745622795118004,49.28383429968935
Chloe Oliver,Stony Brook Seawolves,49.3385166666666,stonybrookseawolves,2619,10,-0.4891651654627686,49.27749877311909
Ana Beatriz Passos Alves da Silva,Idaho Vandals,49.2773833333334,idahovandals,70,5,-0.02468095143188219,49.26507407351462
Izzy Pugh,Milwaukee Panthers,49.2508166666667,milwaukeepanthers,NA,NA,0,49.241118780631815
Jami Hill,Charleston Cougars,49.3009,charlestoncougars,232,10,-0.4891651654627686,49.24066201530454
Daejah Phillips,Hawai'i Rainbow Wahine,49.2854333333334,hawaiirainbowwahine,62,9,-0.518954747209004,49.22246427603677
Leyocha Marigney,Marshall Thundering Herd,49.2285666666667,marshallthunderingherd,276,27,-0.06224989283771565,49.21268751058774
Kortney Doman,Southern Utah Thunderbirds,49.2492166666667,southernutahthunderbirds,253,30,-0.3067245555951177,49.208489192984075
Taylor Cullinan,Kennesaw State Owls,49.2073333333334,kennesawstateowls,338,11,0.1427033440452017,49.20848059930941
Katie Burton,Detroit Mercy Titans,49.2018333333333,detroitmercytitans,NA,NA,0,49.19229816274086
Anna Badosa,Liberty Flames,49.1726333333334,libertyflames,2335,11,0.1427033440452017,49.17376687684394
Jordan Peete,Charlotte 49ers,49.1812833333334,charlotte49ers,NA,NA,0,49.171815853230925
Jade Campbell,St. Francis (PA) Red Flash,49.2877333333334,stfrancisparedflash,2598,19,-1.6800381617881592,49.10889883636178
Macy Chapman,Ohio Dominican Panthers,49.10455,ohiodominicanpanthers,NA,NA,0,49.095332299241505
Siobhan Ryan,Georgetown Hoyas,49.0571833333333,georgetownhoyas,46,4,1.1815976661979184,49.08236918156061
Belle Bramer,Lehigh Mountain Hawks,49.1331166666667,lehighmountainhawks,2329,22,-0.505160124153813,49.074718960166045
Jaci Bolden,Longwood Lancers,49.20375,longwoodlancers,2344,6,-1.3272392548610852,49.06214448147916
Lizzie Holder,Navy Midshipmen,49.09355,navymidshipmen,2426,22,-0.505160124153813,49.03595396099977
Alexandria Warren,Winston-Salem Rams,49.0367245210728,winstonsalemrams,NA,NA,0,49.02772372543703
Kourtney Rittenberry,Alabama A&M Bulldogs,49.1382,alabamaambulldogs,2010,26,-1.1266675637845338,49.01926587650687
Sky Castro,Southern Jaguars,49.1338,southernjaguars,2582,26,-1.1266675637845338,49.015048019176874
Cori Lard,Miami (OH) RedHawks,48.9911,miamiohredhawks,193,14,-0.06421715182798006,48.97630409629211
Kayla Morris,Towson Tigers,49.0223833333334,towsontigers,119,10,-0.4891651654627686,48.9677041466648
McCall King,UNC Wilmington Seahawks,49.017,uncwilmingtonseahawks,350,10,-0.4891651654627686,48.96242456960524
Micaela Carter,Hofstra Pride,49.0102333333333,hofstrapride,2275,10,-0.4891651654627686,48.95578812542863
Aaliyah Guyton,Iowa Hawkeyes,48.9021,iowahawkeyes,2294,7,1.8898677492822935,48.940447109034245
Alyssa Nielsen,Lindenwood Lions,48.9747000000001,lindenwoodlions,2815,20,-0.46568010292818823,48.92309262968126
Paris Kirk,Eastern Washington Eagles,48.9305666666667,easternwashingtoneagles,331,5,-0.02468095143188219,48.91966404478514
Nicole Carreno,North Florida Ospreys,48.9283166666667,northfloridaospreys,NA,NA,0,48.91965509374895
Hannah Humphrey,East Texas A&M Lions,48.9643833333333,easttexasamlions,2837,25,-0.4220080591350636,48.91696223358498
Norah Clark,UT Martin Skyhawks,48.9586666666667,utmartinskyhawks,2630,20,-0.46568010292818823,48.90735205289591
Lara Langermann,New Mexico Lobos,48.9152833333333,newmexicolobos,NA,NA,0,48.906661930722244
Lyla Kahrimanovic,McNeese Cowgirls,48.947,mcneesecowgirls,2377,25,-0.4220080591350636,48.89987084143821
Uriah Jennings,Arkansas-Pine Bluff Golden Lions,49.0028333333334,arkansaspinebluffgoldenlions,2029,26,-1.1266675637845338,48.88941399488927
Isobel Bunyan,Montana State Bobcats,48.8900333333334,montanastatebobcats,147,5,-0.02468095143188219,48.87928738342285
Sanaa' St. Andre,Tennessee State Lady Tigers,48.91965,tennesseestateladytigers,2634,20,-0.46568010292818823,48.86904294178279
Meliah Van-Otoo,Loyola Maryland Greyhounds,48.9102166666667,loyolamarylandgreyhounds,2352,22,-0.505160124153813,48.856234875713845
Courtney Wristen,San Diego Toreros,48.81345,sandiegotoreros,301,29,0.15617675887640683,48.81473463913554
Eve Alexander,Florida A&M Rattlers,48.91415,floridaamrattlers,50,26,-1.1266675637845338,48.80424503050977
Sanaa Redmond,Rider Broncs,48.8697833333333,riderbroncs,2520,13,-0.7445170244651927,48.79539952082473
Sharmanye Finley,Alcorn State Lady Braves,48.9004,alcornstateladybraves,2016,26,-1.1266675637845338,48.79103301279812
Isabella Jaramillo,Our Lady Of The Lake Saints,48.7974666666667,ourladyofthelakesaints,NA,NA,0,48.78920249048765
Tyonna Bailey,Charleston Southern Buccaneers,48.9047666666666,charlestonsouthernbuccaneers,2127,6,-1.3272392548610852,48.77727982494351
Olivia Schmitt,Syracuse Orange,48.7343833333333,syracuseorange,183,2,1.7410828106998104,48.76838749643149
Caroline Strande,Butler Bulldogs,48.744,butlerbulldogs,2086,4,1.1815976661979184,48.76651722881782
Kyra Gardner,Washington State Cougars,48.7576,washingtonstatecougars,265,29,0.15617675887640683,48.75885892928794
Judit Valero Rodriguez,Florida International Panthers,48.7577333333334,floridainternationalpanthers,2229,11,0.1427033440452017,48.75871158509432
Valeria Castro,Florida National Conquistadors,48.7594220779221,floridanationalconquistadors,NA,NA,0,48.75127100485222
Jennica Suggs,Robert Morris Colonials,48.7410666666667,robertmorriscolonials,NA,NA,0,48.73296977309703
Liliani Krause,Salem University Tigers,48.7350000000001,salemuniversitytigers,NA,NA,0,48.72692095778795
Arina Nikishina,Hampton Lady Pirates,48.7718,hamptonladypirates,2261,10,-0.4891651654627686,48.72180594317418
Haley Walker,DePaul Blue Demons,48.6726333333333,depaulbluedemons,305,4,1.1815976661979184,48.69457141723709
Ella Karst,UVA Wise Cavaliers,48.6946666666667,uvawisecavaliers,NA,NA,0,48.686705606924306
Jesslynn Jalomo,Nicholls Colonels,48.7105166666667,nichollscolonels,2447,25,-0.4220080591350636,48.667235203938304
Jillian Huerter,Fairfield Stags,48.7348166666667,fairfieldstags,2217,13,-0.7445170244651927,48.663970790956256
Taija Sta. Maria,Fresno State Bulldogs,48.6684222222222,fresnostatebulldogs,NA,NA,0,48.66053728148792
Mariah Moody,Erskine Flying Fleet,48.6626,erskineflyingfleet,NA,NA,0,48.65473187666234
Lauren Beach,Fairfield Stags,48.72465,fairfieldstags,2217,13,-0.7445170244651927,48.65406576294433
Faith Harris,Life Pacific Warriors,48.6451333333333,lifepacificwarriors,NA,NA,0,48.637315511584745
Kendall Coley,Nebraska Cornhuskers,48.5791055555555,nebraskacornhuskers,158,7,1.8898677492822935,48.61320013957607
Athena Tomlinson,Boston College Eagles,48.5810166666667,bostoncollegeeagles,103,2,1.7410828106998104,48.613158812432694
McKynnlie Dalan,Gonzaga Bulldogs,48.6017,gonzagabulldogs,2250,29,0.15617675887640683,48.60288907087872
Blake Matthews,Texas State Bobcats,48.6147,texasstatebobcats,326,27,-0.06224989283771565,48.601944173050555
Lovisa Asbrink Hose,Florida Atlantic Owls,48.60505,floridaatlanticowls,NA,NA,0,48.59734676138891
Ale'jah Douglas,Grand Canyon Lopes,48.6061666666666,grandcanyonlopes,2253,30,-0.3067245555951177,48.573782790143134
Shawnee Nordstrom,California Baptist Lancers,48.60015,californiabaptistlancers,2856,30,-0.3067245555951177,48.567837973427046
Amelia Pfeiffer,Tennessee Tech Golden Eagles,48.6027833333333,tennesseetechgoldeneagles,2635,20,-0.46568010292818823,48.55767201538343
Lili Booker,Longwood Lancers,48.6636666666667,longwoodlancers,2344,6,-1.3272392548610852,48.54682402781629
Lucia Sotelo,VCU Rams,48.5295833333333,vcurams,2670,3,0.21493314091272497,48.531866812637325
Teayona Hoard,Corban University Warriors,48.5322166666667,corbanuniversitywarriors,NA,NA,0,48.52471861580145
Brooke Littrell,Creighton Bluejays,48.5018833333334,creightonbluejays,156,4,1.1815976661979184,48.52247821269127
Nevaeh Rivera,Centenary (LA) Gentlemen,48.5172,centenarylagentlemen,NA,NA,0,48.509743773871485
Hannah Hicks,West Georgia Wolves,48.5069333333334,westgeorgiawolves,NA,NA,0,48.499505608052644
Briah Hampton,Southeast Missouri State Redhawks,48.54,southeastmissouristateredhawks,2546,20,-0.46568010292818823,48.495925724139894
Bailey Ford,Kentucky State Thorobreds,48.48505,kentuckystatethorobreds,NA,NA,0,48.47768276968507
Mara Braun,Minnesota Golden Gophers,48.4372525853373,minnesotagoldengophers,135,7,1.8898677492822935,48.469588493883656
Mackenzie Leahy,Brown Bears,48.4642833333333,brownbears,225,12,0.1841164774285017,48.465935540863796
Sydney Lusher,New Hampshire Wildcats,48.5105166666667,newhampshirewildcats,160,1,-0.5587271973835142,48.45970264341404
Ciera Toomey,North Carolina Tar Heels,48.4118833333333,northcarolinatarheels,153,2,1.7410828106998104,48.442056118727294
Denae Skelton,Utah State Aggies,48.4475499999999,utahstateaggies,NA,NA,0,48.44028563345223
Avery Simmons,Loyola Maryland Greyhounds,48.4774166666667,loyolamarylandgreyhounds,2352,22,-0.505160124153813,48.43133308429776
Cheyenne Holloman,Georgia State Panthers,48.44055,georgiastatepanthers,2247,27,-0.06224989283771565,48.428595119839535
Ciara Harris,Winthrop Eagles,48.5196333333333,winthropeagles,2737,6,-1.3272392548610852,48.408844206025634
Morgan Dillard,Kennesaw State Owls,48.3982500000001,kennesawstateowls,338,11,0.1427033440452017,48.39910630310526
Krystal Haddock,Tennessee State Lady Tigers,48.4377166666666,tennesseestateladytigers,2634,20,-0.46568010292818823,48.395296020460634
Irene Rey Pineda,Canisius Golden Griffins,48.4477666666667,canisiusgoldengriffins,2099,13,-0.7445170244651927,48.38405140517814
Starasia Bell-Freeman,Johnson C Smith Golden Bulls,48.37435,johnsoncsmithgoldenbulls,NA,NA,0,48.367283523438594
Rylee Sagester,Wright State Raiders,48.3484666666667,wrightstateraiders,NA,NA,0,48.34146925205744
Angelica Velez,Syracuse Orange,48.3121833333333,syracuseorange,183,2,1.7410828106998104,48.34123566237709
Sydney McLaughlin,Stonehill Skyhawks,48.4642,stonehillskyhawks,284,19,-1.6800381617881592,48.33104611767575
Jayda Mosley,Central Michigan Chippewas,48.3416,centralmichiganchippewas,2117,14,-0.06421715182798006,48.329940816556686
Abbie Riddle,Wright State Raiders,48.3173166666666,wrightstateraiders,NA,NA,0,48.31040173937661
Celia Riviere,West Virginia Mountaineers,48.2685833333333,westvirginiamountaineers,277,8,1.627414016520187,48.29518051264964
Ashley Chevalier,Houston Cougars,48.2656166666666,houstoncougars,248,8,1.627414016520187,48.29218358720258
Lily Esparza,Denver Pioneers,48.2880833333333,denverpioneers,NA,NA,0,48.28124519753013
Angela Williams,James Madison Dukes,48.2910333333333,jamesmadisondukes,256,27,-0.06224989283771565,48.27973747593971
Bailey Williams,Northeastern Huskies,48.2996666666667,northeasternhuskies,111,10,-0.4891651654627686,48.25772520406836
Emma Shields,Lafayette Leopards,48.2846833333334,lafayetteleopards,322,22,-0.505160124153813,48.241841596608474
Keira Scott,Syracuse Orange,48.2136333333334,syracuseorange,183,2,1.7410828106998104,48.24160704897206
Ituau Tuisaula,Stephen F. Austin Ladyjacks,48.2737666666667,stephenfaustinladyjacks,2617,25,-0.4220080591350636,48.237004928310384
Grace Ellis,Cleveland State Vikings,48.2288238095238,clevelandstatevikings,NA,NA,0,48.22213950783716
Mya Wardle,Eastern Kentucky Colonels,48.2271833333333,easternkentuckycolonels,NA,NA,0,48.220503255492964
Sierra Dickson,Texas State Bobcats,48.2271333333334,texasstatebobcats,326,27,-0.06224989283771565,48.216111218296525
Jael Hall,Guilford Quakers,48.2201666666667,guilfordquakers,NA,NA,0,48.213504634076386
Karissa Antoine,Fordham Rams,48.2073,fordhamrams,2230,3,0.21493314091272497,48.20932078302898
Evalyse Cole,Toledo Rockets,48.1908238095238,toledorockets,2649,14,-0.06421715182798006,48.17981985149728
Avery Sussex,UC Davis Aggies,48.21855,ucdavisaggies,302,9,-0.518954747209004,48.175824521240486
Ellie Gabel,Tiffin Dragons,48.1711416666667,tiffindragons,NA,NA,0,48.16460476623807
Ryanne Allen,Villanova Wildcats,48.1346833333333,villanovawildcats,222,4,1.1815976661979184,48.15258625299162
Trinity Slocum,Cal State Bakersfield Roadrunners,48.1781333333334,calstatebakersfieldroadrunners,2934,9,-0.518954747209004,48.1360701107783
Ashton Elley,UAB Blazers,48.1339499999999,uabblazers,NA,NA,0,48.127506926161274
Ayanna Franks,Rhode Island Rams,48.1228666666667,rhodeislandrams,227,3,0.21493314091272497,48.12482228967587
Peppi Lohko,Siena Saints,48.1697333333333,sienasaints,2561,13,-0.7445170244651927,48.11243141585302
Mjracle Sheppard,LSU Tigers,48.0819166666667,lsutigers,99,23,2.220381999275397,48.1101270988025
Monajah Ford,South Carolina State Lady Bulldogs,48.1821166666667,southcarolinastateladybulldogs,2569,16,-0.9745622795118004,48.10878785023553
Erin Rodgers,Florida Atlantic Owls,48.1058666666667,floridaatlanticowls,NA,NA,0,48.099493814836364
Tiana Mathis,Texas Southern Tigers,48.1240666666667,texassoutherntigers,2640,26,-1.1266675637845338,48.042192964270754
Orlagh Gormley,Providence Friars,48.0127166666667,providencefriars,2507,4,1.1815976661979184,48.029782828115316
Arene Iyekekpolor,Alcorn State Lady Braves,48.1065166666667,alcornstateladybraves,2016,26,-1.1266675637845338,48.02520163865635
Ava Watson,Ohio State Buckeyes,47.9948833333333,ohiostatebuckeyes,194,7,1.8898677492822935,48.022142471713856
Julia Garcia Roig,Xavier Musketeers,47.99825,xaviermusketeers,2752,4,1.1815976661979184,48.015218760559705
De'Myla Brown,Missouri Tigers,47.9866023809524,missouritigers,142,23,2.220381999275397,48.01377219091195
Kaitlyn McCarn,UT Martin Skyhawks,48.0494333333333,utmartinskyhawks,2630,20,-0.46568010292818823,48.01289673850168
Daniela Ciscar,St. Mary's (TX) Rattlers,47.9776488095238,stmarystxrattlers,NA,NA,0,47.97158978852825
Kayla Beckwith,William & Mary Tribe,47.99605,williammarytribe,2729,10,-0.4891651654627686,47.958779137872
Kensley Feltner,Belmont Bruins,47.943,belmontbruins,2057,18,0.3818613853103341,47.947373446348706
Sheridan Kavanagh,St. Mary's (TX) Rattlers,47.9394857142857,stmarystxrattlers,NA,NA,0,47.93351797788778
Aili Tanke,Iowa State Cyclones,47.9011388888889,iowastatecyclones,66,8,1.627414016520187,47.924168010991004
Angelina Smith,DePaul Blue Demons,47.8988833333334,depaulbluedemons,305,4,1.1815976661979184,47.91519353967747
Jasmine Dupree-Hebert,Oakland Golden Grizzlies,47.9174,oaklandgoldengrizzlies,NA,NA,0,47.91148465094814
Alaisha Brown,Denver Pioneers,47.9147166666666,denverpioneers,NA,NA,0,47.9088076605425
Leonor Paisana,Winthrop Eagles,47.99595,winthropeagles,2737,6,-1.3272392548610852,47.90533132312419
Kendal Robinson,UT Arlington Mavericks,47.9225,utarlingtonmavericks,250,30,-0.3067245555951177,47.897590429734436
Jayla Owen,North Dakota Fighting Hawks,47.8915,northdakotafightinghawks,NA,NA,0,47.88564567598272
Kaila Kelley,Sam Houston Bearkats,47.8546333333334,samhoustonbearkats,2534,11,0.1427033440452017,47.85532601310891
Yonta Vaughn,Virginia Cavaliers,47.7913555555555,virginiacavaliers,258,2,1.7410828106998104,47.815022616774094
Jadyn Fife,Colorado State Rams,47.7978333333333,coloradostaterams,NA,NA,0,47.79219604013068
Sam Tillson,Army Black Knights,47.8238666666666,armyblackknights,349,22,-0.505160124153813,47.78812544812826
Kaitlyn Duhon,Auburn Tigers,47.7567388888889,auburntigers,2,23,2.220381999275397,47.78150981694623
Toby Nweke,Princeton Tigers,47.7551,princetontigers,163,12,0.1841164774285017,47.75635213882335
Ari Long,Oregon Ducks,47.7243222222222,oregonducks,2483,7,1.8898677492822935,47.74876719782526
Makenzie Hill,Delta State Statesmen,47.7521256410256,deltastatestatesmen,NA,NA,0,47.746592189215235
Jzaniya Harriel,Stanford Cardinal,47.7145166666667,stanfordcardinal,24,2,1.7410828106998104,47.73745328871
Somer Johnson,Brevard Tornados,47.7375357142857,brevardtornados,NA,NA,0,47.732035125830436
Madison Roshelle,Charlotte 49ers,47.7290666666667,charlotte49ers,NA,NA,0,47.723585091917506
Kimmie Hicks,Loyola Maryland Greyhounds,47.7544,loyolamarylandgreyhounds,2352,22,-0.505160124153813,47.71965257520179
Aby Shubert,Montana Lady Griz,47.7241333333333,montanaladygriz,149,5,-0.02468095143188219,47.717252863878336
Kyndal Lewis,Eastern Michigan Eagles,47.7189166666667,easternmichiganeagles,2199,14,-0.06421715182798006,47.70979719787279
Donavia Hall,SMU Mustangs,47.6766333333333,smumustangs,2567,2,1.7410828106998104,47.69921568712233
Kaelyn Hamilton,San Diego State Aztecs,47.7036166666667,sandiegostateaztecs,NA,NA,0,47.69819195345596
Maggie Taylor,Drake Bulldogs,47.68545,drakebulldogs,2181,18,0.3818613853103341,47.68939036845928
Kaylan Jack,Southern-New Orleans Knights,47.6797166666668,southernneworleansknights,NA,NA,0,47.67434497628666
Sofia Alonso,Sacramento State Hornets,47.6791333333333,sacramentostatehornets,16,5,-0.02468095143188219,47.672378785886984
Audia Young,Auburn Tigers,47.6397,auburntigers,2,23,2.220381999275397,47.663308207279535
Taylor Lauterbach,Virginia Cavaliers,47.6391166666667,virginiacavaliers,258,2,1.7410828106998104,47.66135195995913
Devin Coppinger,Washington Huskies,47.6311333333333,washingtonhuskies,264,7,1.8898677492822935,47.654657960879184
Emma Koabel,Duke Blue Devils,47.6203023809524,dukebluedevils,150,2,1.7410828106998104,47.642365034770634
Candela Perez-Castellanos,Warren Wilson Owls,47.6444333333333,warrenwilsonowls,NA,NA,0,47.639139258109985
Mariona Planes Fortuny,George Washington Revolutionaries,47.6330166666667,georgewashingtonrevolutionaries,45,3,0.21493314091272497,47.63462287136253
Estie Varga,Long Island University Sharks,47.7188666666667,longislanduniversitysharks,112358,19,-1.6800381617881592,47.6194017213201
Anaiah Jenkins,Towson Tigers,47.64475,towsontigers,119,10,-0.4891651654627686,47.61241568818781
Ella Uriarte,Idaho Vandals,47.61875,idahovandals,70,5,-0.02468095143188219,47.61216188519105
Jessica Farrell,Central Connecticut Blue Devils,47.693,centralconnecticutbluedevils,2115,19,-1.6800381617881592,47.594584005045576
Lexie Sinclair,Roosevelt Lakers,47.5988166666667,rooseveltlakers,NA,NA,0,47.593621774530895
Tamia Moody,Schreiner Mountaineers,47.5834833333333,schreinermountaineers,NA,NA,0,47.578321487102315
Sa'lah Hemingway,Howard Bison,47.6361833333333,howardbison,47,16,-0.9745622795118004,47.5772420396657
Lexie Ransom,Southern Wesleyan Warriors,47.5723166666667,southernwesleyanwarriors,NA,NA,0,47.567178794090836
Jamie Kent,Pacific Tigers,47.56255,pacifictigers,279,29,0.15617675887640683,47.5633408090181
Teniesha Clarke,Akron Zips,47.5706,akronzips,2006,14,-0.06421715182798006,47.56202287407845
Last-Tear Poa,LSU Tigers,47.5144404761904,lsutigers,99,23,2.220381999275397,47.536847049131886
Leila Wells,Virginia Tech Hokies,47.4966571428571,virginiatechhokies,259,2,1.7410828106998104,47.51760840357823
Mary Moses Amaniyo,UTEP Miners,47.5142666666667,utepminers,2638,11,0.1427033440452017,47.5148688298724
Nuria Jurjo,Miami (OH) RedHawks,47.5231166666667,miamiohredhawks,193,14,-0.06421715182798006,47.51470830675354
Maya Woodson,Morgan State Lady Bears,47.5664,morganstateladybears,2415,16,-0.9745622795118004,47.5091429271981
Faith Alston,Richmond Spiders,47.4981333333334,richmondspiders,257,3,0.21493314091272497,47.49965157116817
Bella Samz,Youngstown State Penguins,47.4939333333333,youngstownstatepenguins,NA,NA,0,47.488961562976804
Daria Nestorov,Pacific Tigers,47.4841333333334,pacifictigers,279,29,0.15617675887640683,47.484898532799434
Micah O'Dell,Robert Morris Colonials,47.4742,robertmorriscolonials,NA,NA,0,47.4692694493424
Jade Peacock,Hawai'i Rainbow Wahine,47.4973166666667,hawaiirainbowwahine,62,9,-0.518954747209004,47.46536303824605
Mia Bergstrom,Saint Louis Billikens,47.4636666666666,saintlouisbillikens,139,3,0.21493314091272497,47.4651629770401
Adlee Blacklock,Texas Tech Lady Raiders,47.4416666666667,texastechladyraiders,2641,8,1.627414016520187,47.46072196971577
Izzy Dugal,Cleary University Cougars,47.45155,clearyuniversitycougars,NA,NA,0,47.44666646737972
Trinity Gooden,Rice Owls,47.4475,riceowls,NA,NA,0,47.442624841537416
Jada Bediako,Marquette Golden Eagles,47.4156,marquettegoldeneagles,269,4,1.1815976661979184,47.42895931989494
Maya Hunkin-Claytor,Alcorn State Lady Braves,47.4853166666666,alcornstateladybraves,2016,26,-1.1266675637845338,47.42211448605129
Addison Melton,Lipscomb Bisons,47.42465,lipscombbisons,NA,NA,0,47.41982190104364
Kennedi Alexander,Tulsa Golden Hurricane,47.4156,tulsagoldenhurricane,NA,NA,0,47.41079045170769
Grace Clary,Mercyhurst Lakers,47.49575,mercyhurstlakers,2385,19,-1.6800381617881592,47.40508127813095
Izela Arenas,Louisville Cardinals,47.3846833333334,louisvillecardinals,97,2,1.7410828106998104,47.40466232451114
Syriah Daniels,Auburn Tigers,47.378,auburntigers,2,23,2.220381999275397,47.399146917516575
Ana Guillen,Yale Bulldogs,47.3627666666667,yalebulldogs,43,12,0.1841164774285017,47.363829413624394
April Rummery-Lamb,Northern Colorado Bears,47.3542833333333,northerncoloradobears,2458,5,-0.02468095143188219,47.34839061935679
Niyah Gaston,Coppin State Eagles,47.3947666666666,coppinstateeagles,2154,16,-0.9745622795118004,47.341508994965196
Reina Green,Duquesne Dukes,47.3397333333333,duquesnedukes,2184,3,0.21493314091272497,47.341152619637455
Nneka Obiazor,Grand Canyon Lopes,47.3557190476191,grandcanyonlopes,2253,30,-0.3067245555951177,47.336017043899524
MacKayla Scarlett,Providence Friars,47.3095166666667,providencefriars,2507,4,1.1815976661979184,47.32228211630728
Rachael Rose,Wofford Terriers,47.3337555555555,woffordterriers,2747,24,-0.4695431161729573,47.30634539966715
Ajok Madol,Dayton Flyers,47.2937833333334,daytonflyers,2168,3,0.21493314091272497,47.2951747777767
Kylee Lewandowski,Samford Bulldogs,47.3142333333333,samfordbulldogs,2535,24,-0.4695431161729573,47.28705264238616
Eris Lester,Alabama Crimson Tide,47.2589666666667,alabamacrimsontide,333,23,2.220381999275397,47.27905567077919
Tyler Jackson,Tarleton State Texans,47.2964857660455,tarletonstatetexans,2627,30,-0.3067245555951177,47.277279859139114
Brooke Walker,Utah Utes,47.2595166666666,utahutes,254,8,1.627414016520187,47.27713851386778
Nyaluak Dak,East Texas A&M Lions,47.2686,easttexasamlions,2837,25,-0.4220080591350636,47.2441908108326
Skye Robinson,Norfolk State Spartans,47.2909,norfolkstatespartans,2450,16,-0.9745622795118004,47.23996579777957
Cady Pauley,Missouri State Lady Bears,47.2327333333333,missouristateladybears,2623,18,0.3818613853103341,47.23598638150861
Kenzie Hare,Iowa State Cyclones,47.2092388888888,iowastatecyclones,66,8,1.627414016520187,47.226478704402915
Kate Clarke,DePaul Blue Demons,47.2136166666667,depaulbluedemons,305,4,1.1815976661979184,47.225861300361316
Tamya Smith,Memphis Tigers,47.2150333333334,memphistigers,NA,NA,0,47.21062229108367
Kennedy Claybrooks,Southeast Missouri State Redhawks,47.21305,southeastmissouristateredhawks,2546,20,-0.46568010292818823,47.18721496344067
Kayla Hopson,Cal State Northridge Matadors,47.2035666666667,calstatenorthridgematadors,2463,9,-0.518954747209004,47.17539791464367
Madysen Vlastuin,South Dakota State Jackrabbits,47.1662833333333,southdakotastatejackrabbits,NA,NA,0,47.16196555960111
Kristian Jackson,Alabama State Lady Hornets,47.2175333333333,alabamastateladyhornets,2011,26,-1.1266675637845338,47.16119009342925
Ruthie Mbugua,Jackson State Lady Tigers,47.1901333333333,jacksonstateladytigers,2296,26,-1.1266675637845338,47.134461297434925
Teagan Brown,Washington Huskies,47.1051166666666,washingtonhuskies,264,7,1.8898677492822935,47.12389364734289
Soleil Montrose,Army Black Knights,47.1291833333333,armyblackknights,349,22,-0.505160124153813,47.10253260246146
Khalia Bryant,Kentucky State Thorobreds,47.0939440476191,kentuckystatethorobreds,NA,NA,0,47.08976213229084
Dalayja Hurt-Floyd,Alcorn State Lady Braves,47.1400166666667,alcornstateladybraves,2016,26,-1.1266675637845338,47.08555790055707
Shy Hawkins,Syracuse Orange,47.0615333333333,syracuseorange,183,2,1.7410828106998104,47.078883016811204
Kaylee Headrick,Colorado State Rams,47.0776571428571,coloradostaterams,NA,NA,0,47.073505400146324
Patricia Sherrill,Long Island University Sharks,47.14215,longislanduniversitysharks,112358,19,-1.6800381617881592,47.06429083758981
Carlie Vick,Bradley Braves,47.0468571428571,bradleybraves,71,18,0.3818613853103341,47.04985393037934
Andjela Bigovic,Tarleton State Texans,47.0306,tarletonstatetexans,2627,30,-0.3067245555951177,47.01351434193457
Madison Mckenzie,Christopher Newport University Captains,47.0090666666667,christophernewportuniversitycaptains,NA,NA,0,47.00504033283182
Taylor Janssen,Montana State Bobcats,47.0094833333333,montanastatebobcats,147,5,-0.02468095143188219,47.00441830188499
Mya Pratcher,Western Kentucky Lady Toppers,46.9857166666667,westernkentuckyladytoppers,98,11,0.1427033440452017,46.98619510788825
Micah Cooper,Southern Miss Lady Eagles,46.9918333333333,southernmissladyeagles,2572,27,-0.06224989283771565,46.98524094711112
Makayla Moore,Arizona State Sun Devils,46.9381166666667,arizonastatesundevils,9,8,1.627414016520187,46.95339511349014
Waiata Jennings,Baylor Bears,46.93805,baylorbears,239,8,1.627414016520187,46.95332798463591
Shailyn Pinkney,Seton Hall Pirates,46.9360067460317,setonhallpirates,2550,4,1.1815976661979184,46.94682725655114
Amelia Storm,Cleary University Cougars,46.9496833333333,clearyuniversitycougars,NA,NA,0,46.94576342632709
Sydney Mccaig,Cleary University Cougars,46.9430416666667,clearyuniversitycougars,NA,NA,0,46.93913353991048
Niamya Holloway,Minnesota Golden Gophers,46.9191666666666,minnesotagoldengophers,135,7,1.8898677492822935,46.93643892328844
Macy Donarski,Montana Lady Griz,46.9275166666667,montanaladygriz,149,5,-0.02468095143188219,46.9226357682658
Calyn Dallas,Utah Tech Trailblazers,46.9298333333333,utahtechtrailblazers,3101,30,-0.3067245555951177,46.91350677115266
Morgan Cheli,UConn Huskies,46.8941904761904,uconnhuskies,41,4,1.1815976661979184,46.904806969025955
Olivia Leung,Dayton Flyers,46.8907833333333,daytonflyers,2168,3,0.21493314091272497,46.891946643461175
Libby Hutton,Boise State Broncos,46.88155,boisestatebroncos,NA,NA,0,46.87774977467781
Anaya Barney,Coastal Carolina Chanticleers,46.8719333333334,coastalcarolinachanticleers,324,27,-0.06224989283771565,46.865690262349126
Bria Shine,UC Davis Aggies,46.8861166666667,ucdavisaggies,302,9,-0.518954747209004,46.861674830063905
Kallie Peppler,Milwaukee Panthers,46.84875,milwaukeepanthers,NA,NA,0,46.84500647467973
Rakiyah Jackson,Nevada Wolf Pack,46.8389666666667,nevadawolfpack,NA,NA,0,46.835239938914995
Brooklin Dailey,Drake Bulldogs,46.8069166666667,drakebulldogs,2181,18,0.3818613853103341,46.80960385993377
Kayla Preston,Valparaiso Beacons,46.8037388888889,valparaisobeacons,2674,18,0.3818613853103341,46.80642213811198
Avery Treadwell,Florida State Seminoles,46.7894666666666,floridastateseminoles,52,2,1.7410828106998104,46.80479781264806
Zyaire Hairston,Virginia-Lynchburg Dragons,46.7911333333334,virginialynchburgdragons,NA,NA,0,46.787487980270846
Taliyah Wyche,East Carolina Pirates,46.78005,eastcarolinapirates,NA,NA,0,46.7764233243586
Makira Cook,Illinois Fighting Illini,46.7434,illinoisfightingillini,356,7,1.8898677492822935,46.75932900109092
Hannah Linthacum,Missouri Tigers,46.7431833333334,missouritigers,142,23,2.220381999275397,46.75911072497945
KC Carter,Wagner Seahawks,46.8258666666666,wagnerseahawks,2681,19,-1.6800381617881592,46.75834887022071
Elif Istanbulluoglu,Louisville Cardinals,46.7387666666667,louisvillecardinals,97,2,1.7410828106998104,46.753740619672165
Ayanna Thompson,Ole Miss Rebels,46.7029222222222,olemissrebels,145,23,2.220381999275397,46.718552501921984
Melesungu Afeaki,Saint Mary's Gaels,46.6945333333333,saintmarysgaels,2608,29,0.15617675887640683,46.69507188523518
Kayana Armbrister,UT Martin Skyhawks,46.70145,utmartinskyhawks,2630,20,-0.46568010292818823,46.680954881105016
Taylor Dunn,Guilford Quakers,46.6818666666666,guilfordquakers,NA,NA,0,46.67840255650648
Amiyah Reynolds,Purdue Boilermakers,46.64905,purdueboilermakers,2509,7,1.8898677492822935,46.664288773580665
Sahnya Jah,Arizona Wildcats,46.6392,arizonawildcats,12,8,1.627414016520187,46.65250204314716
Jocelyn Land,Butler Bulldogs,46.6422,butlerbulldogs,2086,4,1.1815976661979184,46.65164325831155
Singo Lekeuneu,Mercyhurst Lakers,46.7128,mercyhurstlakers,2385,19,-1.6800381617881592,46.648734920689805
Mya Jones,Wiley Wildcats,46.6355666666667,wileywildcats,NA,NA,0,46.632177431483846
Amani Lipscomb,Christian Brothers Buccaneers,46.6198857142857,christianbrothersbuccaneers,NA,NA,0,46.6165215810388
Makaiya Thomas,Defiance Yellow Jackets,46.61845,defianceyellowjackets,NA,NA,0,46.615088158564284
Nicole Azar,Western Carolina Catamounts,46.6253388888889,westerncarolinacatamounts,2717,24,-0.4695431161729573,46.60543029510301
Tiziana Huici,Queens University Royals,46.60495,queensuniversityroyals,NA,NA,0,46.60160965546245
Claire Simmons,Grambling Lady Tigers,46.6426833333334,gramblingladytigers,2755,26,-1.1266675637845338,46.59928795907354
Nyodie Guerard,Mount St. Mary's Mountaineers,46.6273333333334,mountstmarysmountaineers,116,13,-0.7445170244651927,46.597715808075094
Vivienne Knee,Cornell Big Red,46.5904071428571,cornellbigred,172,12,0.1841164774285017,46.591156867106264
Alana Goosby,Cal Poly Mustangs,46.61025,calpolymustangs,13,9,-0.518954747209004,46.588756130902134
Kylee Sheppard,Providence Friars,46.56595,providencefriars,2507,4,1.1815976661979184,46.575056818526896
Jazmyn Sostand,Arkansas-Pine Bluff Golden Lions,46.6055666666667,arkansaspinebluffgoldenlions,2029,26,-1.1266675637845338,46.56292828975758
Jada Williams,Eastern Michigan Eagles,46.5626,easternmichiganeagles,2199,14,-0.06421715182798006,46.5571312139777
Valeria Brewer,Westcliff Warriors,46.54795,westcliffwarriors,NA,NA,0,46.54469936926832
Avery Young,McNeese Cowgirls,46.5615,mcneesecowgirls,2377,25,-0.4220080591350636,46.54381136513266
Morgan Borgstadt,UT Martin Skyhawks,46.5604333333333,utmartinskyhawks,2630,20,-0.46568010292818823,46.541262799059
Aubrey Griffin,UConn Huskies,46.5004740139088,uconnhuskies,41,4,1.1815976661979184,46.50929864792561
Rosalie Mercille,Loyola Chicago Ramblers,46.4945833333334,loyolachicagoramblers,2350,3,0.21493314091272497,46.49554906751145
Freda Moore,College Of Saint Mary Flames,46.4860792207792,collegeofsaintmaryflames,NA,NA,0,46.48292406283442
Devyn Scott,Stony Brook Seawolves,46.49715,stonybrookseawolves,2619,10,-0.4891651654627686,46.47777638620675
Grace Carstensen,DePaul Blue Demons,46.4639260822511,depaulbluedemons,305,4,1.1815976661979184,46.47259587269749
Rusne Augustinaite,Georgia Tech Yellow Jackets,46.4581666666667,georgiatechyellowjackets,59,2,1.7410828106998104,46.47126751569417
Toni Warren,Wofford Terriers,46.4857357142857,woffordterriers,2747,24,-0.4695431161729573,46.467114950851965
Peyton McCabe,Drake Bulldogs,46.4540571428571,drakebulldogs,2181,18,0.3818613853103341,46.45633044832366
Jaycie Christopher,Maine Black Bears,46.4631055555555,maineblackbears,311,1,-0.5587271973835142,46.44178297470345
Lizzy Groetsch,Pennsylvania Quakers,46.42145,pennsylvaniaquakers,219,12,0.1841164774285017,46.42214101276818
Breana Delaney,Stonehill Skyhawks,46.4579999999999,stonehillskyhawks,284,19,-1.6800381617881592,46.40126361875188
Melissa Mwanza,Louisiana Tech Lady Techsters,46.39625,louisianatechladytechsters,2348,11,0.1427033440452017,46.39661265067461
Jaylyn James,Louisiana Ragin' Cajuns,46.3881166666666,louisianaragincajuns,309,27,-0.06224989283771565,46.383153263654236
Racky Kane,Long Island University Sharks,46.4174333333333,longislanduniversitysharks,112358,19,-1.6800381617881592,46.36180741571248
Allison Weidner,Nebraska Cornhuskers,46.3484333333333,nebraskacornhuskers,158,7,1.8898677492822935,46.361611468957655
Kaylee Krysztof,Binghamton Bearcats,46.3783666666666,binghamtonbearcats,2066,1,-0.5587271973835142,46.357909025712644
Reiven Douglas,North Carolina A&T Aggies,46.3740999999999,northcarolinaataggies,2448,10,-0.4891651654627686,46.35585462557511
Gracie Johnson,Utah State Aggies,46.3562666666667,utahstateaggies,NA,NA,0,46.353305471123804
Claudia Acin,Liberty Flames,46.3503166666666,libertyflames,2335,11,0.1427033440452017,46.350671209030956
Sydney Erikstrup,Grand Canyon Lopes,46.3324333333333,grandcanyonlopes,2253,30,-0.3067245555951177,46.32013369736511
Raiane Dias Dos Santos,Florida State Seminoles,46.2840833333333,floridastateseminoles,52,2,1.7410828106998104,46.29610770198522
Raven Sims,Memphis Tigers,46.2911333333333,memphistigers,NA,NA,0,46.28826627049173
Da'Kariya Jackson,Southeast Missouri State Redhawks,46.2985666666667,southeastmissouristateredhawks,2546,20,-0.46568010292818823,46.28169637282903
Bobbi Smith,East Carolina Pirates,46.27165,eastcarolinapirates,NA,NA,0,46.268810686928575
Samyha Suffren,Virginia Tech Hokies,46.2561579365079,virginiatechhokies,259,2,1.7410828106998104,46.268015534691564
TreShondra Williams,Marshall Thundering Herd,46.2531666666667,marshallthunderingherd,276,27,-0.06224989283771565,46.248524751411075
Lydie Mwamba,New Mexico Lobos,46.2502893374741,newmexicolobos,NA,NA,0,46.24748023352634
Diamond Wiggins,Hampton Lady Pirates,46.2611666666667,hamptonladypirates,2261,10,-0.4891651654627686,46.24391593561382
Katerina Dakos,Christopher Newport University Captains,46.2463416666666,christophernewportuniversitycaptains,NA,NA,0,46.24353812118626
Martha Pietsch,UC Santa Barbara Gauchos,46.2402166666666,ucsantabarbaragauchos,2540,9,-0.518954747209004,46.22227700387182
Aaliyah Ellis,New Orleans Privateers,46.2350166666667,neworleansprivateers,2443,25,-0.4220080591350636,46.21994526853168
Bridget Utberg,Marquette Golden Eagles,46.2104722222222,marquettegoldeneagles,269,4,1.1815976661979184,46.218119612390495
Dyani Ananiev,Portland Pilots,46.2165833333333,portlandpilots,2501,29,0.15617675887640683,46.21701016164225
Julianna LaMendola,Indiana Hoosiers,46.2044666666667,indianahoosiers,84,7,1.8898677492822935,46.21673011052759
Tilda Sjokvist,Missouri Tigers,46.2037571428571,missouritigers,142,23,2.220381999275397,46.21601619115644
Dianne Crespo Lopez,Sacred Heart Pioneers,46.2378166666666,sacredheartpioneers,2529,13,-0.7445170244651927,46.21332548121539
Elle Snyder,Evansville Purple Aces,46.2035357142857,evansvillepurpleaces,339,18,0.3818613853103341,46.205543547385155
Joseana Vaz,Colorado State Rams,46.2044071428572,coloradostaterams,NA,NA,0,46.20166217320288
Alyssa Andrews,Wake Forest Demon Deacons,46.17415,wakeforestdemondeacons,154,2,1.7410828106998104,46.185527119997865
Henna Sandvik,Indiana Hoosiers,46.1572238095238,indianahoosiers,84,7,1.8898677492822935,46.169196956459764
Erica Hall,Mercyhurst Lakers,46.2124166666667,mercyhurstlakers,2385,19,-1.6800381617881592,46.16217355372845
Kristina Godfrey,Florida Atlantic Owls,46.1573833333333,floridaatlanticowls,NA,NA,0,46.154703033833435
Annika Gustafson,Wisconsin-La Crosse Eagles,46.15725,wisconsinlacrosseeagles,NA,NA,0,46.15456988235268
Mariana Valenzuela,Florida State Seminoles,46.1296166666666,floridastateseminoles,52,2,1.7410828106998104,46.14073860654214
Audrey Taylor,Northern Arizona Lumberjacks,46.1324404761905,northernarizonalumberjacks,2464,5,-0.02468095143188219,46.129111943475365
Olivia Bowes,Longwood Lancers,46.1622333333333,longwoodlancers,2344,6,-1.3272392548610852,46.1223192070182
Pinja Paananen,Arkansas Razorbacks,46.1055666666667,arkansasrazorbacks,8,23,2.220381999275397,46.11722787901129
Ramiyah Byrd,Cincinnati Bearcats,46.1051071428572,cincinnatibearcats,2132,8,1.627414016520187,46.115331479390875
Una Jovanovic,TCU Horned Frogs,46.1034238095238,tcuhornedfrogs,2628,8,1.627414016520187,46.11363931713378
Katie Thiers,Princeton Tigers,46.1067888888889,princetontigers,163,12,0.1841164774285017,46.10737918673582
Lexie Foutch,Tulsa Golden Hurricane,46.1026404761905,tulsagoldenhurricane,NA,NA,0,46.10003412425572
Takeira Ramey,Texas State Bobcats,46.1018904761904,texasstatebobcats,326,27,-0.06224989283771565,46.09759145855791
Allie Cummins,Northern Arizona Lumberjacks,46.0930666666666,northernarizonalumberjacks,2464,5,-0.02468095143188219,46.08980462075919
Lexie Green,Southern Indiana Screaming Eagles,46.1023071428571,southernindianascreamingeagles,88,20,-0.46568010292818823,46.087030007483676
Dia Denes,Long Island University Sharks,46.1293333333334,longislanduniversitysharks,112358,19,-1.6800381617881592,46.08116491575843
Caroline Thiel,Charlotte 49ers,46.0819166666667,charlotte49ers,NA,NA,0,46.07933793616562
Alisa Knight,Texas Southern Tigers,46.1123893374741,texassoutherntigers,2640,26,-1.1266675637845338,46.078960247314704
Ellie Magestro-Kennedy,Wright State Raiders,46.07485,wrightstateraiders,NA,NA,0,46.072280641672656
Macy Spencer,UNLV Lady Rebels,46.0647773809523,unlvladyrebels,NA,NA,0,46.062221340645564
Justine Pissott,Vanderbilt Commodores,46.0431222222222,vanderbiltcommodores,238,23,2.220381999275397,46.054413930209584
Laila Hull,North Carolina Tar Heels,46.0428,northcarolinatarheels,153,2,1.7410828106998104,46.053435917155056
Kendal George,SIU Edwardsville Cougars,46.0606333333333,siuedwardsvillecougars,2565,20,-0.46568010292818823,46.045680534916364
Zaria Glover,Jackson State Lady Tigers,46.0724,jacksonstateladytigers,2296,26,-1.1266675637845338,46.03965093363638
Ellie Pingree,American University Eagles,46.0402333333333,americanuniversityeagles,44,22,-0.505160124153813,46.024397291363925
Lauren Gerken,Bowling Green Falcons,46.0130833333333,bowlinggreenfalcons,189,14,-0.06421715182798006,46.00892609622435
Allison Cannon,NJIT Highlanders,46.0233,njithighlanders,2885,1,-0.5587271973835142,46.006203468081814
Grace Ardito,Union Garnet Chargers,45.9963446065429,uniongarnetchargers,NA,NA,0,45.99387778573741
Marta Alsina,Washington State Cougars,45.9785666666666,washingtonstatecougars,265,29,0.15617675887640683,45.97894436627673
Amelie Sitterud,Loyola Marymount Lions,45.9737666666667,loyolamarymountlions,2351,29,0.15617675887640683,45.97414341793886
Madisyn Jordan,Wake Forest Demon Deacons,45.9289666666667,wakeforestdemondeacons,154,2,1.7410828106998104,45.93898786083281
Jaeda Wilson,Georgetown Hoyas,45.9275499999999,georgetownhoyas,46,4,1.1815976661979184,45.93415835304874
Emily Counsel,Denver Pioneers,45.9330666666666,denverpioneers,NA,NA,0,45.930680405222596
Nasi Simmons,Columbia Lions,45.9212722222222,columbialions,171,12,0.1841164774285017,45.921808174783465
Alani Fluker,Tarleton State Texans,45.92955,tarletonstatetexans,2627,30,-0.3067245555951177,45.91953933369984
Lexi Blue,Kentucky Wildcats,45.8957571428572,kentuckywildcats,96,23,2.220381999275397,45.9062091147635
Alexis Burce,Erskine Flying Fleet,45.9066,erskineflyingfleet,NA,NA,0,45.90424688658436
Alexa Mikeska,William & Mary Tribe,45.9164161172161,williammarytribe,2729,10,-0.4891651654627686,45.90196897653987
Jacee Busick,Belmont Bruins,45.8966333333333,belmontbruins,2057,18,0.3818613853103341,45.89834621122789
Lauryn Madsen,UC Irvine Anteaters,45.9011222222222,ucirvineanteaters,300,9,-0.518954747209004,45.886061855631056
Anna Lassan,Detroit Mercy Titans,45.8807666666667,detroitmercytitans,NA,NA,0,45.87844559952208
Ellie Colbeck,South Dakota State Jackrabbits,45.8752071428571,southdakotastatejackrabbits,NA,NA,0,45.872892932609275
Emilia Tenbrock,Coastal Carolina Chanticleers,45.8588666666667,coastalcarolinachanticleers,324,27,-0.06224989283771565,45.85508116228488
Audrey Biggs,Pittsburgh Panthers,45.8415571428571,pittsburghpanthers,221,2,1.7410828106998104,45.85112333194648
Ella Brow,SMU Mustangs,45.84055,smumustangs,2567,2,1.7410828106998104,45.85011103144532
Samantha Crispe,Utah Utes,45.83765,utahutes,254,8,1.627414016520187,45.84653662139831
Kyera Thornsbury,Jacksonville State Gamecocks,45.8442049242424,jacksonvillestategamecocks,55,11,0.1427033440452017,45.84447825573311
Maya Hyacienth,Saint Peter's Peacocks,45.8543833333334,saintpeterspeacocks,2612,13,-0.7445170244651927,45.83430355425369
Maggie Stutelberg,Western Michigan Broncos,45.82625,westernmichiganbroncos,2711,14,-0.06421715182798006,45.82248369721368
Taylor Woodson,Minnesota Golden Gophers,45.8113464285714,minnesotagoldengophers,135,7,1.8898677492822935,45.821337411035834
Madi Hawk,Wofford Terriers,45.8311888888889,woffordterriers,2747,24,-0.4695431161729573,45.81784580387356
Lele Tanuvasa,South Carolina Upstate Spartans,45.8399166666667,southcarolinaupstatespartans,2908,6,-1.3272392548610852,45.80617883832272
Sapphire Jones,La Sierra Golden Eagles,45.7982047619048,lasierragoldeneagles,NA,NA,0,45.79598408820558
Aasia Sam,Louisiana Ragin' Cajuns,45.7963333333333,louisianaragincajuns,309,27,-0.06224989283771565,45.79267274471037
Camron Blank,IU Indianapolis Jaguars,45.7928500000001,iuindianapolisjaguars,NA,NA,0,45.79063573191041
Shirel Nahum,UC Irvine Anteaters,45.8029666666666,ucirvineanteaters,300,9,-0.518954747209004,45.788675892922164
Gretchen Dolan,Illinois Fighting Illini,45.7777357142857,illinoisfightingillini,356,7,1.8898677492822935,45.78754712264383
Jayden Rhodes,San Diego Toreros,45.7871,sandiegotoreros,301,29,0.15617675887640683,45.787441134632154
Savannah Curry,Temple Owls,45.7764833333334,templeowls,NA,NA,0,45.774288564585646
Ali Hardwell,South Carolina State Lady Bulldogs,45.7872166666667,southcarolinastateladybulldogs,2569,16,-0.9745622795118004,45.76254724692183
Sara Aumer,Virginia-Lynchburg Dragons,45.75005,virginialynchburgdragons,NA,NA,0,45.747886472865815
Savannah Davis,Middle Tennessee Blue Raiders,45.7420666666666,middletennesseeblueraiders,2393,11,0.1427033440452017,45.74232533860906
Se'Quoia Allmond,Southern Illinois Salukis,45.7376166666667,southernillinoissalukis,79,18,0.3818613853103341,45.73918920299016
Kaziah Akinniyi,Lincoln (PA) Lions,45.7278666666667,lincolnpalions,NA,NA,0,45.725729119686044
Lauryn Stover,Mercyhurst Lakers,45.7463833333333,mercyhurstlakers,2385,19,-1.6800381617881592,45.70701691160633
Chloe Siegel,North Alabama Lions,45.7001805555555,northalabamalions,NA,NA,0,45.69807512981763
Victoria Morris,North Carolina Central Eagles,45.7169499999999,northcarolinacentraleagles,2428,16,-0.9745622795118004,45.69320456635694
Kam'Ren Rhodes,Akron Zips,45.6946166666667,akronzips,2006,14,-0.06421715182798006,45.69111000981797
Taylor Ross,UTSA Roadrunners,45.68655,utsaroadrunners,NA,NA,0,45.68446026509711
Quinn Borroni,Mercyhurst Lakers,45.7157071428571,mercyhurstlakers,2385,19,-1.6800381617881592,45.676993528478086
Zoe Jackson,Abilene Christian Wildcats,45.6779071428571,abilenechristianwildcats,2000,30,-0.3067245555951177,45.66916571422355
Raeven Raye-Redmond,Valparaiso Beacons,45.6595666666666,valparaisobeacons,2674,18,0.3818613853103341,45.66107332088663
Allison Heathcock,Creighton Bluejays,45.636596031746,creightonbluejays,156,4,1.1815976661979184,45.64224220079395
Gabby Razzano,Northern Kentucky Norse,45.6342678571428,northernkentuckynorse,NA,NA,0,45.632237557798135
Caleigh-Rose West,Western Kentucky Lady Toppers,45.6303,westernkentuckyladytoppers,98,11,0.1427033440452017,45.63054326336638
Danielle Roberts,Bethesda University Flames,45.631,bethesdauniversityflames,NA,NA,0,45.628973376365884
Zuri Ransom,Ball State Cardinals,45.6243366702741,ballstatecardinals,2050,14,-0.06421715182798006,45.62096344110302
Indiya Clarke,Wofford Terriers,45.6236948051948,woffordterriers,2747,24,-0.4695431161729573,45.61178002602539
Raymi Coueta,Duquesne Dukes,45.6087666666667,duquesnedukes,2184,3,0.21493314091272497,45.60937683575602
Zahira Arizmendi Rubio,Florida Atlantic Owls,45.6087760822511,floridaatlanticowls,NA,NA,0,45.60677433439177
Emily Bennett,Virginia-Lynchburg Dragons,45.5917166666667,virginialynchburgdragons,NA,NA,0,45.589733870125855
Anna Hager,High Point Panthers,45.6170166666667,highpointpanthers,2272,6,-1.3272392548610852,45.58714118013991
Kendall Hendrix,Loyola Chicago Ramblers,45.5749833333334,loyolachicagoramblers,2350,3,0.21493314091272497,45.575582099071575
Frode Flos van der Schans,Chattanooga Mocs,45.5841,chattanoogamocs,236,24,-0.4695431161729573,45.57244521012342
Maryam Dauda,South Carolina Gamecocks,45.5635666666666,southcarolinagamecocks,2579,23,2.220381999275397,45.57228586674464
Kennedy Lee,Nevada Wolf Pack,45.5681357142857,nevadawolfpack,NA,NA,0,45.5661789092788
Anjelicia Del Valle,Southeast Missouri State Redhawks,45.56525,southeastmissouristateredhawks,2546,20,-0.46568010292818823,45.553796393758006
Jada Williams,Milwaukee Panthers,45.5334166666667,milwaukeepanthers,NA,NA,0,45.5314977001881
Tally Williams,Chicago State Cougars,45.5590333333333,chicagostatecougars,2130,19,-1.6800381617881592,45.52353765971409
Rubi Gray,Sacramento State Hornets,45.5252357142857,sacramentostatehornets,16,5,-0.02468095143188219,45.52283325952722
Elizabeth Lavoie,New Hampshire Wildcats,45.5350833333333,newhampshirewildcats,160,1,-0.5587271973835142,45.521956393949345
Summer Yancy,UCF Knights,45.4939166666667,ucfknights,2116,8,1.627414016520187,45.50126844998809
Alyssa Berry,Morehead State Eagles,45.5058666666667,moreheadstateeagles,2413,20,-0.46568010292818823,45.49479021529323
Payton Miller,Northwestern State Lady Demons,45.4792333333334,northwesternstateladydemons,2466,25,-0.4220080591350636,45.46917178221966
Janet Arias,Park University Gilbert Buccaneers,45.4671523809524,parkuniversitygilbertbuccaneers,NA,NA,0,45.46530422488011
Shanihya Brown,New Orleans Privateers,45.4744833333333,neworleansprivateers,2443,25,-0.4220080591350636,45.46444897215351
Leyah Houston,Alcorn State Lady Braves,45.4801333333333,alcornstateladybraves,2016,26,-1.1266675637845338,45.4563696919731
Jenna Cook,Central Arkansas Sugar Bears,45.4576166666666,centralarkansassugarbears,NA,NA,0,45.455778549693584
Aga Makurat,Vanderbilt Commodores,45.4458953907203,vanderbiltcommodores,238,23,2.220381999275397,45.454051799980384
Cassidy Lafler,Ohio Bobcats,45.4555166666667,ohiobobcats,195,14,-0.06421715182798006,45.45244954490354
Shadasia Brackens,North Texas Mean Green,45.4541166666666,northtexasmeangreen,NA,NA,0,45.45228222499218
Mackenzie Joseph,New Orleans Privateers,45.4597701298702,neworleansprivateers,2443,25,-0.4220080591350636,45.449819668062226
Mackenzie Wright-Rawls,NJIT Highlanders,45.4569,njithighlanders,2885,1,-0.5587271973835142,45.44434301807442
Kenadee Winfrey,UNLV Lady Rebels,45.443867027417,unlvladyrebels,NA,NA,0,45.44204331955447
Olivia Forster,South Carolina Upstate Spartans,45.4661333333333,southcarolinaupstatespartans,2908,6,-1.3272392548610852,45.438691645980704
Sofie Lowis,SIU Edwardsville Cougars,45.44615,siuedwardsvillecougars,2565,20,-0.46568010292818823,45.43544408526852
Anastasija Veljovic,Fordham Rams,45.43095,fordhamrams,2230,3,0.21493314091272497,45.43150179621793
Kaitlyn Adams,Queens University Royals,45.4321166666667,queensuniversityroyals,NA,NA,0,45.43030521079774
Bella Perkins,Pittsburgh Panthers,45.4117412698413,pittsburghpanthers,221,2,1.7410828106998104,45.41927592981682
Camille Jackson,Miami (OH) RedHawks,45.4199912698412,miamiohredhawks,193,14,-0.06421715182798006,45.41698602506973
Brianna Hill,Southeast Missouri State Redhawks,45.4189166666666,southeastmissouristateredhawks,2546,20,-0.46568010292818823,45.40837685529632
Kharyssa Richardson,Ole Miss Rebels,45.3978166666666,olemissrebels,145,23,2.220381999275397,45.40575053143356
Camryn Hill,Old Dominion Monarchs,45.4084666666667,olddominionmonarchs,295,27,-0.06224989283771565,45.40551802006256
Abby Graham,North Dakota State Bison,45.4044333333333,northdakotastatebison,NA,NA,0,45.40265051782105
Kathleen Birmingham,SUNY Geneseo Knights,45.388603030303,sunygeneseoknights,NA,NA,0,45.38683645108763
Dawson Jemerson,Coastal Carolina Chanticleers,45.37575,coastalcarolinachanticleers,324,27,-0.06224989283771565,45.37285662531357
Clara Glad,UC Davis Aggies,45.3841222222222,ucdavisaggies,302,9,-0.518954747209004,45.37281191983696
Teagan Mallegni,Iowa Hawkeyes,45.3643166666667,iowahawkeyes,2294,7,1.8898677492822935,45.372097969724344
Kendall Beck,Houston Christian Huskies,45.3690555555555,houstonchristianhuskies,2277,25,-0.4220080591350636,45.359611714057614
Eszter Turi,Siena Saints,45.37305,sienasaints,2561,13,-0.7445170244651927,45.35768909485168
Keshia Vitalicio,Lehigh Mountain Hawks,45.3634071428571,lehighmountainhawks,2329,22,-0.505160124153813,45.3524827238954
Justice Ross,Lamar Cardinals,45.3521238095238,lamarcardinals,2320,25,-0.4220080591350636,45.34277251431765
Andraya Dimas,Park University Gilbert Buccaneers,45.3427333333333,parkuniversitygilbertbuccaneers,NA,NA,0,45.34101322368297
Nora Perez,Cal Poly Mustangs,45.3475333333333,calpolymustangs,13,9,-0.518954747209004,45.33646095768185
Casey Valenti-Paea,Virginia Cavaliers,45.3222166666667,virginiacavaliers,258,2,1.7410828106998104,45.32936939060757
Annemarie Batista,Little Rock Trojans,45.3320904761904,littlerocktrojans,2031,20,-0.46568010292818823,45.32206836282901
Jada Cook,Murray State Racers,45.3169333333333,murraystateracers,93,18,0.3818613853103341,45.318173200616116
Cassidy Rowe,Kentucky Wildcats,45.3094571428571,kentuckywildcats,96,23,2.220381999275397,45.316993002857025
Brooklyn Taylor,Sacramento State Hornets,45.3158166666667,sacramentostatehornets,16,5,-0.02468095143188219,45.3136870000039
Karsen Marshall,Cal State Northridge Matadors,45.3210666666667,calstatenorthridgematadors,2463,9,-0.518954747209004,45.31016422809402
Ellie Southards,Presbyterian Blue Hose,45.328377380952404,presbyterianbluehose,2506,6,-1.3272392548610852,45.30303503052108
Kaelyn Flowers,Florida Gulf Coast Eagles,45.3042666666666,floridagulfcoasteagles,NA,NA,0,45.30258487083474
Karianna Woods,Bethune-Cookman Wildcats,45.3147,bethunecookmanwildcats,2065,26,-1.1266675637845338,45.29310251263807
Yasmin Ott,UMBC Retrievers,45.29105,umbcretrievers,2378,1,-0.5587271973835142,45.27964511896032
Jazmyne Jackson,Georgia Southern Eagles,45.2726833333333,georgiasoutherneagles,290,27,-0.06224989283771565,45.26995940450772
Malaka Cobb,Hampton Lady Pirates,45.2796,hamptonladypirates,2261,10,-0.4891651654627686,45.26947574206348
Janelle Brown,Fairfield Stags,45.2825549242424,fairfieldstags,2217,13,-0.7445170244651927,45.267986156269366
Kali Haizlip,UT Arlington Mavericks,45.2745555555555,utarlingtonmavericks,250,30,-0.3067245555951177,45.267609609391045
Salma Khedr,Western Kentucky Lady Toppers,45.2666333333334,westernkentuckyladytoppers,98,11,0.1427033440452017,45.26683085103169
Torie Sevier,Texas A&M-Corpus Christi Islanders,45.2734537240537,texasamcorpuschristiislanders,357,25,-0.4220080591350636,45.26452423367713
Leah Philpotts,Charleston Cougars,45.2617,charlestoncougars,232,10,-0.4891651654627686,45.25168231984601
Latazia Williamson,Memphis Tigers,45.2517333333334,memphistigers,NA,NA,0,45.250102905533424
Bailey Gilmore,Memphis Tigers,45.2513833333334,memphistigers,NA,NA,0,45.249753244091806
Malia Tharpe,San Diego Toreros,45.2453333333334,sandiegotoreros,301,29,0.15617675887640683,45.24558434411061
Taylor Holohan,Northeastern Huskies,45.2525,northeasternhuskies,111,10,-0.4891651654627686,45.24253679507312
Caitlyn Stanley,LeTourneau Yellow Jackets,45.2437333333334,letourneauyellowjackets,NA,NA,0,45.24211063190615
Taedyn Gray,Drake Bulldogs,45.2384,drakebulldogs,2181,18,0.3818613853103341,45.23958367913617
Paris Whitfield,Champion Christian Tigers,45.2260523809524,championchristiantigers,NA,NA,0,45.224446666095425
Te'Yala Delfosse,Michigan Wolverines,45.2133388888889,michiganwolverines,130,7,1.8898677492822935,45.22045767800991
Hama'ya Fielder,Old Dominion Monarchs,45.2108773809523,olddominionmonarchs,295,27,-0.06224989283771565,45.208251709379724
Sarah Lazar,Vermont Catamounts,45.2106293650794,vermontcatamounts,261,1,-0.5587271973835142,45.19975594090598
Ja'Shelle Johnson,UT Rio Grande Valley Vaqueros,45.1946738095238,utriograndevalleyvaqueros,292,25,-0.4220080591350636,45.186153377370566
Reagan Trumm,Western Carolina Catamounts,45.1873439393939,westerncarolinacatamounts,2717,24,-0.4695431161729573,45.17808215932499
Lola Donez,California Golden Bears,45.1686333333333,californiagoldenbears,25,2,1.7410828106998104,45.17516229186112
Sinai Douglas,Michigan State Spartans,45.1660893374741,michiganstatespartans,127,7,1.8898677492822935,45.17300906481968
Grace Knutson,Drake Bulldogs,45.1578784632034,drakebulldogs,2181,18,0.3818613853103341,45.15900638079205
Blau Tor,Columbia Lions,45.1545261904762,columbialions,171,12,0.1841164774285017,45.15487383391352
Jade Tillman,East Carolina Pirates,45.1511,eastcarolinapirates,NA,NA,0,45.14956493392193
Page Greenburg,George Mason Patriots,45.1474023809523,georgemasonpatriots,2244,3,0.21493314091272497,45.147869251223824
Emiyah Cobb,SIU Edwardsville Cougars,45.1539,siuedwardsvillecougars,2565,20,-0.46568010292818823,45.1448849338391
Janie Bachmann,Holy Cross Crusaders,45.1339666666667,holycrosscrusaders,107,22,-0.505160124153813,45.12443345030758
Ashna Tambe,Pennsylvania Quakers,45.1220722222222,pennsylvaniaquakers,219,12,0.1841164774285017,45.12241309521391
Audrey Kormann,NJIT Highlanders,45.1210380952381,njithighlanders,2885,1,-0.5587271973835142,45.11073634586231
Nicki Polocheck,UC San Diego Tritons,45.1158857142857,ucsandiegotritons,28,9,-0.518954747209004,45.10624020355723
Emily Siesel,Bowling Green Falcons,45.1086857660455,bowlinggreenfalcons,189,14,-0.06421715182798006,45.106186415778886
Kiersten Johnson,Oklahoma Sooners,45.0963666666666,oklahomasooners,201,23,2.220381999275397,45.10299971222754
Stephanie Utomi,Mercer Bears,45.1080833333334,mercerbears,2382,24,-0.4695431161729573,45.09925511996279
Gabby Robinson,Cal Poly Mustangs,45.1086833333333,calpolymustangs,13,9,-0.518954747209004,45.09908003247174
Nariah Scott,Providence Friars,45.09355,providencefriars,2507,4,1.1815976661979184,45.09766679279546
Rylee Langerman,Oklahoma State Cowgirls,45.090991025641,oklahomastatecowgirls,197,8,1.627414016520187,45.096789086571704
Abby Sharpe,Pennsylvania Quakers,45.0935107142857,pennsylvaniaquakers,219,12,0.1841164774285017,45.09384570452691
Jada Richard,LSU Tigers,45.0821704365079,lsutigers,99,23,2.220381999275397,45.08874613141366
Saniah Tyler,Kentucky Wildcats,45.0799685425686,kentuckywildcats,96,23,2.220381999275397,45.086535372874536
Courtney Taylor,Coker Cobras,45.0839666666667,cokercobras,NA,NA,0,45.08249303384999
Marley Long,William & Mary Tribe,45.0823333333334,williammarytribe,2729,10,-0.4891651654627686,45.07334128518933
Jordan Boddie,Austin Peay Governors,45.066,austinpeaygovernors,NA,NA,0,45.06454251623832
J'Unti Franklin,East Texas A&M Lions,45.0693328282828,easttexasamlions,2837,25,-0.4220080591350636,45.06143630428084
Janyah Bohanon,Howard Bison,45.0772833333333,howardbison,47,16,-0.9745622795118004,45.06088138668797
Kendra Gillispie,BYU Cougars,45.0513,byucougars,252,8,1.627414016520187,45.05695851102674
Aspen Johnson,Mercer Bears,45.0631666666667,mercerbears,2382,24,-0.4695431161729573,45.05457783650804
Success Prysock,Morgan State Lady Bears,45.0672166666667,morganstateladybears,2415,16,-0.9745622795118004,45.050915710061446
Mikayla Werner,St. Thomas-Minnesota Tommies,45.0464722222222,stthomasminnesotatommies,NA,NA,0,45.04503215195587
Elizabeth Field,Stony Brook Seawolves,45.0501440476191,stonybrookseawolves,2619,10,-0.4891651654627686,45.041328057386274
Noelle Hubert,Northern Kentucky Norse,45.0409666666666,northernkentuckynorse,NA,NA,0,45.03953147983964
Kaylan Deveney,Rider Broncs,45.0454166666667,riderbroncs,2520,13,-0.7445170244651927,45.032789365030425
Mayla Ham,Central Michigan Chippewas,45.0299,centralmichiganchippewas,2117,14,-0.06421715182798006,45.02751867340443
Charlece Ohiaeri,DePaul Blue Demons,45.0181888888889,depaulbluedemons,305,4,1.1815976661979184,45.022119056088385
Victoria Suarez,Puerto Rico-Mayaguez Bulldogs,45.0181666666667,puertoricomayaguezbulldogs,NA,NA,0,45.016751582076296
Angelina Nice,Radford Highlanders,45.0311833333333,radfordhighlanders,2515,6,-1.3272392548610852,45.00998826673722
Abbigail Stephens,UT Martin Skyhawks,45.0176412698413,utmartinskyhawks,2630,20,-0.46568010292818823,45.009347526354524
Allie Ziebell,UConn Huskies,45.0026138888889,uconnhuskies,41,4,1.1815976661979184,45.00650622657768
Courtney Turner,Portland State Vikings,44.9945166666667,portlandstatevikings,2502,5,-0.02468095143188219,44.99276281213158
Kennedy Moore,Wake Forest Demon Deacons,44.9866404761905,wakeforestdemondeacons,154,2,1.7410828106998104,44.99248009263484
Maele Van Houtert,Central Baptist College Mustangs,44.9890363636363,centralbaptistcollegemustangs,NA,NA,0,44.98764667927421
Cam Mathews,Tulsa Golden Hurricane,44.9870166666667,tulsagoldenhurricane,NA,NA,0,44.985628731652454
Tianna Thompson,Georgia Tech Yellow Jackets,44.9748704365079,georgiatechyellowjackets,59,2,1.7410828106998104,44.980667280773304
Rosie Scognamiglio,Lafayette Leopards,44.97395,lafayetteleopards,322,22,-0.505160124153813,44.965311342669764
Mady Calhoun,Brown Bears,44.9633357142857,brownbears,225,12,0.1841164774285017,44.96364477641453
Camerah Langston,Bethune-Cookman Wildcats,44.9778428571428,bethunecookmanwildcats,2065,26,-1.1266675637845338,44.96022843150995
Regina Walton,Elon Phoenix,44.9683404761904,elonphoenix,2210,10,-0.4891651654627686,44.95996119892483
Reagan Wilson,Iowa State Cyclones,44.9492,iowastatecyclones,66,8,1.627414016520187,44.95451019795249
Chania Price,North Texas Mean Green,44.9403833333334,northtexasmeangreen,NA,NA,0,44.93903536905919
Devyn Quigley,NC State Wolfpack,44.9250722222222,ncstatewolfpack,152,2,1.7410828106998104,44.93069048632317
Davina Smith,Indiana State Sycamores,44.9199333333334,indianastatesycamores,282,18,0.3818613853103341,44.920907081304144
Bailey Burns,Jacksonville Dolphins,44.9210833333333,jacksonvilledolphins,NA,NA,0,44.9197516771154
Sofia Ceppellotti,North Alabama Lions,44.9181690476191,northalabamalions,NA,NA,0,44.91683984204095
Judit Oliva Fernandez,Long Beach State Beach,44.9233,longbeachstatebeach,299,9,-0.518954747209004,44.91473989998683
Morgan Holland,Faulkner Eagles,44.9107523809524,faulknereagles,NA,NA,0,44.90942939808355
Ayanna Varela,Montreat Cavaliers,44.8943547619048,montreatcavaliers,NA,NA,0,44.893045465676884
Riley Smith,Central Michigan Chippewas,44.8936333333333,centralmichiganchippewas,2117,14,-0.06421715182798006,44.891446982422266
Lucy Hood,East Tennessee State Bucs,44.8951939393939,easttennesseestatebucs,2193,24,-0.4695431161729573,44.88746074048627
Nia Chima,UMass Lowell River Hawks,44.8884,umasslowellriverhawks,2349,1,-0.5587271973835142,44.87948546561754
Lauren Thompson,UMBC Retrievers,44.8865833333333,umbcretrievers,2378,1,-0.5587271973835142,44.87767909332175
Michelina Lombardi,Le Moyne Dolphins,44.8932166666666,lemoynedolphins,2330,19,-1.6800381617881592,44.86935938460185
Sydni Scott,Fairfield Stags,44.8806272727272,fairfieldstags,2217,13,-0.7445170244651927,44.86923893201737
Ashley Rojas,Arkansas-Pine Bluff Golden Lions,44.8715,arkansaspinebluffgoldenlions,2029,26,-1.1266675637845338,44.85502936436351
Kamara Mills,Queens University Royals,44.8536071428571,queensuniversityroyals,NA,NA,0,44.852331434968725
Nia McGee,St. Thomas (TX) Celts,44.8505333333333,stthomastxcelts,NA,NA,0,44.84926013486724
Grace Booth,Tarleton State Texans,44.8505378787879,tarletonstatetexans,2627,30,-0.3067245555951177,44.845186516331225
Carla Osma,Kansas Jayhawks,44.8364833333333,kansasjayhawks,2305,8,1.627414016520187,44.84142647033372
Natalie Potts,Nebraska Cornhuskers,44.8352989621489,nebraskacornhuskers,158,7,1.8898677492822935,44.84093112016315
Lilah Moore,Northern Colorado Bears,44.8395936591186,northerncoloradobears,2458,5,-0.02468095143188219,44.838003492223216
Nisea Burrell,Austin Peay Governors,44.8372,austinpeaygovernors,NA,NA,0,44.83593764739148
Macy Brown,Michigan Wolverines,44.8299720238095,michiganwolverines,130,7,1.8898677492822935,44.83558491974567
Audrey Deptula,Loyola Chicago Ramblers,44.8251833333333,loyolachicagoramblers,2350,3,0.21493314091272497,44.82556515646161
Brooklyn Vaughn,Loyola Chicago Ramblers,44.8204190476191,loyolachicagoramblers,2350,3,0.21493314091272497,44.82079970038399
Tove Caesar,Houston Christian Huskies,44.8259867965368,houstonchristianhuskies,2277,25,-0.4220080591350636,44.8192104457369
Amiyah Ferguson,Fordham Rams,44.8184,fordhamrams,2230,3,0.21493314091272497,44.81878015752445
Kennedy Carlyle,Utah Valley Wolverines,44.8239369565217,utahvalleywolverines,3084,30,-0.3067245555951177,44.818676271455814
Lucie Castagne,UCF Knights,44.8096666666666,ucfknights,2116,8,1.627414016520187,44.814525122642884
Vitoria Santana,Penn State Lady Lions,44.8075696428571,pennstateladylions,213,7,1.8898677492822935,44.813102028445634
Dakota Alston,Morgan State Lady Bears,44.8265,morganstateladybears,2415,16,-0.9745622795118004,44.8124884440653
Samantha Shanks,Southern Miss Lady Eagles,44.81385,southernmissladyeagles,2572,27,-0.06224989283771565,44.81179809386021
Eghosa Obasuyi,Georgia State Panthers,44.8137333333333,georgiastatepanthers,2247,27,-0.06224989283771565,44.81168158171563
Andheya Aurelio,Jessup University Warriors,44.8034333333334,jessupuniversitywarriors,NA,NA,0,44.80219816317463
Chantrel Clayton,UIC Flames,44.8011739718614,uicflames,82,18,0.3818613853103341,44.802076500931946
Aubrey Brown,Northeastern State RiverHawks,44.8024023809524,northeasternstateriverhawks,NA,NA,0,44.8011680343228
Mariah Knight,Jacksonville Dolphins,44.7983833333334,jacksonvilledolphins,NA,NA,0,44.79715219352923
Rakiyah Beal,North Dakota Fighting Hawks,44.796619047619,northdakotafightinghawks,NA,NA,0,44.79538931373807
Makenna Earnest,College Of Saint Mary Flames,44.7919554112554,collegeofsaintmaryflames,NA,NA,0,44.79072938841107
Mackenzie Thomas,SE Louisiana Lady Lions,44.7949214803313,selouisianaladylions,2545,25,-0.4220080591350636,44.78827974535114
JaKayla Thompson,Boston College Eagles,44.7790982142857,bostoncollegeeagles,103,2,1.7410828106998104,44.78421487267905
Isabel Tillett,Saint Louis Billikens,44.7741904761905,saintlouisbillikens,139,3,0.21493314091272497,44.7745599006194
Mallory Daly,Buffalo Bulls,44.7738488095238,buffalobulls,2084,14,-0.06421715182798006,44.77182452290993
Tia Morgan,Purdue Fort Wayne Mastodons,44.7724999999999,purduefortwaynemastodons,NA,NA,0,44.771289375485956
Avery O'Connor,New Hampshire Wildcats,44.7756666666667,newhampshirewildcats,160,1,-0.5587271973835142,44.76737558243907
Amy Kurkowski,Saint Mary's Gaels,44.7654,saintmarysgaels,2608,29,0.15617675887640683,44.76558622567166
Aysia Proctor,UTSA Roadrunners,44.7540055555555,utsaroadrunners,NA,NA,0,44.75280944494887
Reza Po,New Mexico Lobos,44.752297979798,newmexicolobos,NA,NA,0,44.75110320318057
Bri Robinson,Northern Iowa Panthers,44.7475833333333,northerniowapanthers,2460,18,0.3818613853103341,44.7484549322991
Mahri Petree,Purdue Boilermakers,44.7353666666666,purdueboilermakers,2509,7,1.8898677492822935,44.74064497735672
Mia Beam,Bellarmine Knights,44.7412555555555,bellarmineknights,NA,NA,0,44.74006938078344
Sam Dewey,Richmond Spiders,44.7396333333333,richmondspiders,257,3,0.21493314091272497,44.73999451463528
Alieghya Bartholomew,Delaware Blue Hens,44.7433166666667,delawarebluehens,48,10,-0.4891651654627686,44.73606153271269
Ruby Willard,Elon Phoenix,44.742769047619,elonphoenix,2210,10,-0.4891651654627686,44.73551651476704
Maria McConnell,Mercyhurst Lakers,44.7552369565217,mercyhurstlakers,2385,19,-1.6800381617881592,44.73340831329193
Sydney White,California Baptist Lancers,44.7070666666666,californiabaptistlancers,2856,30,-0.3067245555951177,44.70219187044457
Emma Barnett,Ohio Bobcats,44.6974440993788,ohiobobcats,195,14,-0.06421715182798006,44.6955187497357
Isabella Tanedo,Utah State Aggies,44.692994047619,utahstateaggies,NA,NA,0,44.69184496817463
Destinee Salgado,Iona Gaels,44.6977333333334,ionagaels,314,13,-0.7445170244651927,44.68761914227131
Lexi Castator,Valparaiso Beacons,44.6865833333334,valparaisobeacons,2674,18,0.3818613853103341,44.68742062226813
Landry Allen,Oklahoma Sooners,44.6805066534915,oklahomasooners,201,23,2.220381999275397,44.685597370087805
Kiarra Kennedy,Maryland Eastern Shore Hawks,44.6937833333333,marylandeasternshorehawks,2379,16,-0.9745622795118004,44.68093412755446
Jada Brown,George Mason Patriots,44.68015,georgemasonpatriots,2244,3,0.21493314091272497,44.68049729015984
Ciara Bailey,Norfolk State Spartans,44.6676833333333,norfolkstatespartans,2450,16,-0.9745622795118004,44.655054632703184
Peyton Gerdes,High Point Panthers,44.6602619565218,highpointpanthers,2272,6,-1.3272392548610852,44.64355550425838
Leah Harmon,Miami Hurricanes,44.6383888888889,miamihurricanes,2390,2,1.7410828106998104,44.64305205696638
Malea Egan,Marist Red Foxes,44.6491833333333,maristredfoxes,2368,13,-0.7445170244651927,44.63939011095573
Lyric Barr,Houston Christian Huskies,44.6441,houstonchristianhuskies,2277,25,-0.4220080591350636,44.63808577090187
Natalia Sierra-Vargas,George Washington Revolutionaries,44.6335571428571,georgewashingtonrevolutionaries,45,3,0.21493314091272497,44.633893812189655
Artemis Kouki,Western Michigan Broncos,44.6352833333333,westernmichiganbroncos,2711,14,-0.06421715182798006,44.63343598166757
Kayla Mount,Chicago State Cougars,44.6486666666667,chicagostatecougars,2130,19,-1.6800381617881592,44.628321227486964
Tamia Dolls,Wiley Wildcats,44.6156190476191,wileywildcats,NA,NA,0,44.6145277639362
Sophie Benharouga,Seattle U Redhawks,44.6166,seattleuredhawks,2547,30,-0.3067245555951177,44.61201019964754
Katie Fiso,Oregon Ducks,44.60435,oregonducks,2483,7,1.8898677492822935,44.60918797081947
Jaelyn Acker,Furman Paladins,44.6103333333333,furmanpaladins,231,24,-0.4695431161729573,44.60391402513547
Laycee Drake,UAlbany Great Danes,44.6103166666666,ualbanygreatdanes,399,1,-0.5587271973835142,44.602884783776844
Dani Ceseretti,Villanova Wildcats,44.5987571428571,villanovawildcats,222,4,1.1815976661979184,44.60175369479438
Alondra Lizama,Cal State Northridge Matadors,44.5998,calstatenorthridgematadors,2463,9,-0.518954747209004,44.59286900353252
Terren Ward,Mississippi State Bulldogs,44.5849243589744,mississippistatebulldogs,344,23,2.220381999275397,44.589699270237105
Hilary Fuller,Belmont Bruins,44.5877821428572,belmontbruins,2057,18,0.3818613853103341,44.58856584881556
Jhaven Meade,South Carolina State Lady Bulldogs,44.6001666666667,southcarolinastateladybulldogs,2569,16,-0.9745622795118004,44.58809628805252
Ava Knipstein,Schreiner Mountaineers,44.5885333333333,schreinermountaineers,NA,NA,0,44.58746179966689
Amelia Osgood,Princeton Tigers,44.5866375059723,princetontigers,163,12,0.1841164774285017,44.58687936036263
Madi Symons,Wyoming Cowgirls,44.5837333333333,wyomingcowgirls,NA,NA,0,44.58266527384896
Lexi Deden,Montana State Bobcats,44.5756666666666,montanastatebobcats,147,5,-0.02468095143188219,44.574330635716606
Jayda Clark,Boise State Broncos,44.5751329004329,boisestatebroncos,NA,NA,0,44.574071046462436
Jazmine Klausmeier,Virginia-Lynchburg Dragons,44.5741333333333,virginialynchburgdragons,NA,NA,0,44.573072198974295
Timia Ware,East Carolina Pirates,44.56815,eastcarolinapirates,NA,NA,0,44.56709316617497
Charia Smith,Marquette Golden Eagles,44.5578166666667,marquettegoldeneagles,269,4,1.1815976661979184,44.56073121793822
Autumn Smith,Louisiana Tech Lady Techsters,44.5482939393939,louisianatechladytechsters,2348,11,0.1427033440452017,44.54841913955298
Diana Eliasson,New Hampshire Wildcats,44.5513333333333,newhampshirewildcats,160,1,-0.5587271973835142,44.54419249353428
Kylah Moore,Coppin State Eagles,44.5494470238095,coppinstateeagles,2154,16,-0.9745622795118004,44.537784735108175
Katelyn Chomko,Robert Morris Colonials,44.5358666666666,robertmorriscolonials,NA,NA,0,44.5348328301077
Nia Brown,North Florida Ospreys,44.5313,northfloridaospreys,NA,NA,0,44.530269388521
Dylan Tse,Cal State Bakersfield Roadrunners,44.53645,calstatebakersfieldroadrunners,2934,9,-0.518954747209004,44.52981086840641
Amelia Hobson,North Dakota State Bison,44.5295666666667,northdakotastatebison,NA,NA,0,44.528537277493584
Alli Harness,Western Michigan Broncos,44.5302261904761,westernmichiganbroncos,2711,14,-0.06421715182798006,44.52850567896922
Candela Garcia-Escribano,Long Island University Sharks,44.5439833333333,longislanduniversitysharks,112358,19,-1.6800381617881592,44.52502591764509
Noemi Arvai,Sacramento State Hornets,44.5217912698413,sacramentostatehornets,16,5,-0.02468095143188219,44.52050343572931
Eriny Kindred,Florida Gators,44.51265,floridagators,57,23,2.220381999275397,44.51719525304251
Kassie Ingram,Marshall Thundering Herd,44.5029666666666,marshallthunderingherd,276,27,-0.06224989283771565,44.50129882607953
Myla Benton,Morehead State Eagles,44.4970404761905,moreheadstateeagles,2413,20,-0.46568010292818823,44.49113857738387
Mya Johnson,Bethune-Cookman Wildcats,44.5009,bethunecookmanwildcats,2065,26,-1.1266675637845338,44.48801645489565
Ashley Carrillo,Presbyterian Blue Hose,44.5016166666667,presbyterianbluehose,2506,6,-1.3272392548610852,44.48661217398319
Tierney Coleman,North Carolina Central Eagles,44.4933666666666,northcarolinacentraleagles,2428,16,-0.9745622795118004,44.482144452392994
Nia Anderson,California Baptist Lancers,44.4793666666667,californiabaptistlancers,2856,30,-0.3067245555951177,44.47518700670199
Bailey Barnhard,San Diego State Aztecs,44.4756579365079,sandiegostateaztecs,NA,NA,0,44.47466606736657
Julia Puente,McNeese Cowgirls,44.474448962149,mcneesecowgirls,2377,25,-0.4220080591350636,44.46909045827077
Maria Doreste,Wagner Seahawks,44.4802333333333,wagnerseahawks,2681,19,-1.6800381617881592,44.46208851250324
Ambah Kowcun,Eastern Kentucky Colonels,44.462926992452,easternkentuckycolonels,NA,NA,0,44.46194384473829
Sydney Bolden,Ball State Cardinals,44.4526148809524,ballstatecardinals,2050,14,-0.06421715182798006,44.45098413556802
Nicole Sandifer,Grambling Lady Tigers,44.459219047619,gramblingladytigers,2755,26,-1.1266675637845338,44.446701810604864
Holly Griffiths,Fresno State Bulldogs,44.4468,fresnostatebulldogs,NA,NA,0,44.44582782439469
Teagan Erickson,Montana State Bobcats,44.4409208393056,montanastatebobcats,147,5,-0.02468095143188219,44.43970308902648
Anna Stromberg,Radford Highlanders,44.45305,radfordhighlanders,2515,6,-1.3272392548610852,44.43854169688419
Kalise Hill,Morehead State Eagles,44.4422666666667,moreheadstateeagles,2413,20,-0.46568010292818823,44.436584795795774
Kanani Coon,UC Santa Barbara Gauchos,44.436969047619,ucsantabarbaragauchos,2540,9,-0.518954747209004,44.430771027175815
Ayasha Thomas,Bowie State Bulldogs,44.4277107142857,bowiestatebulldogs,NA,NA,0,44.426751417165505
Clara Rosini,Georgia State Panthers,44.426319047619,georgiastatepanthers,2247,27,-0.06224989283771565,44.42473766026242
Sophie Baydanov,UMass Lowell River Hawks,44.4295166666666,umasslowellriverhawks,2349,1,-0.5587271973835142,44.422951950066604
Olivia Vandergriff,Lipscomb Bisons,44.4196951298701,lipscombbisons,NA,NA,0,44.41874120531644
Ja-Kahla Craft,Seton Hall Pirates,44.4148631469979,setonhallpirates,2550,4,1.1815976661979184,44.41750346363012
Jadyn Atchison,Old Dominion Monarchs,44.4134,olddominionmonarchs,295,27,-0.06224989283771565,44.41183287460551
Keona Curtis,North Carolina A&T Aggies,44.4149833333334,northcarolinaataggies,2448,10,-0.4891651654627686,44.40917576364157
Sania Jenkins,La Salle Explorers,44.4087666666667,lasalleexplorers,2325,3,0.21493314091272497,44.40905521483151
Lily Bottomley,Loyola Maryland Greyhounds,44.4066833333333,loyolamarylandgreyhounds,2352,22,-0.505160124153813,44.40075165569143
Sarah Baker,Youngstown State Penguins,44.3989833333333,youngstownstatepenguins,NA,NA,0,44.39804319544357
Alyssa Christensen,Boise State Broncos,44.3976642857143,boisestatebroncos,NA,NA,0,44.3967250211765
Isabellah Middleton,St. Bonaventure Bonnies,44.3936833333333,stbonaventurebonnies,179,3,0.21493314091272497,44.393968833052035
Kyriana Jones,Tarleton State Texans,44.3937333333333,tarletonstatetexans,2627,30,-0.3067245555951177,44.3897964149012
Aislin Malcolm,Pittsburgh Panthers,44.3848,pittsburghpanthers,221,2,1.7410828106998104,44.38871697859731
Paige Girardi,Quinnipiac Bobcats,44.3962571428571,quinnipiacbobcats,2514,13,-0.7445170244651927,44.38802363209645
Abbey Cracknell,Marquette Golden Eagles,44.3844666666667,marquettegoldeneagles,269,4,1.1815976661979184,44.38705105043548
Karina Gordon,Florida Gulf Coast Eagles,44.3875499999999,floridagulfcoasteagles,NA,NA,0,44.386617413708585
Nadechka Laccen,St. Bonaventure Bonnies,44.3846166666666,stbonaventurebonnies,179,3,0.21493314091272497,44.38490034463142
Jordyn Marshall,UC Riverside Highlanders,44.3903333333333,ucriversidehighlanders,27,9,-0.518954747209004,44.384334991460655
D'Yanis Jimenez,Wisconsin Badgers,44.37825,wisconsinbadgers,275,7,1.8898677492822935,44.382388563103774
Joniyah Bland-Fitzpatrick,Seton Hall Pirates,44.3769357142857,setonhallpirates,2550,4,1.1815976661979184,44.379506367126915
Makenna Jarratt,Cleary University Cougars,44.3748023809524,clearyuniversitycougars,NA,NA,0,44.373878165112096
Abby Ray,UAlbany Great Danes,44.3684440476191,ualbanygreatdanes,399,1,-0.5587271973835142,44.362155777146306
Hana Abdel Aal,Bellarmine Knights,44.3626,bellarmineknights,NA,NA,0,44.36168374813751
Hannah Robbins,Montana State Bobcats,44.359714492452,montanastatebobcats,147,5,-0.02468095143188219,44.358564435616174
Abby Holtman,Cincinnati Bearcats,44.3474333333333,cincinnatibearcats,2132,8,1.627414016520187,44.35098426854462
Emma Haan,Vermont Catamounts,44.3538055555555,vermontcatamounts,261,1,-0.5587271973835142,44.34758233824754
Cori Allen,Illinois Fighting Illini,44.3429071428571,illinoisfightingillini,356,7,1.8898677492822935,44.34694306748451
Ali Stephens,Omaha Mavericks,44.3259857142857,omahamavericks,NA,NA,0,44.32509307612133
Tyra Myers,Stetson Hatters,44.3175272727273,stetsonhatters,NA,NA,0,44.31664002964686
Mia Vuksic,San Francisco Dons,44.3160073051948,sanfranciscodons,2539,29,0.15617675887640683,44.31614426902884
Lucia Martinez Lopez,Xavier Musketeers,44.2977404761905,xaviermusketeers,2752,4,1.1815976661979184,44.30016975342246
Jamiria Jones,Georgia Southern Eagles,44.3002811147186,georgiasoutherneagles,290,27,-0.06224989283771565,44.298835117518884
Brittany Cambell,Kentucky State Thorobreds,44.2997,kentuckystatethorobreds,NA,NA,0,44.2988240544006
Aleah Sorrentino,Massachusetts Minutewomen,44.2948,massachusettsminutewomen,113,3,0.21493314091272497,44.29506606008956
Keala Johnson,Cheyney (PA) Wolves,44.2938333333333,cheyneypawolves,NA,NA,0,44.29296108385295
Kylee Fears,Merrimack Warriors,44.2998333333334,merrimackwarriors,2771,13,-0.7445170244651927,44.29214647301423
Emerson Thompson,Campbell Fighting Camels,44.2958238612836,campbellfightingcamels,2097,10,-0.4891651654627686,44.29048827508605
Brianna Ellis,New Orleans Privateers,44.293681547619,neworleansprivateers,2443,25,-0.4220080591350636,44.288965821075706
Alanna Phillipo,Eastern Illinois Panthers,44.2877333333333,easternillinoispanthers,2197,20,-0.46568010292818823,44.28264177368531
Emma Donnelly,Iona Gaels,44.2827037698413,ionagaels,314,13,-0.7445170244651927,44.27511134124558
Ella Weaver,Toledo Rockets,44.2673510822511,toledorockets,2649,14,-0.06421715182798006,44.26592152004942
Elizabeth Romer,UT Rio Grande Valley Vaqueros,44.2659,utriograndevalleyvaqueros,292,25,-0.4220080591350636,44.261278115391626
Laila Harrison,Bowling Green Falcons,44.2620166666667,bowlinggreenfalcons,189,14,-0.06421715182798006,44.26059263038963
Angel Hill,Tennessee State Lady Tigers,44.25775,tennesseestateladytigers,2634,20,-0.46568010292818823,44.252767877471626
Sydney Postell,Le Moyne Dolphins,44.2672871031746,lemoynedolphins,2330,19,-1.6800381617881592,44.2516831633396
Felicia Jacobs,Temple Owls,44.2453,templeowls,NA,NA,0,44.24445791807133
Ale Civera,Iona Gaels,44.2504,ionagaels,314,13,-0.7445170244651927,44.24298348422197
Nasia Powell,UNC Greensboro Spartans,44.2460613154961,uncgreensborospartans,2430,24,-0.4695431161729573,44.24108742732185
Selma Eklund,North Florida Ospreys,44.2399666666667,northfloridaospreys,NA,NA,0,44.23912785554567
Ashtyn Zeigler,Guilford Quakers,44.2393357142857,guilfordquakers,NA,NA,0,44.23849728953541
Gabby Betton,Loyola Maryland Greyhounds,44.2428888888889,loyolamarylandgreyhounds,2352,22,-0.505160124153813,44.23761385512563
Irena Korolenko,Santa Clara Broncos,44.2372333333333,santaclarabroncos,2541,29,0.15617675887640683,44.23736270340777
Kylie Morris,Davis & Elkins Senators,44.237858974359,daviselkinssenators,NA,NA,0,44.23702145342961
Jordan Rosier,South Alabama Jaguars,44.2337166666666,southalabamajaguars,6,27,-0.06224989283771565,44.232338855957394
Sydnei Collier,Texas A&M-San Antonio Jaguars,44.2327940476191,texasamsanantoniojaguars,NA,NA,0,44.231959621539616
McKenna Johnson,Minnesota Golden Gophers,44.2274670177045,minnesotagoldengophers,135,7,1.8898677492822935,44.231179876821706
Cristina Parrella,Princeton Tigers,44.2276666666666,princetontigers,163,12,0.1841164774285017,44.2278545386349
Emily McElmurry,Eastern Washington Eagles,44.2278023809524,easternwashingtoneagles,331,5,-0.02468095143188219,44.2267567069595
Catelyn Wheeler,Stonehill Skyhawks,44.2384869565218,stonehillskyhawks,284,19,-1.6800381617881592,44.22320671820886
Taylor Charles,Princeton Tigers,44.2178976190476,princetontigers,163,12,0.1841164774285017,44.218084150438926
Kaitlin Burgess,Weber State Wildcats,44.2190655279503,weberstatewildcats,2692,5,-0.02468095143188219,44.21802652851026
Kyara Champagne,Chicago State Cougars,44.2166833333333,chicagostatecougars,2130,19,-1.6800381617881592,44.20164507341259
Aimee Flippen,Abilene Christian Wildcats,44.1891333333334,abilenechristianwildcats,2000,30,-0.3067245555951177,44.18573689085133
Meghan Fiso,San Diego State Aztecs,44.1815333333333,sandiegostateaztecs,NA,NA,0,44.18072978925826
Esther Kursite,Sacred Heart Pioneers,44.1845166666667,sacredheartpioneers,2529,13,-0.7445170244651927,44.17745022145065
Xamiya Walton,Northwestern Wildcats,44.17045,northwesternwildcats,77,7,1.8898677492822935,44.1740100456888
Eri Blithikioti,UC San Diego Tritons,44.1752404761905,ucsandiegotritons,28,9,-0.518954747209004,44.170106216484406
Cierra Pearson,Central Connecticut Blue Devils,44.1816333333333,centralconnecticutbluedevils,2115,19,-1.6800381617881592,44.16697853311715
Kyleigh Welsh,NJIT Highlanders,44.1595833333334,njithighlanders,2885,1,-0.5587271973835142,44.15418007982479
Alarice Gooden,Hofstra Pride,44.1517333333333,hofstrapride,2275,10,-0.4891651654627686,44.14693247805377
Jasmine Nichols,Western Illinois Leathernecks,44.1377666666667,westernillinoisleathernecks,2710,20,-0.46568010292818823,44.13320635049875
Syria Butler,New Orleans Privateers,44.1360166666667,neworleansprivateers,2443,25,-0.4220080591350636,44.13181656529903
Katarina Knezevic,Arizona Wildcats,44.128383333333304,arizonawildcats,12,8,1.627414016520187,44.13140906934078
Julia Webster,Stonehill Skyhawks,44.1408019480519,stonehillskyhawks,284,19,-1.6800381617881592,44.12658534054008
DeeDee Shephard,Charlotte 49ers,44.1182214368964,charlotte49ers,NA,NA,0,44.11745494161212
Ellie Cerf,Dartmouth Big Green,44.1157131469979,dartmouthbiggreen,159,12,0.1841164774285017,44.11588604671058
Kylah McCullers,Mississippi Valley State Devilettes,44.1229999999999,mississippivalleystatedevilettes,2400,26,-1.1266675637845338,44.11318052931923
Paris Lauro,New Mexico Lobos,44.1137055555556,newmexicolobos,NA,NA,0,44.1129416572118
Zora Fray-Chinn,South Carolina Upstate Spartans,44.11655,southcarolinaupstatespartans,2908,6,-1.3272392548610852,44.1051748023045
Maci Quiller,Texas Southern Tigers,44.1138869565218,texassoutherntigers,2640,26,-1.1266675637845338,44.1041344612796
Jordan Zubich,North Carolina Tar Heels,44.1008679089027,northcarolinatarheels,153,2,1.7410828106998104,44.10405165595465
Madison St. Rose,Princeton Tigers,44.1019839285714,princetontigers,163,12,0.1841164774285017,44.102155050495476
Janiyah Tucker,Arkansas-Pine Bluff Golden Lions,44.1093523809523,arkansaspinebluffgoldenlions,2029,26,-1.1266675637845338,44.09963309517297
Jazzy Owens-Barnett,Rice Owls,44.0967071428571,riceowls,NA,NA,0,44.09595296568498
Taylor Caldwell,Charleston Southern Buccaneers,44.0971738095238,charlestonsouthernbuccaneers,2127,6,-1.3272392548610852,44.08596338823851
Staci Williams,Fairleigh Dickinson Knights,44.0884926587301,fairleighdickinsonknights,161,19,-1.6800381617881592,44.07482418844721
Anaya Harris,Gardner-Webb Runnin' Bulldogs,44.0841357142857,gardnerwebbrunninbulldogs,2241,6,-1.3272392548610852,44.07303524435157
Ella Wedin,Saint Mary's Gaels,44.062769047619,saintmarysgaels,2608,29,0.15617675887640683,44.062882636768116
Ellie Buzzelle,Green Bay Phoenix,44.0423316280941,greenbayphoenix,NA,NA,0,44.04160797781704
Lila Posthuma,Bradley Braves,44.0401333333333,bradleybraves,71,18,0.3818613853103341,44.04066197747921
Madeline Potts,Syracuse Orange,44.0373333333333,syracuseorange,183,2,1.7410828106998104,44.04036700234117
Paula Pique,Abilene Christian Wildcats,44.0400333333333,abilenechristianwildcats,2000,30,-0.3067245555951177,44.03699706301834
Sophi Hall,Providence Friars,44.0301404761905,providencefriars,2507,4,1.1815976661979184,44.032131532217456
Magdalena Schmidt,Yale Bulldogs,44.0246999999999,yalebulldogs,43,12,0.1841164774285017,44.024861347620146
Snowda Watie,Northeastern State RiverHawks,44.0249547619048,northeasternstateriverhawks,NA,NA,0,44.0242406856597
Ivy Fox,La Salle Explorers,44.0218333333333,lasalleexplorers,2325,3,0.21493314091272497,44.02205047254373
Rosa Smith,UC San Diego Tritons,44.0110148809523,ucsandiegotritons,28,9,-0.518954747209004,44.006479837068746
Albina Syla,Rhode Island Rams,43.9899702898551,rhodeislandrams,227,3,0.21493314091272497,43.99018215550532
Lemyah Hylton,Miami Hurricanes,43.9824555555555,miamihurricanes,2390,2,1.7410828106998104,43.98536355985301
Mariyah Brown,Houston Christian Huskies,43.9829,houstonchristianhuskies,2277,25,-0.4220080591350636,43.979162303132405
Laila Phelia,Texas Longhorns,43.9730008019758,texaslonghorns,251,23,2.220381999275397,43.97606498486815
Violette Skipworth,Nicholls Colonels,43.9764833333333,nichollscolonels,2447,25,-0.4220080591350636,43.972764214170326
Alejandra Mastral,Robert Morris Colonials,43.9719333333333,robertmorriscolonials,NA,NA,0,43.97124793316524
Nya Harmon,Texas Southern Tigers,43.9790166666666,texassoutherntigers,2640,26,-1.1266675637845338,43.97021913744471
Steph Ouderkirk,Richmond Spiders,43.9568686147186,richmondspiders,257,3,0.21493314091272497,43.95707509543914
Alize Tripp,Detroit Mercy Titans,43.9516166666666,detroitmercytitans,NA,NA,0,43.95094204214104
Daviane Mindoudi Ongbakahoumb,Florida Gators,43.9452517916866,floridagators,57,23,2.220381999275397,43.94825032198297
Katy Reyerson,Northern Iowa Panthers,43.9359803631152,northerniowapanthers,2460,18,0.3818613853103341,43.93646801128903
Sydney Pettis,North Florida Ospreys,43.9351,northfloridaospreys,NA,NA,0,43.934434049688264
Monna Julkunen,Georgia State Panthers,43.9251083333333,georgiastatepanthers,2247,27,-0.06224989283771565,43.924018048647824
Morgan Matthews,George Washington Revolutionaries,43.923,georgewashingtonrevolutionaries,45,3,0.21493314091272497,43.92320106883611
Mariyah Noel,Ole Miss Rebels,43.9170666666666,olemissrebels,145,23,2.220381999275397,43.9199995055507
Amarah Streiff,Colgate Raiders,43.9224023809524,colgateraiders,2142,22,-0.505160124153813,43.91826481677301
Sienna Dauer,Davidson Wildcats,43.90785,davidsonwildcats,2166,3,0.21493314091272497,43.90804867977547
Olivia O'Meally,NJIT Highlanders,43.9093833333333,njithighlanders,2885,1,-0.5587271973835142,43.904922998004004
Jasmine Fearne,Bowling Green Falcons,43.9054055555555,bowlinggreenfalcons,189,14,-0.06421715182798006,43.90431872347833
Georgia Heine,Pennsylvania Quakers,43.9040464803312,pennsylvaniaquakers,219,12,0.1841164774285017,43.90419334422441
Maria Arrebola,Columbia Lions,43.9012722222222,columbialions,171,12,0.1841164774285017,43.90141876398762
Mickelle Lowry,Coppin State Eagles,43.9084,coppinstateeagles,2154,16,-0.9745622795118004,43.901111619049004
Shayla Gillmer,Washington Huskies,43.8962261904761,washingtonhuskies,264,7,1.8898677492822935,43.899111094904946
Remi Sisselman,Lehigh Mountain Hawks,43.89865,lehighmountainhawks,2329,22,-0.505160124153813,43.894589341149484
Tatiana Matthews,Colgate Raiders,43.8946767399267,colgateraiders,2142,22,-0.505160124153813,43.89062884937107
Lucy Larson,Seattle U Redhawks,43.8932666666667,seattleuredhawks,2547,30,-0.3067245555951177,43.8905584719884
Chelsea Graiver,Stonehill Skyhawks,43.8984648809523,stonehillskyhawks,284,19,-1.6800381617881592,43.88666590908646
Bianca Juzzo,Kent State Golden Flashes,43.8861091353091,kentstategoldenflashes,2309,14,-0.06421715182798006,43.88503880414071
Alva Mofalk,McNeese Cowgirls,43.8881279821628,mcneesecowgirls,2377,25,-0.4220080591350636,43.88465828152352
Karina McMillan,Cal Lutheran Kingsmen,43.8810333333333,callutherankingsmen,NA,NA,0,43.88039524326381
Milly Sharp,Boise State Broncos,43.876219047619,boisestatebroncos,NA,NA,0,43.8755833989191
Natalie Fraley,Portland Pilots,43.8743722222222,portlandpilots,2501,29,0.15617675887640683,43.87447030968996
Terriana Gray,North Carolina Central Eagles,43.8808333333333,northcarolinacentraleagles,2428,16,-0.9745622795118004,43.87370255332518
Sofia Llanos,Portland State Vikings,43.867220289855,portlandstatevikings,2502,5,-0.02468095143188219,43.86642651933659
Hennessey Luu-Brown,Miami (OH) RedHawks,43.8653159247757,miamiohredhawks,193,14,-0.06421715182798006,43.864263181565676
Shira Elkis,Stonehill Skyhawks,43.8695,stonehillskyhawks,284,19,-1.6800381617881592,43.85796965021093
Isabella Pitta,Lipscomb Bisons,43.8490333333333,lipscombbisons,NA,NA,0,43.848411350871444
Kennedy Blair,Michigan State Spartans,43.8406503607503,michiganstatespartans,127,7,1.8898677492822935,43.843410064504745
Jamia Carter,Portland State Vikings,43.8423,portlandstatevikings,2502,5,-0.02468095143188219,43.84152191806642
Jocelyn Chavez,Rider Broncs,43.8374666666666,riderbroncs,2520,13,-0.7445170244651927,43.83205934477747
Ali'a Matavao,Loyola Marymount Lions,43.8309333333333,loyolamarymountlions,2351,29,0.15617675887640683,43.83102806453926
Lily Hansford,Iowa State Cyclones,43.8235738095238,iowastatecyclones,66,8,1.627414016520187,43.82596099483557
Kehinde Obasuyi,Western Carolina Catamounts,43.8292573051948,westerncarolinacatamounts,2717,24,-0.4695431161729573,43.825643398941025
Lara Cook,Colgate Raiders,43.8229960317461,colgateraiders,2142,22,-0.505160124153813,43.819173797064
Alexia Araujo-Dagba,Georgetown Hoyas,43.81745,georgetownhoyas,46,4,1.1815976661979184,43.81913398630401
Brooklyn McDaniel,Jacksonville State Gamecocks,43.8169803571428,jacksonvillestategamecocks,55,11,0.1427033440452017,43.8170531401848
Grace Hunter,North Florida Ospreys,43.8142239718614,northfloridaospreys,NA,NA,0,43.81361919261501
Qadence Samuels,UConn Huskies,43.7941190476191,uconnhuskies,41,4,1.1815976661979184,43.795771465500735
Maddie Diabate,Detroit Mercy Titans,43.7930166666667,detroitmercytitans,NA,NA,0,43.792422207064085
Jalysa Stokes,UIC Flames,43.7908748075596,uicflames,82,18,0.3818613853103341,43.79130904693629
Caelan Ellis,Charleston Southern Buccaneers,43.79855,charlestonsouthernbuccaneers,2127,6,-1.3272392548610852,43.789676754415034
Jaidyn Harper,East Tennessee State Bucs,43.7927916666667,easttennesseestatebucs,2193,24,-0.4695431161729573,43.78928294252901
Tamar Kopilevech,Queens University Royals,43.7883,queensuniversityroyals,NA,NA,0,43.78770781906803
Marisa Davis-Jones,San José State Spartans,43.7871166666666,sanjosstatespartans,NA,NA,0,43.7865250564759
Rhema Pegues,North Alabama Lions,43.7784450396825,northalabamalions,NA,NA,0,43.77785760048024
Maddie Cox,NC State Wolfpack,43.7715944444444,ncstatewolfpack,152,2,1.7410828106998104,43.7740527050706
Gemma Gruttner Bacoul,East Tennessee State Bucs,43.7715503246753,easttennesseestatebucs,2193,24,-0.4695431161729573,43.76810189344397
Deniz Torgut,VCU Rams,43.7663499999999,vcurams,2670,3,0.21493314091272497,43.76652729646883
Taleiyah Gibbs,Texas State Bobcats,43.7664166666667,texasstatebobcats,326,27,-0.06224989283771565,43.76545682668942
Jailah Clark-Jones,UNC Greensboro Spartans,43.768769047619,uncgreensborospartans,2430,24,-0.4695431161729573,43.76532845808724
Savannah McGowan,Illinois State Redbirds,43.7603690476191,illinoisstateredbirds,2287,18,0.3818613853103341,43.7607925926461
Ruby Sweeney-Spitzeck,Idaho State Bengals,43.7584412698413,idahostatebengals,304,5,-0.02468095143188219,43.75771442186646
Alyssa Crockett,Michigan Wolverines,43.746733016983,michiganwolverines,130,7,1.8898677492822935,43.749289683294286
Khamya McNeal,George Mason Patriots,43.7484073051948,georgemasonpatriots,2244,3,0.21493314091272497,43.748582008165926
Lillian Jackson,Grambling Lady Tigers,43.7545333333333,gramblingladytigers,2755,26,-1.1266675637845338,43.74717997341554
Jess Ross,Massachusetts Minutewomen,43.7383360472861,massachusettsminutewomen,113,3,0.21493314091272497,43.73850930595872
Yana Karamfilova,South Florida Bulls,43.7277529821627,southfloridabulls,NA,NA,0,43.727189523680764
Hope LeMelle,Stephen F. Austin Ladyjacks,43.7290644480519,stephenfaustinladyjacks,2617,25,-0.4220080591350636,43.726014480847034
Maren Westin,Green Bay Phoenix,43.7185005952381,greenbayphoenix,NA,NA,0,43.717941440220606
Jada Collins,Tennessee State Lady Tigers,43.7200166666667,tennesseestateladytigers,2634,20,-0.46568010292818823,43.71673414412341
Madi Ott,Clemson Tigers,43.7081267916865,clemsontigers,228,2,1.7410828106998104,43.710459636835246
Macy Smith,St. Bonaventure Bonnies,43.7070333333333,stbonaventurebonnies,179,3,0.21493314091272497,43.70720215511981
Bri Bowen,Quinnipiac Bobcats,43.6979560041408,quinnipiacbobcats,2514,13,-0.7445170244651927,43.693132617396266
Kendall Wingler,IU Indianapolis Jaguars,43.6913329365079,iuindianapolisjaguars,NA,NA,0,43.690786287694415
Eden Johnson,Georgia State Panthers,43.6884523809524,georgiastatepanthers,2247,27,-0.06224989283771565,43.68755252654549
Ava McKennie,Maryland Terrapins,43.6823404761905,marylandterrapins,120,7,1.8898677492822935,43.684763999842346
Zaire Mcneal,Southern-New Orleans Knights,43.6835867965368,southernneworleansknights,NA,NA,0,43.68304367816655
Maddie Antenucci,Florida Gulf Coast Eagles,43.6797572954823,floridagulfcoasteagles,NA,NA,0,43.679215916702184
KJ Walker,Lamar Cardinals,43.672932828282804,lamarcardinals,2320,25,-0.4220080591350636,43.67002226326591
Alaijah Kirk-Veal,Clinton College Golden Bears,43.6490238095238,clintoncollegegoldenbears,NA,NA,0,43.64849625399219
Aliyah Collins,Mercer Bears,43.6503721403596,mercerbears,2382,24,-0.4695431161729573,43.647254177837034
Caliana Fenceroy,Niagara Purple Eagles,43.6511666666667,niagarapurpleeagles,315,13,-0.7445170244651927,43.64652902199888
Maggie Czinano,Minnesota Golden Gophers,43.6418017916865,minnesotagoldengophers,135,7,1.8898677492822935,43.64414397419039
Jordan Jackson,Wichita State Shockers,43.6431738095238,wichitastateshockers,NA,NA,0,43.64264885755806
Inez Gallegos,Boston University Terriers,43.6303,bostonuniversityterriers,104,22,-0.505160124153813,43.627041466352054
Shanelle Smith,Queens University Royals,43.6198964803312,queensuniversityroyals,NA,NA,0,43.619381801032624
Mary Wilson,Denver Pioneers,43.6106166666667,denverpioneers,NA,NA,0,43.61010604409117
Jasmine Matthews,Louisiana Ragin' Cajuns,43.6072374542125,louisianaragincajuns,309,27,-0.06224989283771565,43.60639730562205
Tivona Myles,Brenau University Golden Tigers,43.6032720779221,brenauuniversitygoldentigers,NA,NA,0,43.602764650537026
Lauren Cohen,Illinois State Redbirds,43.6014406024531,illinoisstateredbirds,2287,18,0.3818613853103341,43.601811331449895
Elizabeth Archer,American University Eagles,43.60185,americanuniversityeagles,44,22,-0.505160124153813,43.59866954960576
Paula Maurina,Saint Joseph's Hawks,43.5956333333333,saintjosephshawks,2603,3,0.21493314091272497,43.59578699544619
Layla Laws,Saint Peter's Peacocks,43.5970815476191,saintpeterspeacocks,2612,13,-0.7445170244651927,43.5926524431915
Fatou Diakite,South Florida Bulls,43.5810833333333,southfloridabulls,NA,NA,0,43.58058547589279
Kiyah Hurst,North Dakota Fighting Hawks,43.571719047619,northdakotafightinghawks,NA,NA,0,43.57122519167883
Marya Hudgins,BYU Cougars,43.5677940993789,byucougars,252,8,1.627414016520187,43.569722212941514
Laci Steele,NC State Wolfpack,43.5667125059723,ncstatewolfpack,152,2,1.7410828106998104,43.56878177910262
Sydney Golladay,Creighton Bluejays,43.5639869565217,creightonbluejays,156,4,1.1815976661979184,43.565349360068616
Rhianna Williams,Kentucky State Thorobreds,43.550053030303,kentuckystatethorobreds,NA,NA,0,43.54956834821284
Chloe Spreen,Alabama Crimson Tide,43.5451184583532,alabamacrimsontide,333,23,2.220381999275397,43.54727421617879
Eryn McKinzie,Incarnate Word Cardinals,43.5467333333333,incarnatewordcardinals,2916,25,-0.4220080591350636,43.544120157564556
Mia Hardin,Mississippi Valley State Devilettes,43.5413333333334,mississippivalleystatedevilettes,2400,26,-1.1266675637845338,43.535192845279994
Serina Quezada,Bethesda University Flames,43.5337964285714,bethesdauniversityflames,NA,NA,0,43.53331855290145
Jelissa Reese,Prairie View A&M Lady Panthers,43.5380410714286,prairieviewamladypanthers,2504,26,-1.1266675637845338,43.53191815509204
Madelyne Davis,Houston Christian Huskies,43.532946031746,houstonchristianhuskies,2277,25,-0.4220080591350636,43.53036402929269
Corrie McLaughlin,UNC Wilmington Seahawks,43.53205,uncwilmingtonseahawks,350,10,-0.4891651654627686,43.52913538480219
Abbey Kimball,Michigan State Spartans,43.5246375059723,michiganstatespartans,127,7,1.8898677492822935,43.526755118964736
Lexy Linton,Kent State Golden Flashes,43.5270036231884,kentstategoldenflashes,2309,14,-0.06421715182798006,43.52620998247183
Timaya Lewis-Eutsey,VCU Rams,43.5211614718615,vcurams,2670,3,0.21493314091272497,43.52130553599443
Rachel Griffin,North Carolina A&T Aggies,43.5216071428572,northcarolinaataggies,2448,10,-0.4891651654627686,43.51871899549535
Anaja Hall,Alabama State Lady Hornets,43.5147,alabamastateladyhornets,2011,26,-1.1266675637845338,43.50870067749954
Nia Henley,Navy Midshipmen,43.5052644383394,navymidshipmen,2426,22,-0.505160124153813,43.50233953003308
Taliah Scott,Auburn Tigers,43.4947648809523,auburntigers,2,23,2.220381999275397,43.496827688277165
Desiree Ware,UAB Blazers,43.486078030303,uabblazers,NA,NA,0,43.485619756066
Ja'Miyah Bryant,Grambling Lady Tigers,43.4908397342995,gramblingladytigers,2755,26,-1.1266675637845338,43.484964981979076
Draya Wacker,Montana Lady Griz,43.4704203907204,montanaladygriz,149,5,-0.02468095143188219,43.469851931515684
Aubrey Joens,Oklahoma Sooners,43.4672575480076,oklahomasooners,201,23,2.220381999275397,43.46927075344556
Ellie Boni,Eastern Washington Eagles,43.4670571428571,easternwashingtoneagles,331,5,-0.02468095143188219,43.466490378606274
Juliann Woodard,Michigan State Spartans,43.4636773809524,michiganstatespartans,127,7,1.8898677492822935,43.465684191086396
Mikiya House,Queens University Royals,43.4651036231884,queensuniversityroyals,NA,NA,0,43.464653788097664
Ashley Tudor,Marshall Thundering Herd,43.4642833333333,marshallthunderingherd,276,27,-0.06224989283771565,43.46354160213266
Latifa Amzil,Detroit Mercy Titans,43.4622237530585,detroitmercytitans,NA,NA,0,43.46177506834319
LaKeeyah Barnes,Niagara Purple Eagles,43.4544482142857,niagarapurpleeagles,315,13,-0.7445170244651927,43.45053818084078
Mariama Sow,Western Kentucky Lady Toppers,43.447169047619,westernkentuckyladytoppers,98,11,0.1427033440452017,43.44722220665743
Jordan Tuff,UNC Asheville Bulldogs,43.4512005952381,uncashevillebulldogs,2427,6,-1.3272392548610852,43.444598335364724
Ella Meabon,Colgate Raiders,43.44,colgateraiders,2142,22,-0.505160124153813,43.43723958723438
Kelowna Ngoyi,Southern Illinois Salukis,43.4357666666667,southernillinoissalukis,79,18,0.3818613853103341,43.43608732695726
Kayce Hyman,Bellarmine Knights,43.4345523809524,bellarmineknights,NA,NA,0,43.434114647463616
Ashley O'Connor,Bucknell Bison,43.4363333333333,bucknellbison,2083,22,-0.505160124153813,43.43358197004013
Maria Messling,Western Illinois Leathernecks,43.4250857226107,westernillinoisleathernecks,2710,20,-0.46568010292818823,43.42254093617713
Stella Sgro,San José State Spartans,43.4184886964485,sanjosstatespartans,NA,NA,0,43.418057235823476
Jeniah Thompson,Southern Illinois Salukis,43.417289484127,southernillinoissalukis,79,18,0.3818613853103341,43.4176048645247
Paulina Hernandez,Cleveland State Vikings,43.4134154761905,clevelandstatevikings,NA,NA,0,43.41298598382841
Laryn Scott,Nicholls Colonels,43.4081536231884,nichollscolonels,2447,25,-0.4220080591350636,43.40584231583993
Tre'Miyah Berry,New Orleans Privateers,43.4049246031746,neworleansprivateers,2443,25,-0.4220080591350636,43.40262003034658
Brooke Suttle,Pennsylvania Quakers,43.3935946488294,pennsylvaniaquakers,219,12,0.1841164774285017,43.393689987880705
Daniela Falcon Hernandez,UC Irvine Anteaters,43.396019055944,ucirvineanteaters,300,9,-0.518954747209004,43.39330495289551
Tahnyjia Purifoy,Florida A&M Rattlers,43.3964477813852,floridaamrattlers,50,26,-1.1266675637845338,43.391048532347035
Kayla Hampton,Tulane Green Wave,43.3826148809524,tulanegreenwave,NA,NA,0,43.38219720691617
Maggie Besselink,Arizona State Sun Devils,43.377869047619,arizonastatesundevils,9,8,1.627414016520187,43.37949820437979
Charli Kay,Southern Utah Thunderbirds,43.381062987013,southernutahthunderbirds,253,30,-0.3067245555951177,43.37930989738906
Kennan Ka,Long Beach State Beach,43.3794071428571,longbeachstatebeach,299,9,-0.518954747209004,43.37673369665165
De'Ahna Richardson,Western Michigan Broncos,43.3750166666667,westernmichiganbroncos,2711,14,-0.06421715182798006,43.374323695185566
Alyssa Ervin,Elon Phoenix,43.3753809523809,elonphoenix,2210,10,-0.4891651654627686,43.3728463775647
Semie Brar,Indiana State Sycamores,43.372,indianastatesycamores,282,18,0.3818613853103341,43.37230269048129
Adriana Jones,Troy Trojans,43.3517037698412,troytrojans,2653,27,-0.06224989283771565,43.3510337661196
Kelian Cedano,Temple Owls,43.3503922702297,templeowls,NA,NA,0,43.349986720465424
Kira-May Filemu,Hawai'i Rainbow Wahine,43.3519239357865,hawaiirainbowwahine,62,9,-0.518954747209004,43.34931683723398
Heather Baymon,Texas State Bobcats,43.3469628607504,texasstatebobcats,326,27,-0.06224989283771565,43.34629576906322
Jada Gyamfi,Iowa Hawkeyes,43.3360351250199,iowahawkeyes,2294,7,1.8898677492822935,43.33782287782034
Nalani Simmons,Longwood Lancers,43.3431036231884,longwoodlancers,2344,6,-1.3272392548610852,43.33711740211978
Sophia Zufelt,UT Rio Grande Valley Vaqueros,43.3370644480519,utriograndevalleyvaqueros,292,25,-0.4220080591350636,43.33489832621628
Aaliyah Gayles,USC Trojans,43.3315964803312,usctrojans,30,7,1.8898677492822935,43.33337692420119
Meegan Fahy,SIU Edwardsville Cougars,43.3333406385281,siuedwardsvillecougars,2565,20,-0.46568010292818823,43.330999869418534
Margarita Satini,Weber State Wildcats,43.3194114718615,weberstatewildcats,2692,5,-0.02468095143188219,43.318915764489034
Kennedy Flanagan,Western Illinois Leathernecks,43.3150733766234,westernillinoisleathernecks,2710,20,-0.46568010292818823,43.31277185002315
Caroline Waite,Illinois State Redbirds,43.3113881035631,illinoisstateredbirds,2287,18,0.3818613853103341,43.311674362393276
Kaylee Corbin,Northern Iowa Panthers,43.3086166666667,northerniowapanthers,2460,18,0.3818613853103341,43.30890218907916
Emily Bratton,Miami (OH) RedHawks,43.3072866702741,miamiohredhawks,193,14,-0.06421715182798006,43.30663560483418
Camila De Pool,Fordham Rams,43.301681547619,fordhamrams,2230,3,0.21493314091272497,43.3017997177596
Raina Tomasicka,South Florida Bulls,43.2892614718615,southfloridabulls,NA,NA,0,43.288878259396235
Monica Williams,Ohio Bobcats,43.2806906385281,ohiobobcats,195,14,-0.06421715182798006,43.28005554418436
Abigail Long,Yale Bulldogs,43.2771773809524,yalebulldogs,43,12,0.1841164774285017,43.277263010574096
Kelly Boyle,UNC Greensboro Spartans,43.2779033369408,uncgreensborospartans,2430,24,-0.4695431161729573,43.275664974364084
Nyayongah Gony,UTSA Roadrunners,43.2598015151515,utsaroadrunners,NA,NA,0,43.25942876116037
Savanna Jones,Seton Hall Pirates,43.2569723484849,setonhallpirates,2550,4,1.1815976661979184,43.258004792601035
Destiny Agubata,West Virginia Mountaineers,43.2479749542125,westvirginiamountaineers,277,8,1.627414016520187,43.249418960624
Sara Zabrecky,UIC Flames,43.2393172702297,uicflames,82,18,0.3818613853103341,43.23958479606721
Avery Strickland,Tennessee Lady Volunteers,43.2307107142857,tennesseeladyvolunteers,2633,23,2.220381999275397,43.23233048005905
Amari DeBerry,Maryland Terrapins,43.2304571428572,marylandterrapins,120,7,1.8898677492822935,43.23207651775915
Kristina Rakotobe,UNC Greensboro Spartans,43.2282925407926,uncgreensborospartans,2430,24,-0.4695431161729573,43.226156728761666
Gisella Maul,California Golden Bears,43.2195732142857,californiagoldenbears,25,2,1.7410828106998104,43.221083055853455
Grace Strickland,Mercyhurst Lakers,43.22705,mercyhurstlakers,2385,19,-1.6800381617881592,43.22045959813003
Lauren Perry,Omaha Mavericks,43.2191666666667,omahamavericks,NA,NA,0,43.21880801640502
Rachel Shropshire,Bellarmine Knights,43.2175702898551,bellarmineknights,NA,NA,0,43.21721218611569
Sarang West,North Alabama Lions,43.2115888888889,northalabamalions,NA,NA,0,43.21123282784116
Madisyn Moore-Nicholson,American University Eagles,43.2123722222222,americanuniversityeagles,44,22,-0.505160124153813,43.21013609175559
Madison Bartley,Baylor Bears,43.2016103257853,baylorbears,239,8,1.627414016520187,43.202991887770914
Zoe Stewart,Missouri State Lady Bears,43.2000982142857,missouristateladybears,2623,18,0.3818613853103341,43.20035590635525
Payton Fields,St. Bonaventure Bonnies,43.1703219155844,stbonaventurebonnies,179,3,0.21493314091272497,43.1704262176119
Jada Knight,Samford Bulldogs,43.1611073051948,samfordbulldogs,2535,24,-0.4695431161729573,43.159105198360784
Claire Gallagher,San Diego Toreros,43.1460571428571,sandiegotoreros,301,29,0.15617675887640683,43.14610878916608
Madison O'Dell,Robert Morris Colonials,43.141637057387,robertmorriscolonials,NA,NA,0,43.14130429888689
Claudia Marina Gonzalez,Florida International Panthers,43.1301023809524,floridainternationalpanthers,2229,11,0.1427033440452017,43.1301418888518
Aanaya Harris,Charlotte 49ers,43.12425,charlotte49ers,NA,NA,0,43.12392286770362
Ar'Mani Reid,Winthrop Eagles,43.1164833333333,winthropeagles,2737,6,-1.3272392548610852,43.11165911801774
Seneya Martinez,App State Mountaineers,43.1037648809524,appstatemountaineers,2026,27,-0.06224989283771565,43.10323587994197
Journee McDaniel,East Carolina Pirates,43.1035434065934,eastcarolinapirates,NA,NA,0,43.10322288963743
Jessica Woods,Campbell Fighting Camels,43.0971201298701,campbellfightingcamels,2097,10,-0.4891651654627686,43.09517468594613
Sophia LeGoullon,William & Mary Tribe,43.07845,williammarytribe,2729,10,-0.4891651654627686,43.076540353983
Cloe Vecina,Oregon State Beavers,43.0624666666666,oregonstatebeavers,204,29,0.15617675887640683,43.06251421237789
Jayda Johnson,Dayton Flyers,43.0586388888889,daytonflyers,2168,3,0.21493314091272497,43.058732309399545
Brenna Burk,Little Rock Trojans,43.0577926587302,littlerocktrojans,2031,20,-0.46568010292818823,43.055997198235765
Tahira Muhammad,Dartmouth Big Green,43.0493222222222,dartmouthbiggreen,159,12,0.1841164774285017,43.04939084075735
Kylie Waytashek,Valparaiso Beacons,43.0477537698413,valparaisobeacons,2674,18,0.3818613853103341,43.047975597832696
Kierra Morrow,Elon Phoenix,43.0492922619048,elonphoenix,2210,10,-0.4891651654627686,43.04743762058149
Alyssa Febres,Kansas City Roos,43.0419121933622,kansascityroos,NA,NA,0,43.04161082598606
Isabella Casey,Bucknell Bison,43.0429303571429,bucknellbison,2083,22,-0.505160124153813,43.0410371811009
Hildur Gunnsteinsdottir,Boston University Terriers,43.0420598484848,bostonuniversityterriers,104,22,-0.505160124153813,43.04016833497286
Kastyn Young,Utah Tech Trailblazers,43.0368704365079,utahtechtrailblazers,3101,30,-0.3067245555951177,43.03561015943423
Jessie Ozzauto,Lehigh Mountain Hawks,43.0355833333333,lehighmountainhawks,2329,22,-0.505160124153813,43.03370415769742
Stella Szabo,Pacific Tigers,43.0309621031746,pacifictigers,279,29,0.15617675887640683,43.03100816285316
Ariel Little,St. John's Red Storm,43.0162311147186,stjohnsredstorm,2599,4,1.1815976661979184,43.01704655724714
Kiylynn Dawkins,Northern Illinois Huskies,43.0156369565217,northernillinoishuskies,2459,14,-0.06421715182798006,43.01514671232089
Emilie Bessell,Davidson Wildcats,43.0121923784548,davidsonwildcats,2166,3,0.21493314091272497,43.01228151114113
Mar'Cyah Willis,Tarleton State Texans,43.0082308959157,tarletonstatetexans,2627,30,-0.3067245555951177,43.00700675385387
Aubrey Reid,UT Arlington Mavericks,42.9927323232323,utarlingtonmavericks,250,30,-0.3067245555951177,42.99152743849047
Rebecca Moors,Hawai'i Rainbow Wahine,42.9910666666666,hawaiirainbowwahine,62,9,-0.518954747209004,42.9892295916639
Tara Daye,St. John's Red Storm,42.9743079448329,stjohnsredstorm,2599,4,1.1815976661979184,42.97508909345267
Tanajah Hayes,Florida International Panthers,42.9693702380952,floridainternationalpanthers,2229,11,0.1427033440452017,42.96940384123316
Jada Bates,Arkansas Razorbacks,42.9565166666667,arkansasrazorbacks,8,23,2.220381999275397,42.95775015139766
MacKenzie Givens,Xavier Musketeers,42.9439916208791,xaviermusketeers,2752,4,1.1815976661979184,42.94474859142874
Alyssa Tarpley,Samford Bulldogs,42.916331547619,samfordbulldogs,2535,24,-0.4695431161729573,42.91476835535319
Morgan Boyd,Presbyterian Blue Hose,42.9185833333334,presbyterianbluehose,2506,6,-1.3272392548610852,42.91463916956875
Joselyn Johnson,Virginia-Lynchburg Dragons,42.9111482142857,virginialynchburgdragons,NA,NA,0,42.91088486755384
Asha Sra,Grand Canyon Lopes,42.9088404761905,grandcanyonlopes,2253,30,-0.3067245555951177,42.907736260724796
Natalie Herrin,Presbyterian Blue Hose,42.9069839285714,presbyterianbluehose,2506,6,-1.3272392548610852,42.90308765553281
Morgan Tompkins,Marist Red Foxes,42.9010348484848,maristredfoxes,2368,13,-0.7445170244651927,42.89874848779105
Maddie Vizza,Northeastern Huskies,42.8993185425685,northeasternhuskies,111,10,-0.4891651654627686,42.89772986315686
Amiaya Morgan,Maryland Eastern Shore Hawks,42.9001643759019,marylandeasternshorehawks,2379,16,-0.9745622795118004,42.89725476741663
Takiela Jones,Mississippi University For Women Owls,42.8917054112554,mississippiuniversityforwomenowls,NA,NA,0,42.89144742276551
Cadence Johnson,Merrimack Warriors,42.8803333333333,merrimackwarriors,2771,13,-0.7445170244651927,42.878096648516404
Lena Walz,St. Bonaventure Bonnies,42.865569047619,stbonaventurebonnies,179,3,0.21493314091272497,42.86564552596089
Jayda Brown,St. John's Red Storm,42.8598536231884,stjohnsredstorm,2599,4,1.1815976661979184,42.860546169219894
Veronaye Charlton,North Alabama Lions,42.8440225732601,northalabamalions,NA,NA,0,42.843777410617925
Maria Serracanta,Northern Illinois Huskies,42.8309120670995,northernillinoishuskies,2459,14,-0.06421715182798006,42.83050824895847
Anastasia Drosouni,California Golden Bears,42.824091991342,californiagoldenbears,25,2,1.7410828106998104,42.82510165843511
Mona Zaric,Harvard Crimson,42.8068583333333,harvardcrimson,108,12,0.1841164774285017,42.80691154905157
Teresa Mbemba,Presbyterian Blue Hose,42.809131547619,presbyterianbluehose,2506,6,-1.3272392548610852,42.805623640569465
Lorena Barbosa,San Francisco Dons,42.8039225732601,sanfranciscodons,2539,29,0.15617675887640683,42.80395884596142
Kamryn Mafua,California Golden Bears,42.8019718050066,californiagoldenbears,25,2,1.7410828106998104,42.802957422631295
Shannon Blacher,Northern Illinois Huskies,42.7818098124098,northernillinoishuskies,2459,14,-0.06421715182798006,42.78142708380247
Allie Hueckman,Boise State Broncos,42.7799702898551,boisestatebroncos,NA,NA,0,42.779741663674706
Xanthippi Karatasiou,Canisius Golden Griffins,42.7797475732601,canisiusgoldengriffins,2099,13,-0.7445170244651927,42.77774183698851
Ona Alarcon,Maine Black Bears,42.7777692520041,maineblackbears,311,1,-0.5587271973835142,42.77621039535743
Alicia Newell,Richmond Spiders,42.7732983308358,richmondspiders,257,3,0.21493314091272497,42.773367507515474
Susana Yepes,Oregon State Beavers,42.7691880387729,oregonstatebeavers,204,29,0.15617675887640683,42.76922295172873
Mya Dotson,Charleston Southern Buccaneers,42.7633951923077,charlestonsouthernbuccaneers,2127,6,-1.3272392548610852,42.760059411887944
Kylee Norkus,Evansville Purple Aces,42.7518082875458,evansvillepurpleaces,339,18,0.3818613853103341,42.75197044426048
Kaley Perkins,Kent State Golden Flashes,42.7451452898551,kentstategoldenflashes,2309,14,-0.06421715182798006,42.744777811006976
Leah Bullard,Oakland Golden Grizzlies,42.7362982142857,oaklandgoldengrizzlies,NA,NA,0,42.73608041710454
Taylor Moffat,Portland State Vikings,42.7269750541125,portlandstatevikings,2502,5,-0.02468095143188219,42.72670396860017
Brianna Sanchez,UT Rio Grande Valley Vaqueros,42.7278598484848,utriograndevalleyvaqueros,292,25,-0.4220080591350636,42.72669327571771
Vinyet Morato,Western Michigan Broncos,42.7251857142857,westernmichiganbroncos,2711,14,-0.06421715182798006,42.72482636080596
Emily Fisher,Maryland Terrapins,42.7203906385281,marylandterrapins,120,7,1.8898677492822935,42.72134627205584
Julene Royale,Jacksonville Dolphins,42.7151857142857,jacksonvilledolphins,NA,NA,0,42.71497302480221
Emma Lytle,Air Force Falcons,42.7140852897103,airforcefalcons,NA,NA,0,42.713872864193696
Emily Monson,Middle Tennessee Blue Raiders,42.696496236131,middletennesseeblueraiders,2393,11,0.1427033440452017,42.69652124070398
Isabella Gonzalez,Virginia-Lynchburg Dragons,42.6913166666667,virginialynchburgdragons,NA,NA,0,42.691109652971306
Ashala Moseberry,West Virginia Mountaineers,42.6890369565217,westvirginiamountaineers,277,8,1.627414016520187,42.68984580815013
Diarrah Sissoko,New Mexico State Aggies,42.6889009559884,newmexicostateaggies,166,11,0.1427033440452017,42.68892574545256
Erin Powell,Colorado Buffaloes,42.6705418650794,coloradobuffaloes,38,8,1.627414016520187,42.67133379807739
Avery O'Roke,NJIT Highlanders,42.6635225732601,njithighlanders,2885,1,-0.5587271973835142,42.662151923988695
Hannah Riddick,Memphis Tigers,42.6559831408929,memphistigers,NA,NA,0,42.655784338748354
Kayanna Cox,SMU Mustangs,42.6531829448329,smumustangs,2567,2,1.7410828106998104,42.65401682891334
Trinity Barnes,UNC Asheville Bulldogs,42.6331023809524,uncashevillebulldogs,2427,6,-1.3272392548610852,42.6302253221203
JaNai Coleman,UT Rio Grande Valley Vaqueros,42.6291803631151,utriograndevalleyvaqueros,292,25,-0.4220080591350636,42.6281382778002
Logann Alvar,Wyoming Cowgirls,42.6264681818182,wyomingcowgirls,NA,NA,0,42.626276066947526
Sh'Diamond McKnight,Mississippi Valley State Devilettes,42.6238149975025,mississippivalleystatedevilettes,2400,26,-1.1266675637845338,42.621370042545344
Kelis Grant,Sam Houston Bearkats,42.61865,samhoustonbearkats,2534,11,0.1427033440452017,42.61867285913517
Audrey Annee,Army Black Knights,42.6148577440675,armyblackknights,349,22,-0.505160124153813,42.61366836068856
Stanislava Kabernick,Middle Tennessee Blue Raiders,42.6107631469979,middletennesseeblueraiders,2393,11,0.1427033440452017,42.610785796020814
Raven LeXander,Stetson Hatters,42.6015369565217,stetsonhatters,NA,NA,0,42.60135036990294
De'Shawnti Thomas,Illinois State Redbirds,42.5993622294372,illinoisstateredbirds,2287,18,0.3818613853103341,42.59949841444656
Nyla Cooper,Howard Bison,42.5946686147186,howardbison,47,16,-0.9745622795118004,42.592599841533705
JoJo Nworie,Colorado Buffaloes,42.5873848484848,coloradobuffaloes,38,8,1.627414016520187,42.58810367784758
Kailyn Farrell,Chattanooga Mocs,42.5550350732601,chattanoogamocs,236,24,-0.4695431161729573,42.55399270000489
Jeanee Anderson,Alcorn State Lady Braves,42.5539571428572,alcornstateladybraves,2016,26,-1.1266675637845338,42.55170601247057
Daylee Dunn,Cincinnati Bearcats,42.5462213721061,cincinnatibearcats,2132,8,1.627414016520187,42.546905773752165
Ellie Colson,Eastern Illinois Panthers,42.5462410714286,easternillinoispanthers,2197,20,-0.46568010292818823,42.54521668557769
Georgia Cox,Eastern Illinois Panthers,42.546031547619,easternillinoispanthers,2197,20,-0.46568010292818823,42.545007419670156
Kyana Weir,Omaha Mavericks,42.5419857142857,omahamavericks,NA,NA,0,42.54181189323701
Arlisha Boston,Hampton Lady Pirates,42.5401122197247,hamptonladypirates,2261,10,-0.4891651654627686,42.53905282440216
Ines Gnahore,UC Irvine Anteaters,42.5387860653235,ucirvineanteaters,300,9,-0.518954747209004,42.53767449382377
Jamia Blake,Rider Broncs,42.5337339285714,riderbroncs,2520,13,-0.7445170244651927,42.532223714427445
Alisa Blalock,La Salle Explorers,42.52792257326,lasalleexplorers,2325,3,0.21493314091272497,42.52797466424729
Audrey Meyers,High Point Panthers,42.5285946488294,highpointpanthers,2272,6,-1.3272392548610852,42.52605298024981
Jayda Johnston,Eastern Illinois Panthers,42.5242023809524,easternillinoispanthers,2197,20,-0.46568010292818823,42.52320488154937
Jessica Wangolo,Le Moyne Dolphins,42.5248969516595,lemoynedolphins,2330,19,-1.6800381617881592,42.52179145754726
Lauren Crocker,Utah Tech Trailblazers,42.5187571428571,utahtechtrailblazers,3101,30,-0.3067245555951177,42.51804676610655
Gabriella Kelley,Pennsylvania Quakers,42.5142075914424,pennsylvaniaquakers,219,12,0.1841164774285017,42.51424557560051
Aalayah Wilson,Lindenwood Lions,42.5143148809523,lindenwoodlions,2815,20,-0.46568010292818823,42.513329286628604
Dayshawna Carter,Monmouth Hawks,42.4980767399267,monmouthhawks,2405,10,-0.4891651654627686,42.497070068884675
Gal-la Font,West Georgia Wolves,42.4734589983688,westgeorgiawolves,NA,NA,0,42.473299117264446
Kassidy Thompson,Hofstra Pride,42.4728274327122,hofstrapride,2275,10,-0.4891651654627686,42.47185155875082
Taylor Rietveld,Louisiana Tech Lady Techsters,42.4711523809524,louisianatechladytechsters,2348,11,0.1427033440452017,42.47117152440842
Sarah Hammack Fitzgerald,Old Dominion Monarchs,42.4690072954823,olddominionmonarchs,295,27,-0.06224989283771565,42.468744924739546
Izzy McPherson,Chattanooga Mocs,42.4680184065934,chattanoogamocs,236,24,-0.4695431161729573,42.46708086743966
Jovana Spasovski,Wisconsin Badgers,42.4663672619047,wisconsinbadgers,275,7,1.8898677492822935,42.467075174212
Wyvette Mayberry,Kansas Jayhawks,42.4657000600848,kansasjayhawks,2305,8,1.627414016520187,42.46632038650245
Liz Murphy,Akron Zips,42.4654190476191,akronzips,2006,14,-0.06421715182798006,42.4651545890075
Isamery Telleria,Jacksonville Dolphins,42.4624648809524,jacksonvilledolphins,NA,NA,0,42.46230716315281
Alice Dart,Washington State Cougars,42.4578190476191,washingtonstatecougars,265,29,0.15617675887640683,42.45784328053178
Alena Fusetti,Mercyhurst Lakers,42.455519047619,mercyhurstlakers,2385,19,-1.6800381617881592,42.45266722956072
Ternadoo Agatha Agba,Southern Illinois Salukis,42.4456720682096,southernillinoissalukis,79,18,0.3818613853103341,42.445785087809305
Caya Smith,Oklahoma Sooners,42.4221960474308,oklahomasooners,201,23,2.220381999275397,42.42286590418282
Rachel Kuhl,Monmouth Hawks,42.4220881469979,monmouthhawks,2405,10,-0.4891651654627686,42.421172214848646
Amany Lopez,Rider Broncs,42.4201765151515,riderbroncs,2520,13,-0.7445170244651927,42.418863902482606
Riley Wright,St. Thomas-Minnesota Tommies,42.4062336580086,stthomasminnesotatommies,NA,NA,0,42.40608669483546
Sophia Rueppell,Kennesaw State Owls,42.3990553751804,kennesawstateowls,338,11,0.1427033440452017,42.39907286175361
Sophia Lee,Sacramento State Hornets,42.3967684065934,sacramentostatehornets,16,5,-0.02468095143188219,42.396585776611204
Jordana Codio,Texas Longhorns,42.3890931818182,texaslonghorns,251,23,2.220381999275397,42.38973544669586
Saran Moschella,Navy Midshipmen,42.3904648809524,navymidshipmen,2426,22,-0.505160124153813,42.389560954004054
Kennedy Clifton,Rice Owls,42.3854172161172,riceowls,NA,NA,0,42.38527410447797
Jayda Holiman,UT Rio Grande Valley Vaqueros,42.3523190476191,utriograndevalleyvaqueros,292,25,-0.4220080591350636,42.3515775623433
Noga Haran,Stetson Hatters,42.3468434523809,stetsonhatters,NA,NA,0,42.34670729572188
Mataeya Mathern,North Dakota Fighting Hawks,42.3427483923082,northdakotafightinghawks,NA,NA,0,42.34261296025148
Natalie Mazurek,TCU Horned Frogs,42.3417036231884,tcuhornedfrogs,2628,8,1.627414016520187,42.34223343899171
Makolla Bagayegou,Houston Christian Huskies,42.3350005952381,houstonchristianhuskies,2277,25,-0.4220080591350636,42.33427566318865
Eliza Buerk,Davidson Wildcats,42.3321119565218,davidsonwildcats,2166,3,0.21493314091272497,42.3321526678416
Jada Harrison,Middle Tennessee Blue Raiders,42.3261137085137,middletennesseeblueraiders,2393,11,0.1427033440452017,42.326129620665775
Madison Watts,Loyola Marymount Lions,42.3167990884116,loyolamarymountlions,2351,29,0.15617675887640683,42.31681931749147
Imani Warren,New Mexico State Aggies,42.296225008325,newmexicostateaggies,166,11,0.1427033440452017,42.296240304140504
Dacia Jones,Louisiana Ragin' Cajuns,42.2932333333333,louisianaragincajuns,309,27,-0.06224989283771565,42.293023974124615
Katie Hurt,Lehigh Mountain Hawks,42.2536184583532,lehighmountainhawks,2329,22,-0.505160124153813,42.252863498458
Alba Garcia,Charleston Southern Buccaneers,42.2480553631151,charlestonsouthernbuccaneers,2127,6,-1.3272392548610852,42.24628104358129
Ava Toone,Loyola Marymount Lions,42.240928226363,loyolamarymountlions,2351,29,0.15617675887640683,42.240946499599836
Jasmine Timmerson,Davidson Wildcats,42.2340928571429,davidsonwildcats,2166,3,0.21493314091272497,42.234128565006266
Anna Rodgers,Bellarmine Knights,42.2262113154961,bellarmineknights,NA,NA,0,42.226095425257405
Kennadi Archibald,Sacramento State Hornets,42.2238793807641,sacramentostatehornets,16,5,-0.02468095143188219,42.22373408494654
Lucy Lynn,Yale Bulldogs,42.2053475468975,yalebulldogs,43,12,0.1841164774285017,42.20537299547763
Shelby Bowman,Western Illinois Leathernecks,42.2012964165062,westernillinoisleathernecks,2710,20,-0.46568010292818823,42.20063986766407
Elliott Jessup,North Carolina A&T Aggies,42.2001830266955,northcarolinaataggies,2448,10,-0.4891651654627686,42.1995000696862
Anna Csenyi,New Mexico State Aggies,42.175131547619,newmexicostateaggies,166,11,0.1427033440452017,42.1751445116696
Lauren Rust,Pittsburgh Panthers,42.1683134716732,pittsburghpanthers,221,2,1.7410828106998104,42.16876346197565
Shantavia Dawkins,Dayton Flyers,42.1683333333334,daytonflyers,2168,3,0.21493314091272497,42.16836592912953
Zahra King,California Golden Bears,42.1672811507936,californiagoldenbears,25,2,1.7410828106998104,42.16773048768515
Jade Moore,Chattanooga Mocs,42.1633936507937,chattanoogamocs,236,24,-0.4695431161729573,42.16276671074916
Rebecca Dwomoh,Robert Morris Colonials,42.1604071428571,robertmorriscolonials,NA,NA,0,42.16030139361975
Ella Riggs,Purdue Fort Wayne Mastodons,42.1521119565217,purduefortwaynemastodons,NA,NA,0,42.152007441296526
Aubrie Kierscht,South Carolina Upstate Spartans,42.1467189994788,southcarolinaupstatespartans,2908,6,-1.3272392548610852,42.14517767295089
Elle Johansson,Wagner Seahawks,42.1362333333333,wagnerseahawks,2681,19,-1.6800381617881592,42.13436968273665
Arianna Durrell,Jackson State Lady Tigers,42.1334648809524,jacksonstateladytigers,2296,26,-1.1266675637845338,42.13216558422691
Hilary Behrens,South Dakota State Jackrabbits,42.1144627140975,southdakotastatejackrabbits,NA,NA,0,42.11436367720004
Genesis Harris,Tennessee State Lady Tigers,42.1024386881234,tennesseestateladytigers,2634,20,-0.46568010292818823,42.101868020316495
LaNiya Scales,North Carolina Central Eagles,42.1027765151515,northcarolinacentraleagles,2428,16,-0.9745622795118004,42.10168806896419
Allysan Tse,Cal State Bakersfield Roadrunners,42.1022333333333,calstatebakersfieldroadrunners,2934,9,-0.518954747209004,42.10160870118337
Naiya Carney,Texas A&M-Corpus Christi Islanders,42.096394534632,texasamcorpuschristiislanders,357,25,-0.4220080591350636,42.09587285758567
Samiana Suguturaga,Utah State Aggies,42.0929036231884,utahstateaggies,NA,NA,0,42.092807634013575
Kenya Ramsey,UMBC Retrievers,42.0896754485853,umbcretrievers,2378,1,-0.5587271973835142,42.08902244406343
Momina Kassim,Northwestern State Lady Demons,42.0859181818182,northwesternstateladydemons,2466,25,-0.4220080591350636,42.08540441455685
Hilke Feldrappe,Missouri Tigers,42.0836863095238,missouritigers,142,23,2.220381999275397,42.08410933883767
Kellyn Preira,Monmouth Hawks,42.0837829087579,monmouthhawks,2405,10,-0.4891651654627686,42.08320431290392
Tylie Jones,New Mexico State Aggies,42.0795934523809,newmexicostateaggies,166,11,0.1427033440452017,42.079604756443146
Heather Middleton,Mount St. Mary's Mountaineers,42.0636452898551,mountstmarysmountaineers,116,13,-0.7445170244651927,42.06283835661631
Jean Chiu,Washington State Cougars,42.0564461580087,washingtonstatecougars,265,29,0.15617675887640683,42.05646021792609
Hilary Englert,Furman Paladins,42.051063263548,furmanpaladins,231,24,-0.4695431161729573,42.05053042157732
Asa Snyder,Furman Paladins,42.0220127140975,furmanpaladins,231,24,-0.4695431161729573,42.02150254648145
Mackenzie Marenchin,Idaho State Bengals,42.0173092074592,idahostatebengals,304,5,-0.02468095143188219,42.017201286167534
Alexis Parker,UTSA Roadrunners,42.0086640151515,utsaroadrunners,NA,NA,0,42.00857932624813
Valentyna Kadlecova,Indiana Hoosiers,41.996344215929,indianahoosiers,84,7,1.8898677492822935,41.99671547508613
Chelsea Bishop,Eastern Michigan Eagles,41.9954934065934,easternmichiganeagles,2199,14,-0.06421715182798006,41.99535472964594
Taylor Norris,Chicago State Cougars,41.9947310041408,chicagostatecougars,2130,19,-1.6800381617881592,41.99321879338502
Xyllize Harrison,Southern Jaguars,41.9931553631152,southernjaguars,2582,26,-1.1266675637845338,41.99209945074831
Anya McKenzie,Tarleton State Texans,41.9908008741258,tarletonstatetexans,2627,30,-0.3067245555951177,41.99045446545392
Adiana Pacheco,Marshall Thundering Herd,41.9887556360306,marshallthunderingherd,276,27,-0.06224989283771565,41.98862006899782
Addison Klosterbuer,South Dakota Coyotes,41.9858630952381,southdakotacoyotes,NA,NA,0,41.98578130212153
Hekla Nokkvadottir,App State Mountaineers,41.981054491342,appstatemountaineers,2026,27,-0.06224989283771565,41.98092051767897
Jenesis Hill,Norfolk State Spartans,41.9722476708074,norfolkstatespartans,2450,16,-0.9745622795118004,41.97135237935949
Dara Capaldi,Eastern Michigan Eagles,41.9692,easternmichiganeagles,2199,14,-0.06421715182798006,41.96906681635578
Kristen Kelley,Merrimack Warriors,41.9616702898551,merrimackwarriors,2771,13,-0.7445170244651927,41.96097884596203
Laila Lewis,North Carolina Central Eagles,41.9553051383399,northcarolinacentraleagles,2428,16,-0.9745622795118004,41.95443307409481
Jaidyn Koerdt,Coastal Carolina Chanticleers,41.9474566534914,coastalcarolinachanticleers,324,27,-0.06224989283771565,41.9473294831338
Mary Ferrito,UNC Wilmington Seahawks,41.9466872377622,uncwilmingtonseahawks,350,10,-0.4891651654627686,41.94621702989062
Sydney Barker,North Carolina Tar Heels,41.9358548219896,northcarolinatarheels,153,2,1.7410828106998104,41.93617328126628
Genevive Wedemeyer,UAB Blazers,41.9275291666666,uabblazers,NA,NA,0,41.92745447572457
Josee Steadman,Boise State Broncos,41.9226470297818,boisestatebroncos,NA,NA,0,41.92257291357648
Kylie Favours,Lafayette Leopards,41.9229300407925,lafayetteleopards,322,22,-0.505160124153813,41.9224647093995
Kaia Ponder,Kansas City Roos,41.9224732142857,kansascityroos,NA,NA,0,41.92239911848702
Josie Grosdidier,Colorado Christian Cougars,41.9182833333333,coloradochristiancougars,NA,NA,0,41.918209728294315
Mary McGrath,Lindenwood Lions,41.9177446488294,lindenwoodlions,2815,20,-0.46568010292818823,41.91731345051112
Maya Anderson,Detroit Mercy Titans,41.8858628787879,detroitmercytitans,NA,NA,0,41.88579299706251
Samia Greene,Northeastern Huskies,41.8740482142857,northeasternhuskies,111,10,-0.4891651654627686,41.87362942923221
Kaylen Reed,Western Illinois Leathernecks,41.8577537240537,westernillinoisleathernecks,2710,20,-0.46568010292818823,41.85736230013984
Sheyene Neale,Bradley Braves,41.8539643457991,bradleybraves,71,18,0.3818613853103341,41.85401289321151
Tia Shelling,Western Kentucky Lady Toppers,41.8354119565217,westernkentuckyladytoppers,98,11,0.1427033440452017,41.835419682836196
Maddy Saracco,Tennessee Tech Golden Eagles,41.826931547619,tennesseetechgoldeneagles,2635,20,-0.46568010292818823,41.826559558748954
Denver Anderson,Southern Utah Thunderbirds,41.8266357142857,southernutahthunderbirds,253,30,-0.3067245555951177,41.82636917556742
Sara Deidda,Wofford Terriers,41.825109469697,woffordterriers,2747,24,-0.4695431161729573,41.82473605712915
Faith Pappas,Sacred Heart Pioneers,41.8251963203463,sacredheartpioneers,2529,13,-0.7445170244651927,41.82464119178506
Cristina Garcia,Loyola Maryland Greyhounds,41.8172309523809,loyolamarylandgreyhounds,2352,22,-0.505160124153813,41.816839204825264
Claudia Jimenez,Manhattan Jaspers,41.799691025641,manhattanjaspers,2363,13,-0.7445170244651927,41.7991591698722
Dejah Jenkins,Merrimack Warriors,41.7829430638806,merrimackwarriors,2771,13,-0.7445170244651927,41.78242612585787
Teagan Colvin,UNLV Lady Rebels,41.768813582251,unlvladyrebels,NA,NA,0,41.76875608273184
Ariana Williams,Penn State Lady Lions,41.7507940993789,pennstateladylions,213,7,1.8898677492822935,41.751043058904855
Payton Dunbar,Virginia Cavaliers,41.7476047702298,virginiacavaliers,258,2,1.7410828106998104,41.74783801442403
Dallas Pierce,Massachusetts Minutewomen,41.7451613154961,massachusettsminutewomen,113,3,0.21493314091272497,41.74517813874281
Hailey Smith,Ball State Cardinals,41.7413011183261,ballstatecardinals,2050,14,-0.06421715182798006,41.741209530330714
Aarionna Redman,Marshall Thundering Herd,41.7386113154961,marshallthunderingherd,276,27,-0.06224989283771565,41.738521278178126
Tristan Spearman,Southeast Missouri State Redhawks,41.6912733201581,southeastmissouristateredhawks,2546,20,-0.46568010292818823,41.69097915308007
Adebukola Akomolafe,VCU Rams,41.6858869565217,vcurams,2670,3,0.21493314091272497,41.68590210159318
Jaelyn Brown,Longwood Lancers,41.6852553631152,longwoodlancers,2344,6,-1.3272392548610852,41.68451781730429
Caitlin Washington,Bradley Braves,41.6784107660455,bradleybraves,71,18,0.3818613853103341,41.67844663603163
Kianni Westbrook,Tulane Green Wave,41.6780583333333,tulanegreenwave,NA,NA,0,41.67800934478573
Ramani Parker,Seton Hall Pirates,41.6637202898551,setonhallpirates,2550,4,1.1815976661979184,41.66385283466131
Grace Lomen,Milwaukee Panthers,41.6580675407925,milwaukeepanthers,NA,NA,0,41.65802030494577
Avary Cain,UCLA Bruins,41.6440184583533,uclabruins,26,7,1.8898677492822935,41.644224062211904
Lucija Banovic,Dartmouth Big Green,41.620776984127,dartmouthbiggreen,159,12,0.1841164774285017,41.62078694608807
Faith Okorie,George Mason Patriots,41.6131869565218,georgemasonpatriots,2244,3,0.21493314091272497,41.61320020243799
Grace Billington,Murray State Racers,41.5995369565217,murraystateracers,93,18,0.3818613853103341,41.59956794473923
Genna Wienecke,Cal State Fullerton Titans,41.599661462149,calstatefullertontitans,2239,9,-0.518954747209004,41.59938953517432
Paris Miller,Nicholls Colonels,41.5980422702297,nichollscolonels,2447,25,-0.4220080591350636,41.597813932883085
Raneem ElBarky,Wagner Seahawks,41.5970017399267,wagnerseahawks,2681,19,-1.6800381617881592,41.59623305828671
Hanna Miller,Arizona State Sun Devils,41.5951106938955,arizonastatesundevils,9,8,1.627414016520187,41.59527519685008
Kimora Smith,South Carolina State Lady Bulldogs,41.5858005952381,southcarolinastateladybulldogs,2569,16,-0.9745622795118004,41.5853394785137
Marie Kenembeni,Old Dominion Monarchs,41.5833515151515,olddominionmonarchs,295,27,-0.06224989283771565,41.58328376212827
Siena Guttadauro,UTSA Roadrunners,41.5755260979359,utsaroadrunners,NA,NA,0,41.57548565147508
Laila Acox,Radford Highlanders,41.5751166666667,radfordhighlanders,2515,6,-1.3272392548610852,41.57451607162424
Tayla Thomas,Northwestern Wildcats,41.5660015151515,northwesternwildcats,77,7,1.8898677492822935,41.56617888230653
Avery Watkins,Fresno State Bulldogs,41.5643767399267,fresnostatebulldogs,NA,NA,0,41.56433715669078
Fatou Sane,Duquesne Dukes,41.561053525641,duquesnedukes,2184,3,0.21493314091272497,41.56106551336801
Mia Galbraith,Texas State Bobcats,41.5603702898551,texasstatebobcats,326,27,-0.06224989283771565,41.56030548021578
Vivien Nejasmic,Xavier Musketeers,41.559394279754,xaviermusketeers,2752,4,1.1815976661979184,41.55950314784959
Nyla Allen,Alabama A&M Bulldogs,41.5542714549339,alabamaambulldogs,2010,26,-1.1266675637845338,41.55377597614592
Jada Brown,Vanderbilt Commodores,41.5518626262626,vanderbiltcommodores,238,23,2.220381999275397,41.55203517377837
Riley Black,West Georgia Wolves,41.549384900244704,westgeorgiawolves,NA,NA,0,41.5493464580181
Chanteese Craig,Detroit Mercy Titans,41.5480184343434,detroitmercytitans,NA,NA,0,41.54798009499932
Stella Gougoufkas,Holy Cross Crusaders,41.5392015151515,holycrosscrusaders,107,22,-0.505160124153813,41.53896505060446
Kimora Lopez,Morgan State Lady Bears,41.5184175120773,morganstateladybears,2415,16,-0.9745622795118004,41.51801336934313
Mary Hollensteiner,Harvard Crimson,41.5177995911094,harvardcrimson,108,12,0.1841164774285017,41.517807752092665
Shelomi Sanders,Alabama A&M Bulldogs,41.5082000600848,alabamaambulldogs,2010,26,-1.1266675637845338,41.507747850496
Laney Amundsen,Fresno State Bulldogs,41.5069136266511,fresnostatebulldogs,NA,NA,0,41.506878296010186
Irene Noya Catoira,Illinois Fighting Illini,41.4896076358424,illinoisfightingillini,356,7,1.8898677492822935,41.489760010690404
Khalis Whiting,Stony Brook Seawolves,41.4832416749917,stonybrookseawolves,2619,10,-0.4891651654627686,41.48303598484655
Bradyn Griffin,North Carolina Central Eagles,41.4726440018315,northcarolinacentraleagles,2428,16,-0.9745622795118004,41.47227572398115
Emily Montes,Columbia Lions,41.4689248353096,columbialions,171,12,0.1841164774285017,41.46893222432135
Emma Lucio,UTSA Roadrunners,41.4632059065934,utsaroadrunners,NA,NA,0,41.46317359597836
Knisha Godfrey,TCU Horned Frogs,41.4530872294372,tcuhornedfrogs,2628,8,1.627414016520187,41.45321116349428
Maya Robinson,Charleston Southern Buccaneers,41.4509666666667,charlestonsouthernbuccaneers,2127,6,-1.3272392548610852,41.45049858919431
Shaelyn Steele,Penn State Lady Lions,41.4405898892774,pennstateladylions,213,7,1.8898677492822935,41.440727548473106
Caydence Hadley,Towson Tigers,41.4396848484848,towsontigers,119,10,-0.4891651654627686,41.439496949740445
Reniya Jones,Radford Highlanders,41.4173379051504,radfordhighlanders,2515,6,-1.3272392548610852,41.416901978596385
Daniela Abies,Miami Hurricanes,41.4144166666666,miamihurricanes,2390,2,1.7410828106998104,41.41453933506322
Allie McGinn,Fairleigh Dickinson Knights,41.4119851250199,fairleighdickinsonknights,161,19,-1.6800381617881592,41.41145620992089
Piper Engelby,NJIT Highlanders,41.3856265151515,njithighlanders,2885,1,-0.5587271973835142,41.385439320012104
Courtney Davis,Charleston Southern Buccaneers,41.3832092171717,charlestonsouthernbuccaneers,2127,6,-1.3272392548610852,41.38280436274922
Taylor Scohy,UT Martin Skyhawks,41.3768684583532,utmartinskyhawks,2630,20,-0.46568010292818823,41.37671093563729
Tiffany Barbosa,Portland Pilots,41.3459914044289,portlandpilots,2501,29,0.15617675887640683,41.34599528020237
Ayanna Jackson,UNC Greensboro Spartans,41.3440583333333,uncgreensborospartans,2430,24,-0.4695431161729573,41.3439109142481
Alie Bisballe,Wisconsin Badgers,41.338494047619,wisconsinbadgers,275,7,1.8898677492822935,41.338604191925555
Elli Guiney,UNLV Lady Rebels,41.3345733201581,unlvladyrebels,NA,NA,0,41.33454887984164
Paris Santacaterina,San Diego Toreros,41.3322378787879,sandiegotoreros,301,29,0.15617675887640683,41.33224163571153
Piper Risdon,Vermont Catamounts,41.3235815018315,vermontcatamounts,261,1,-0.5587271973835142,41.32341858849989
Amy Thompson,South Florida Bulls,41.3178323472421,southfloridabulls,NA,NA,0,41.317808824709736
Aryelle Stevens,Marquette Golden Eagles,41.3096348484848,marquettegoldeneagles,269,4,1.1815976661979184,41.309698949572535
Makeili Ika,Utah Tech Trailblazers,41.3040003787878,utahtechtrailblazers,3101,30,-0.3067245555951177,41.3039046202103
ZaNiya Nelson,Eastern Michigan Eagles,41.2962681818182,easternmichiganeagles,2199,14,-0.06421715182798006,41.29623080118921
Diora Ressaissi,La Salle Explorers,41.2931374976473,lasalleexplorers,2325,3,0.21493314091272497,41.29314426796244
Grace Munt,Holy Cross Crusaders,41.2687524327123,holycrosscrusaders,107,22,-0.505160124153813,41.26862085752595
Adriana Arroyo,Eastern Illinois Panthers,41.2643713286713,easternillinoispanthers,2197,20,-0.46568010292818823,41.26424967994794
Danijela Kujovic,Hawai'i Rainbow Wahine,41.2235566534914,hawaiirainbowwahine,62,9,-0.518954747209004,41.223436067532866
Zayla Tinner,Grambling Lady Tigers,41.221984577922,gramblingladytigers,2755,26,-1.1266675637845338,41.221745710906596
Morgan Moseley,East Carolina Pirates,41.2102231060606,eastcarolinapirates,NA,NA,0,41.21020493554001
Lex Therien,Loyola Maryland Greyhounds,41.1980869588745,loyolamarylandgreyhounds,2352,22,-0.505160124153813,41.1979763565711
Emma West,William & Mary Tribe,41.1897225732601,williammarytribe,2729,10,-0.4891651654627686,41.18961717546323
Leah Brooks,Alabama Crimson Tide,41.1830619565218,alabamacrimsontide,333,23,2.220381999275397,41.183137726818956
Sarah Cernugel,Notre Dame Fighting Irish,41.1781308959156,notredamefightingirish,87,2,1.7410828106998104,41.178201380807636
Lexi Sepulveda,Southern Indiana Screaming Eagles,41.1688922702297,southernindianascreamingeagles,88,20,-0.46568010292818823,41.168796374077516
Dacia Lewandowski,Youngstown State Penguins,41.1623625,youngstownstatepenguins,NA,NA,0,41.16234641981066
Jermesha Frierson,Northwestern State Lady Demons,41.1342781565656,northwesternstateladydemons,2466,25,-0.4220080591350636,41.13419741398565
Emma Dasovich,New Mexico State Aggies,41.1034851010101,newmexicostateaggies,166,11,0.1427033440452017,41.10348675071285
Hanna Knoll,Mercer Bears,41.1015842074592,mercerbears,2382,24,-0.4695431161729573,41.10150352144423
Amanda Ajobiewe,Georgetown Hoyas,41.0903181818182,georgetownhoyas,46,4,1.1815976661979184,41.090354974589346
Alayna Kraus,Oral Roberts Golden Eagles,41.0811523809523,oralrobertsgoldeneagles,NA,NA,0,41.08113946669438
Nika Kurdija,Vermont Catamounts,41.0732202898551,vermontcatamounts,261,1,-0.5587271973835142,41.073133965690936
Ariana Perry,South Carolina State Lady Bulldogs,41.0426021103896,southcarolinastateladybulldogs,2569,16,-0.9745622795118004,41.04247277645569
Olivia Medford,High Point Panthers,41.0393931818182,highpointpanthers,2272,6,-1.3272392548610852,41.03922282761921
Quinn Eubank,Belmont Bruins,41.0301758741259,belmontbruins,2057,18,0.3818613853103341,41.03018403924734
Jaida Brooks,UC Irvine Anteaters,41.0299811230436,ucirvineanteaters,300,9,-0.518954747209004,41.02990953039965
Zya Nugent,West Virginia Mountaineers,40.9975890956266,westvirginiamountaineers,277,8,1.627414016520187,40.99762875735973
Janeya Grant,St. John's Red Storm,40.988930681818204,stjohnsredstorm,2599,4,1.1815976661979184,40.98895806773755
Priscila Varela,Idaho State Bengals,40.9821177933178,idahostatebengals,304,5,-0.02468095143188219,40.9821056469308
Jennesse Byrd,South Carolina State Lady Bulldogs,40.9807973484848,southcarolinastateladybulldogs,2569,16,-0.9745622795118004,40.98068984063666
Carla Subirats,UMass Lowell River Hawks,40.9639112012987,umasslowellriverhawks,2349,1,-0.5587271973835142,40.96384882499631
Denika Lightbourne,Dayton Flyers,40.9636306818182,daytonflyers,2168,3,0.21493314091272497,40.96363346106533
Eva Bradshaw,Stetson Hatters,40.9426761363636,stetsonhatters,NA,NA,0,40.942667604775124
Kat Righeimer,Northwestern Wildcats,40.9363718050066,northwesternwildcats,77,7,1.8898677492822935,40.936409148248835
Daria Shelby,Omaha Mavericks,40.9259387241985,omahamavericks,NA,NA,0,40.92593064233469
Katy Wade,Bradley Braves,40.9252589368964,bradleybraves,71,18,0.3818613853103341,40.925264837635794
Laura Molnarova,James Madison Dukes,40.921388155323,jamesmadisondukes,256,27,-0.06224989283771565,40.92137501652366
Emma Arca,Stonehill Skyhawks,40.8967396187146,stonehillskyhawks,284,19,-1.6800381617881592,40.89660581771019
Marta Morales Romero,VCU Rams,40.8850000600849,vcurams,2670,3,0.21493314091272497,40.88500220885902
Paula Reus Piza,Loyola Marymount Lions,40.8785565535914,loyolamarymountlions,2351,29,0.15617675887640683,40.87855761921252
Kassandra Martinez,University of The Southwest Mustangs,40.8752904761905,universityofthesouthwestmustangs,NA,NA,0,40.87528365777278
Keona McGee,Chicago State Cougars,40.8719,chicagostatecougars,2130,19,-1.6800381617881592,40.87177708736431
Naia Tanuvasa,BYU Cougars,40.8673423219896,byucougars,252,8,1.627414016520187,40.867368306002795
Kasey Bretones,Massachusetts Minutewomen,40.8607343073593,massachusettsminutewomen,113,3,0.21493314091272497,40.86073628301094
Olivia Delancy,Florida A&M Rattlers,40.8534958333333,floridaamrattlers,50,26,-1.1266675637845338,40.85341517218834
Ellie Foster,Northern Iowa Panthers,40.8474119565217,northerniowapanthers,2460,18,0.3818613853103341,40.84741648105128
Kennedy Brandt,Rutgers Scarlet Knights,40.8467832768681,rutgersscarletknights,164,7,1.8898677492822935,40.84681083389219
Bre'Aria Cannon,Eastern Kentucky Colonels,40.8250181818182,easternkentuckycolonels,NA,NA,0,40.825012479084464
Cameron Dill,Lamar Cardinals,40.8237536231884,lamarcardinals,2320,25,-0.4220080591350636,40.823722929770945
Shakirah Edwards,Mississippi State Bulldogs,40.8055524868248,mississippistatebulldogs,344,23,2.220381999275397,40.80557618737386
Audrey Chen,Cornell Big Red,40.7928431818181,cornellbigred,172,12,0.1841164774285017,40.79284432472457
TT Hill-Brown,UC Riverside Highlanders,40.7795036231884,ucriversidehighlanders,27,9,-0.518954747209004,40.77947277882205
Malaya LeSueur,Fresno State Bulldogs,40.7761811147186,fresnostatebulldogs,NA,NA,0,40.77617637162256
Jordyn Poole,Purdue Boilermakers,40.7708780483405,purdueboilermakers,2509,7,1.8898677492822935,40.77089880056715
Colbi Maples,Cleveland State Vikings,40.7418,clevelandstatevikings,NA,NA,0,40.74179586317779
Aaliyah Holmes,Morehead State Eagles,40.7135303631151,moreheadstateeagles,2413,20,-0.46568010292818823,40.71350879138048
Nia Young,Charlotte 49ers,40.7105616341991,charlotte49ers,NA,NA,0,40.71055800108935
Ashley Iiams,Drake Bulldogs,40.6823468697969,drakebulldogs,2181,18,0.3818613853103341,40.68234922238948
Kiana Wilson,Southern Jaguars,40.6777819888445,southernjaguars,2582,26,-1.1266675637845338,40.67774176732333
Aja Austin,Ohio Bobcats,40.6764333333334,ohiobobcats,195,14,-0.06421715182798006,40.67642810131515
Mia Hammonds,UTSA Roadrunners,40.670891025641,utsaroadrunners,NA,NA,0,40.670887970679104
Anaisha Carriere,Mississippi State Bulldogs,40.6655613154961,mississippistatebulldogs,344,23,2.220381999275397,40.66557463685556
Meena Tate,Dartmouth Big Green,40.649726242236,dartmouthbiggreen,159,12,0.1841164774285017,40.6497268690139
Maya Bokunewicz,Rice Owls,40.6216783813409,riceowls,NA,NA,0,40.62167595349384
Aina Roque Sucarrats,New Hampshire Wildcats,40.6188094756693,newhampshirewildcats,160,1,-0.5587271973835142,40.61879311106801
Aurore Eyango,St. Bonaventure Bonnies,40.6132157550782,stbonaventurebonnies,179,3,0.21493314091272497,40.61321646515307
Christabel Osarobo,Gonzaga Bulldogs,40.6114023989899,gonzagabulldogs,2250,29,0.15617675887640683,40.611402755792085
Jayda Pinder,Furman Paladins,40.5793196405044,furmanpaladins,231,24,-0.4695431161729573,40.57930805415864
Kendra Hicks,Nevada Wolf Pack,40.5714806818182,nevadawolfpack,NA,NA,0,40.571478798205156
Alonna Poole,James Madison Dukes,40.5647036231884,jamesmadisondukes,256,27,-0.06224989283771565,40.56470062480247
Amiya Jenkins,Pittsburgh Panthers,40.5642261904762,pittsburghpanthers,221,2,1.7410828106998104,40.564233817434335
Satori Griffin,Central Michigan Chippewas,40.5557213203463,centralmichiganchippewas,2117,14,-0.06421715182798006,40.55571842783741
Solangelei Akridge,Alabama State Lady Hornets,40.5519498737374,alabamastateladyhornets,2011,26,-1.1266675637845338,40.55192821954901
Briyanna Sapp,Davis & Elkins Senators,40.5484567999051,daviselkinssenators,NA,NA,0,40.548455135849714
Madison French,Northern Kentucky Norse,40.5410758741259,northernkentuckynorse,NA,NA,0,40.54107427664399
Olivia Anderson,Washington Huskies,40.5373991341991,washingtonhuskies,264,7,1.8898677492822935,40.537406124635616
Jade Blagrove,St. John's Red Storm,40.5258383741258,stjohnsredstorm,2599,4,1.1815976661979184,40.525842444664576
Hailey Long,California Baptist Lancers,40.5158289478637,californiabaptistlancers,2856,30,-0.3067245555951177,40.51582313359966
Amaya Evans,Iona Gaels,40.5008398892774,ionagaels,314,13,-0.7445170244651927,40.50082878243997
Sophia Rampulla,Milwaukee Panthers,40.4990681818182,milwaukeepanthers,NA,NA,0,40.49906692956875
Kaliyah Dillard,San José State Spartans,40.4940748353096,sanjosstatespartans,NA,NA,0,40.494073620422675
Gwendlyn McGrew,North Texas Mean Green,40.4812806818182,northtexasmeangreen,NA,NA,0,40.48127955924232
Ndate Ndiaye,Florida International Panthers,40.480393452381,floridainternationalpanthers,2229,11,0.1427033440452017,40.480393586430004
Nicole Melious,Seton Hall Pirates,40.4680851250199,setonhallpirates,2550,4,1.1815976661979184,40.46808799216867
Emmie Streams,Maine Black Bears,40.4558875,maineblackbears,311,1,-0.5587271973835142,40.45588098278256
Gabbie Grooms,Georgia Tech Yellow Jackets,40.4405931818182,georgiatechyellowjackets,59,2,1.7410828106998104,40.44059680240743
Simone Morris,Robert Morris Colonials,40.4233702898551,robertmorriscolonials,NA,NA,0,40.423369526793095
Maria Andorinho,Saint Peter's Peacocks,40.4109217074592,saintpeterspeacocks,2612,13,-0.7445170244651927,40.41091558669445
Reagan Barkema,Northern Illinois Huskies,40.4070829965928,northernillinoishuskies,2459,14,-0.06421715182798006,40.407081863780924
Taylor Meyners,UT Rio Grande Valley Vaqueros,40.4060338263186,utriograndevalleyvaqueros,292,25,-0.4220080591350636,40.40603018822965
Daria Shishkina,Merrimack Warriors,40.4031050407926,merrimackwarriors,2771,13,-0.7445170244651927,40.40309926383592
Lanae Riley,Akron Zips,40.3949931818182,akronzips,2006,14,-0.06421715182798006,40.394992147277115
Cassandra Hawthorne,Bethune-Cookman Wildcats,40.3944505952381,bethunecookmanwildcats,2065,26,-1.1266675637845338,40.394442722407966
Jemma Amoore,Sacramento State Hornets,40.3910619565217,sacramentostatehornets,16,5,-0.02468095143188219,40.391061200761506
Sydney Roundtree,Air Force Falcons,40.3706648351649,airforcefalcons,NA,NA,0,40.37066432374663
Marissa Hargrave,Air Force Falcons,40.3472767676767,airforcefalcons,NA,NA,0,40.347276347330045
Kaya Weiskopf,Central Connecticut Blue Devils,40.3408306818182,centralconnecticutbluedevils,2115,19,-1.6800381617881592,40.34082343523684
Makayla Minshall,UC Riverside Highlanders,40.3293890151515,ucriversidehighlanders,27,9,-0.518954747209004,40.329386713557945
Karoline Lundin,Wyoming Cowgirls,40.3140381553229,wyomingcowgirls,NA,NA,0,40.31403784474558
Jill Jekot,Penn State Lady Lions,40.3083750804751,pennstateladylions,213,7,1.8898677492822935,40.30837639385576
Rian Forestier,USC Trojans,40.2950440993789,usctrojans,30,7,1.8898677492822935,40.295045249305005
Erin Stack,Western Carolina Catamounts,40.2862765151515,westerncarolinacatamounts,2717,24,-0.4695431161729573,40.286275127113626
Rakisha Ballinger,Jackson State Lady Tigers,40.282203525641,jacksonstateladytigers,2296,26,-1.1266675637845338,40.282200650680515
Brooke Jarvis,Marist Red Foxes,40.2815661519037,maristredfoxes,2368,13,-0.7445170244651927,40.28156418909766
Kellie McConnell,Duquesne Dukes,40.2814305555556,duquesnedukes,2184,3,0.21493314091272497,40.28143062363496
Drew Alexander,Temple Owls,40.2771613154961,templeowls,NA,NA,0,40.27716110218038
Gabby Harris,Santa Clara Broncos,40.2614107660456,santaclarabroncos,2541,29,0.15617675887640683,40.2614107936932
Mackenzie Curtis,Idaho Vandals,40.2388439393939,idahovandals,70,5,-0.02468095143188219,40.238843767859905
Payton Muma,Wyoming Cowgirls,40.2311943806194,wyomingcowgirls,NA,NA,0,40.231194256950374
Aspen Caldwell,Utah Valley Wolverines,40.2268590909091,utahvalleywolverines,3084,30,-0.3067245555951177,40.226858599845656
Esther Rodellar,Sam Houston Bearkats,40.2221496993345,samhoustonbearkats,2534,11,0.1427033440452017,40.222149712505846
Indya Davis,Georgia Lady Bulldogs,40.2209393356644,georgialadybulldogs,61,23,2.220381999275397,40.220939817644194
Emma Larios,High Point Panthers,40.2175824675325,highpointpanthers,2272,6,-1.3272392548610852,40.21758093608939
Arial Ford,New Orleans Privateers,40.2175008741258,neworleansprivateers,2443,25,-0.4220080591350636,40.217500317531744
Shanaii Gamble,Long Island University Sharks,40.2077773809524,longislanduniversitysharks,112358,19,-1.6800381617881592,40.20777574459869
Perina Lieme,Little Rock Trojans,40.2050017916866,littlerocktrojans,2031,20,-0.46568010292818823,40.20500128648804
Anna Eddy,Portland Pilots,40.204377216262,portlandpilots,2501,29,0.15617675887640683,40.20437722945577
Kennedy Klick,Minnesota Golden Gophers,40.2017223183821,minnesotagoldengophers,135,7,1.8898677492822935,40.2017226850425
Miya Giles-Jones,Fordham Rams,40.1959258741259,fordhamrams,2230,3,0.21493314091272497,40.19592589704799
Mecca Alexander,San José State Spartans,40.1955846861472,sanjosstatespartans,NA,NA,0,40.19558461133902
Skyler Volmer,North Dakota Fighting Hawks,40.1800800407925,northdakotafightinghawks,NA,NA,0,40.180079982424644
Filipa Barros,California Baptist Lancers,40.1770475625823,californiabaptistlancers,2856,30,-0.3067245555951177,40.177047329450886
Adrianna Gonzalez,Iona Gaels,40.1699848484848,ionagaels,314,13,-0.7445170244651927,40.16998441779755
Laney Bone,UNC Asheville Bulldogs,40.1640548219896,uncashevillebulldogs,2427,6,-1.3272392548610852,40.164054166421565
Olivia Smith,Ball State Cardinals,40.1560627140975,ballstatecardinals,2050,14,-0.06421715182798006,40.15606265066673
Maryn Archer,Arkansas Razorbacks,40.1534106060606,arkansasrazorbacks,8,23,2.220381999275397,40.15341076714226
Grace John,Sacred Heart Pioneers,40.1378598484848,sacredheartpioneers,2529,13,-0.7445170244651927,40.137859618924224
Nya Bostic,Florida A&M Rattlers,40.1192324217449,floridaamrattlers,50,26,-1.1266675637845338,40.119232205787995
Hailee Brennen,Charleston Southern Buccaneers,40.0934561206909,charlestonsouthernbuccaneers,2127,6,-1.3272392548610852,40.093455999711914
Kristiana Kulackovska,Bowling Green Falcons,40.0757609668109,bowlinggreenfalcons,189,14,-0.06421715182798006,40.07576095956871
Deja Lumsden,Incarnate Word Cardinals,40.0720536231884,incarnatewordcardinals,2916,25,-0.4220080591350636,40.072053603025665
Tasha Lima,UMass Lowell River Hawks,40.0653579545455,umasslowellriverhawks,2349,1,-0.5587271973835142,40.06535793552719
Alex Moses,Canisius Golden Griffins,40.0535392399267,canisiusgoldengriffins,2099,13,-0.7445170244651927,40.05353922650872
Jaidyn Elam,Oakland Golden Grizzlies,40.0407382756132,oaklandgoldengrizzlies,NA,NA,0,40.0407382749398
Leah Mackenzie,North Dakota State Bison,40.0259687747036,northdakotastatebison,NA,NA,0,40.02596877452923
Corniya Clay,Canisius Golden Griffins,40.0124028679654,canisiusgoldengriffins,2099,13,-0.7445170244651927,40.012402867798755
Modesti McConnell,Georgetown Hoyas,39.9939848484848,georgetownhoyas,46,4,1.1815976661979184,39.9939848484848
Favor Ayodele,Tennessee Lady Volunteers,39.9936416666667,tennesseeladyvolunteers,2633,23,2.220381999275397,39.9936416666667
McKenna Rife,Marist Red Foxes,39.9882227873576,maristredfoxes,2368,13,-0.7445170244651927,39.9882227873576
Marina Hernandez,San Francisco Dons,39.982311198946,sanfranciscodons,2539,29,0.15617675887640683,39.982311198946
Carlota Gomez,Abilene Christian Wildcats,39.9806416666666,abilenechristianwildcats,2000,30,-0.3067245555951177,39.9806416666666
Maddie Pounds,Hofstra Pride,39.9556863095238,hofstrapride,2275,10,-0.4891651654627686,39.9556863095238
Alexis Black,VCU Rams,39.9548024771123,vcurams,2670,3,0.21493314091272497,39.9548024771123
Mar Vidal,Omaha Mavericks,39.9477682419432,omahamavericks,NA,NA,0,39.9477682419432
Chariot Johnson,Bethune-Cookman Wildcats,39.9468015151515,bethunecookmanwildcats,2065,26,-1.1266675637845338,39.9468015151515
Sydnee Eggleton,Seton Hall Pirates,39.9462662337662,setonhallpirates,2550,4,1.1815976661979184,39.9462662337662
Cia Eklof,Rhode Island Rams,39.9210306818182,rhodeislandrams,227,3,0.21493314091272497,39.9210306818182
Nevaeh Wingate,St. John's Red Storm,39.8951702898551,stjohnsredstorm,2599,4,1.1815976661979184,39.8951702898551
Macy Wike,South Carolina Upstate Spartans,39.8678493589743,southcarolinaupstatespartans,2908,6,-1.3272392548610852,39.8678493589743
RyAnne Walters,Louisiana Ragin' Cajuns,39.8629770122993,louisianaragincajuns,309,27,-0.06224989283771565,39.8629770122993
Madelyn Geers,Purdue Fort Wayne Mastodons,39.8578377140975,purduefortwaynemastodons,NA,NA,0,39.8578377140975
Zenia Palaska,Mercer Bears,39.8378800407925,mercerbears,2382,24,-0.4695431161729573,39.8378800407925
Ella Hopkins,Gonzaga Bulldogs,39.8220143457992,gonzagabulldogs,2250,29,0.15617675887640683,39.8220143457992
Laia Oliva,Northwestern State Lady Demons,39.8139521547896,northwesternstateladydemons,2466,25,-0.4220080591350636,39.8139521547896
Ayen Angoi,Hofstra Pride,39.7965619565217,hofstrapride,2275,10,-0.4891651654627686,39.7965619565217
Kimora Jenkins,East Carolina Pirates,39.7936464886562,eastcarolinapirates,NA,NA,0,39.7936464886562
Maca Retamales,Florida Gulf Coast Eagles,39.7899272727272,floridagulfcoasteagles,NA,NA,0,39.7899272727272
Gemma Walker,St. Francis (PA) Red Flash,39.7850385780886,stfrancisparedflash,2598,19,-1.6800381617881592,39.7850385780886
Luisa Anderegg,Pacific Tigers,39.7748549062049,pacifictigers,279,29,0.15617675887640683,39.7748549062049
Aina Subirats,Florida A&M Rattlers,39.7526376262626,floridaamrattlers,50,26,-1.1266675637845338,39.7526376262626
Gabriela Bendeck-Giron,Kennesaw State Owls,39.7413113154961,kennesawstateowls,338,11,0.1427033440452017,39.7413113154961
Destinee Wells,Tennessee Lady Volunteers,39.7402000600849,tennesseeladyvolunteers,2633,23,2.220381999275397,39.7402000600849
Mariam Traore,Arkansas-Pine Bluff Golden Lions,39.7387175407925,arkansaspinebluffgoldenlions,2029,26,-1.1266675637845338,39.7387175407925
Lea-line Romain,Eastern Washington Eagles,39.7014113154961,easternwashingtoneagles,331,5,-0.02468095143188219,39.7014113154961
Makaela Quimby,Wake Forest Demon Deacons,39.6958696488295,wakeforestdemondeacons,154,2,1.7410828106998104,39.6958696488295
Alyssa Lewis,Queens University Royals,39.6954127247752,queensuniversityroyals,NA,NA,0,39.6954127247752
Adout Ring,Presbyterian Blue Hose,39.6751383454106,presbyterianbluehose,2506,6,-1.3272392548610852,39.6751383454106
McKayla Miller,Tulsa Golden Hurricane,39.6637166666667,tulsagoldenhurricane,NA,NA,0,39.6637166666667
Kaylynn Janes,Northern Iowa Panthers,39.6575730963481,northerniowapanthers,2460,18,0.3818613853103341,39.6575730963481
Adriana Blazquez,Murray State Racers,39.6573274327122,murraystateracers,93,18,0.3818613853103341,39.6573274327122
Louann Battiston,Duke Blue Devils,39.6420005928853,dukebluedevils,150,2,1.7410828106998104,39.6420005928853
Asjha Leake,UL Monroe Warhawks,39.6300515151515,ulmonroewarhawks,2433,27,-0.06224989283771565,39.6300515151515
Sophie Singleton,UT Martin Skyhawks,39.6190779821628,utmartinskyhawks,2630,20,-0.46568010292818823,39.6190779821628
Gracie Grzesk,Wisconsin Badgers,39.6172226708074,wisconsinbadgers,275,7,1.8898677492822935,39.6172226708074
Bella Hasan,Southern Utah Thunderbirds,39.5980476731602,southernutahthunderbirds,253,30,-0.3067245555951177,39.5980476731602
Idan Shlush,Maine Black Bears,39.5893343313691,maineblackbears,311,1,-0.5587271973835142,39.5893343313691
Caiside Snapp,Mississippi Valley State Devilettes,39.5793143457992,mississippivalleystatedevilettes,2400,26,-1.1266675637845338,39.5793143457992
Ava Smith,Utah State Aggies,39.5739722041847,utahstateaggies,NA,NA,0,39.5739722041847
Reagan Bender,Louisville Cardinals,39.5661566534914,louisvillecardinals,97,2,1.7410828106998104,39.5661566534914
Kendall Braden,Toledo Rockets,39.5627904040404,toledorockets,2649,14,-0.06421715182798006,39.5627904040404
Nahndi Smith,North Carolina A&T Aggies,39.5580036255411,northcarolinaataggies,2448,10,-0.4891651654627686,39.5580036255411
Olivia Ziolkowski,Marshall Thundering Herd,39.5494877140975,marshallthunderingherd,276,27,-0.06224989283771565,39.5494877140975
Justina Hernandez,Milwaukee Panthers,39.5360390151515,milwaukeepanthers,NA,NA,0,39.5360390151515
Lucija Milkovic,Missouri Tigers,39.5237476791325,missouritigers,142,23,2.220381999275397,39.5237476791325
Noah Garcia,New Mexico State Aggies,39.4639598484848,newmexicostateaggies,166,11,0.1427033440452017,39.4639598484848
Ioanna Stefanaki,Mercer Bears,39.4536640234765,mercerbears,2382,24,-0.4695431161729573,39.4536640234765
Kailyn Peters,Nicholls Colonels,39.4512247738372,nichollscolonels,2447,25,-0.4220080591350636,39.4512247738372
Nicole Benini,Seattle U Redhawks,39.450659178744,seattleuredhawks,2547,30,-0.3067245555951177,39.450659178744
Lexi Kerstein,Vermont Catamounts,39.4472833934182,vermontcatamounts,261,1,-0.5587271973835142,39.4472833934182
Jennah Johnson,UMass Lowell River Hawks,39.4407619565217,umasslowellriverhawks,2349,1,-0.5587271973835142,39.4407619565217
Sophia Kelly,Mercyhurst Lakers,39.420984032634,mercyhurstlakers,2385,19,-1.6800381617881592,39.420984032634
Aislinn Gibson,William & Mary Tribe,39.4062952898551,williammarytribe,2729,10,-0.4891651654627686,39.4062952898551
Kaylee Van Eps,Lehigh Mountain Hawks,39.3854128306476,lehighmountainhawks,2329,22,-0.505160124153813,39.3854128306476
Kadidia Toure,Arizona State Sun Devils,39.3450108825957,arizonastatesundevils,9,8,1.627414016520187,39.3450108825957
Cristina Gil Abad,Stetson Hatters,39.3427011183261,stetsonhatters,NA,NA,0,39.3427011183261
Oralye Kiefer,Northeastern Huskies,39.3221476791325,northeasternhuskies,111,10,-0.4891651654627686,39.3221476791325
Adaora Nwokeji,Princeton Tigers,39.3146499518598,princetontigers,163,12,0.1841164774285017,39.3146499518598
Lucia Navarro,Oregon State Beavers,39.2930875059723,oregonstatebeavers,204,29,0.15617675887640683,39.2930875059723
Elizabeth Gentry,Creighton Bluejays,39.2116515151515,creightonbluejays,156,4,1.1815976661979184,39.2116515151515
Londyn Oliphant,Missouri Tigers,39.2103370009218,missouritigers,142,23,2.220381999275397,39.2103370009218
Tara Green,South Alabama Jaguars,39.1587634716733,southalabamajaguars,6,27,-0.06224989283771565,39.1587634716733
Capria Brown,Eastern Kentucky Colonels,39.1299881553229,easternkentuckycolonels,NA,NA,0,39.1299881553229
Morgan Blackford,Navy Midshipmen,39.1208148351648,navymidshipmen,2426,22,-0.505160124153813,39.1208148351648
Arshiya Ranjitkar,UC Santa Barbara Gauchos,39.1186842952941,ucsantabarbaragauchos,2540,9,-0.518954747209004,39.1186842952941
Ava Sawi,Radford Highlanders,39.0987457310805,radfordhighlanders,2515,6,-1.3272392548610852,39.0987457310805
Adalyn Koelling,Murray State Racers,39.0880181818182,murraystateracers,93,18,0.3818613853103341,39.0880181818182
Mariam Coulibaly,Bradley Braves,39.0856917184265,bradleybraves,71,18,0.3818613853103341,39.0856917184265
Kimora Daly,Morgan State Lady Bears,39.0820618589744,morganstateladybears,2415,16,-0.9745622795118004,39.0820618589744
Kamryn Grant,Dayton Flyers,39.0806869565217,daytonflyers,2168,3,0.21493314091272497,39.0806869565217
Cydney Curtis,Delaware State Hornets,39.0526822594073,delawarestatehornets,2169,16,-0.9745622795118004,39.0526822594073
Emily Eadie,Princeton Tigers,39.0467995670996,princetontigers,163,12,0.1841164774285017,39.0467995670996
Eliana Sheplee,Northern Iowa Panthers,39.0349551383399,northerniowapanthers,2460,18,0.3818613853103341,39.0349551383399
Stavi Papadaki,Stanford Cardinal,39.0256437747035,stanfordcardinal,24,2,1.7410828106998104,39.0256437747035
Stephanie Mosley,Norfolk State Spartans,38.9972616300366,norfolkstatespartans,2450,16,-0.9745622795118004,38.9972616300366
Tiani Abrams,Hampton Lady Pirates,38.9666812853813,hamptonladypirates,2261,10,-0.4891651654627686,38.9666812853813
Sydney Piekny,North Dakota Fighting Hawks,38.9468754773005,northdakotafightinghawks,NA,NA,0,38.9468754773005
Kyraha Parnell,George Washington Revolutionaries,38.9373473484848,georgewashingtonrevolutionaries,45,3,0.21493314091272497,38.9373473484848
Jenna Hampton,Morehead State Eagles,38.9297566534914,moreheadstateeagles,2413,20,-0.46568010292818823,38.9297566534914
Aminata Hernandez,Loyola Maryland Greyhounds,38.9079917832168,loyolamarylandgreyhounds,2352,22,-0.505160124153813,38.9079917832168
Gabrielle Sweeney,Bryant Bulldogs,38.9029415019763,bryantbulldogs,2803,1,-0.5587271973835142,38.9029415019763
Zoey Washington,St. Thomas-Minnesota Tommies,38.8541984848484,stthomasminnesotatommies,NA,NA,0,38.8541984848484
Sahana Kanagasabay,UC Davis Aggies,38.8512988513319,ucdavisaggies,302,9,-0.518954747209004,38.8512988513319
Sandrine Clesca,Monmouth Hawks,38.8175316738817,monmouthhawks,2405,10,-0.4891651654627686,38.8175316738817
Bird Martin,Texas Tech Lady Raiders,38.7734094756693,texastechladyraiders,2641,8,1.627414016520187,38.7734094756693
Amari Smith,Norfolk State Spartans,38.7715655362753,norfolkstatespartans,2450,16,-0.9745622795118004,38.7715655362753
Skye Miller,Northwestern State Lady Demons,38.7627399868248,northwesternstateladydemons,2466,25,-0.4220080591350636,38.7627399868248
Erin Tack,Arizona Wildcats,38.7522254412254,arizonawildcats,12,8,1.627414016520187,38.7522254412254
Azailah Funches,Oral Roberts Golden Eagles,38.726141991342,oralrobertsgoldeneagles,NA,NA,0,38.726141991342
Kierra Middleton,Tulane Green Wave,38.7219305555556,tulanegreenwave,NA,NA,0,38.7219305555556
Ariana Peagler,Southern Illinois Salukis,38.6772990162615,southernillinoissalukis,79,18,0.3818613853103341,38.6772990162615
Kaitlyn Elsholz,Grand Canyon Lopes,38.671495959596,grandcanyonlopes,2253,30,-0.3067245555951177,38.671495959596
Kionna Gaines,Kennesaw State Owls,38.6121257215007,kennesawstateowls,338,11,0.1427033440452017,38.6121257215007
LeAire Nicks,George Mason Patriots,38.5639181818181,georgemasonpatriots,2244,3,0.21493314091272497,38.5639181818181
Mary Bolesky,American University Eagles,38.5617674242424,americanuniversityeagles,44,22,-0.505160124153813,38.5617674242424
Emma Soldis,Liberty Flames,38.5531957310805,libertyflames,2335,11,0.1427033440452017,38.5531957310805
Alexis Stewart,Monmouth Hawks,38.5409989357864,monmouthhawks,2405,10,-0.4891651654627686,38.5409989357864
Linsey Lovrovich,Boise State Broncos,38.4993114357864,boisestatebroncos,NA,NA,0,38.4993114357864
Monique Judge,Florida A&M Rattlers,38.4609082851931,floridaamrattlers,50,26,-1.1266675637845338,38.4609082851931
Brooke Hollawell,Dartmouth Big Green,38.424580473693,dartmouthbiggreen,159,12,0.1841164774285017,38.424580473693
Macy Hanzlick,Denver Pioneers,38.3917582851931,denverpioneers,NA,NA,0,38.3917582851931
Samira Khalil,Elon Phoenix,38.3898919871795,elonphoenix,2210,10,-0.4891651654627686,38.3898919871795
Aaliyah Davis,UTEP Miners,38.3491083333333,utepminers,2638,11,0.1427033440452017,38.3491083333333
Sofia Decierdo,St. Francis (IL) Fighting Saints,38.3452866485366,stfrancisilfightingsaints,NA,NA,0,38.3452866485366
Lexi Bugajski,Wright State Raiders,38.3407363154961,wrightstateraiders,NA,NA,0,38.3407363154961
Ashlee Shaw,Elon Phoenix,38.3276851250199,elonphoenix,2210,10,-0.4891651654627686,38.3276851250199
Irene Garcia,La Salle Explorers,38.2924536231884,lasalleexplorers,2325,3,0.21493314091272497,38.2924536231884
Mauryah Jones,UT Martin Skyhawks,38.2769973484848,utmartinskyhawks,2630,20,-0.46568010292818823,38.2769973484848
Angelina Banas,NJIT Highlanders,38.2056446488294,njithighlanders,2885,1,-0.5587271973835142,38.2056446488294
Haley Wright,Long Beach State Beach,38.1704306818182,longbeachstatebeach,299,9,-0.518954747209004,38.1704306818182
Sasha Murphy,Saint Mary's Gaels,38.0504376262626,saintmarysgaels,2608,29,0.15617675887640683,38.0504376262626
Alyssa Green,Bethune-Cookman Wildcats,37.9638348484848,bethunecookmanwildcats,2065,26,-1.1266675637845338,37.9638348484848
Alyssa Costigan,Manhattan Jaspers,37.9391249518597,manhattanjaspers,2363,13,-0.7445170244651927,37.9391249518597
Fatumata Djalo,Ole Miss Rebels,37.9243583333333,olemissrebels,145,23,2.220381999275397,37.9243583333333
Amelia Raidaveta,Nevada Wolf Pack,37.9113354395605,nevadawolfpack,NA,NA,0,37.9113354395605
Emani Wofford,Alabama State Lady Hornets,37.9010183501684,alabamastateladyhornets,2011,26,-1.1266675637845338,37.9010183501684
Brenna Perez,Incarnate Word Cardinals,37.9001345321345,incarnatewordcardinals,2916,25,-0.4220080591350636,37.9001345321345
Louise Dykstra,Northern Colorado Bears,37.8937116341991,northerncoloradobears,2458,5,-0.02468095143188219,37.8937116341991
Milaan Moore,Alcorn State Lady Braves,37.8026440993789,alcornstateladybraves,2016,26,-1.1266675637845338,37.8026440993789
Desirae Ashton,Bucknell Bison,37.8024303631151,bucknellbison,2083,22,-0.505160124153813,37.8024303631151
Tamera Maple,Delaware State Hornets,37.76809496337,delawarestatehornets,2169,16,-0.9745622795118004,37.76809496337
Natalie Jasper,Boston University Terriers,37.764219047619,bostonuniversityterriers,104,22,-0.505160124153813,37.764219047619
Kirstine Munk,Portland State Vikings,37.6981229395604,portlandstatevikings,2502,5,-0.02468095143188219,37.6981229395604
Lilly Amor,San Diego Toreros,37.1488223484848,sandiegotoreros,301,29,0.15617675887640683,37.1488223484848
Candela Sabater Sanchez,Maryland Eastern Shore Hawks,37.1268882575758,marylandeasternshorehawks,2379,16,-0.9745622795118004,37.1268882575758
Vanessa Wright,Viterbo V-Hawks,37.041658982684,viterbovhawks,NA,NA,0,37.041658982684
Erica Carr,San Diego Toreros,37.0314070707071,sandiegotoreros,301,29,0.15617675887640683,37.0314070707071
Jayda Bowen,Alcorn State Lady Braves,36.9928310124658,alcornstateladybraves,2016,26,-1.1266675637845338,36.9928310124658
Marta Jaama,Columbia Lions,36.9503295454546,columbialions,171,12,0.1841164774285017,36.9503295454546
Claire Fraser,Northern Colorado Bears,36.8473637043512,northerncoloradobears,2458,5,-0.02468095143188219,36.8473637043512
Miriam Vilafranca,Texas A&M-Corpus Christi Islanders,36.6213657967033,texasamcorpuschristiislanders,357,25,-0.4220080591350636,36.6213657967033
Asha Parker,Northeastern Huskies,36.1799021062271,northeasternhuskies,111,10,-0.4891651654627686,36.1799021062271
Kiara Smith,Lindenwood Lions,35.9067003787879,lindenwoodlions,2815,20,-0.46568010292818823,35.9067003787879
Jenessa Cotton,Duke Blue Devils,35.5783662337662,dukebluedevils,150,2,1.7410828106998104,35.5783662337662
