"Name","School","Rating"
"Paige Bueckers","UConn Huskies",78.0412739041057
"Katie Dinnebier","Drake Bulldogs",77.9201859004937
"Ally Becki","Ball State Cardinals",77.3271003689819
"Serena Sundell","Kansas State Wildcats",76.5566466755842
"Sarah Strong","UConn Huskies",76.216969750758
"Megan McConnell","Duquesne Dukes",76.2122521806629
"Georgia Amoore","Kentucky Wildcats",76.1421545704849
"Olivia Miles","Notre Dame Fighting Irish",75.9553709669498
"Kymora Johnson","Virginia Cavaliers",75.7199305217261
"Payton Verhulst","Oklahoma Sooners",75.3555852869623
"Emily Ryan","Iowa State Cyclones",75.2944356792816
"Kiki Rice","UCLA Bruins",75.179054196168
"Harmoni Turner","Harvard Crimson",75.1274060612737
"Lacy Stokes","Missouri State Lady Bears",75.0751176640519
"Tonie Morgan","Georgia Tech Yellow Jackets",75.0492354322748
"Hailey Van Lith","TCU Horned Frogs",75.0193624998206
"Haven Ford","Murray State Racers",74.8626801209067
"O'Mariah Gordon","Florida State Seminoles",74.817025661683
"Paula Suarez","George Mason Patriots",74.6812914818433
"Ta'Niya Latson","Florida State Seminoles",74.6755518626108
"Kitty Henderson","Columbia Lions",74.65802736652
"Diamond Johnson","Norfolk State Spartans",74.6062098996857
"Grace Larkins","South Dakota Coyotes",74.4511143756502
"Kelsie Siegner","Eastern Oregon Mountaineers",74.4213563550844
"Trinity San Antonio","Grand Canyon Lopes",74.4124632057878
"Emilia Long","Alaska Anchorage Seawolves",74.3762818823687
"Addy Brown","Iowa State Cyclones",74.3003552240399
"Jada Walker","Baylor Bears",74.2665328449549
"Josie Gilvin","Western Kentucky Lady Toppers",74.1227171307587
"Ny'Ceara Pryor","Sacred Heart Pioneers",73.9084926255688
"Jayden Marable","Coastal Carolina Chanticleers",73.8177119345525
"Saniya Rivers","NC State Wolfpack",73.7422496307306
"Katelyn Young","Murray State Racers",73.6803709065798
"Makyra Tramble","Oral Roberts Golden Eagles",73.6795848326892
"Cecelia Collins","Columbia Lions",73.650759393146
"Taylor Barbot","Charleston Cougars",73.6360479361841
"Alexis Mead","Western Kentucky Lady Toppers",73.6335540574108
"Maya McDermott","Northern Iowa Panthers",73.5043228649372
"Kiara Jackson","UNLV Lady Rebels",73.472531124225
"Noelani Cornfield","Buffalo Bulls",73.3619494473893
"Sarah Andrews","Baylor Bears",73.3265804467866
"Jessica Bollwahn","Regis (CO) Rangers",73.1942989121046
"Sara Guerreiro","Cleveland State Vikings",73.116012272727
"Jaelyn Glenn","Kansas State Wildcats",73.1001463006351
"Avery Brittingham","UT Arlington Mavericks",73.0729840097812
"Samara Spencer","Tennessee Lady Volunteers",73.0715384735728
"Chloe Moore-McNeil","Indiana Hoosiers",73.0262323982687
"Isabel Grimes","Montevallo Falcons",72.8819003998442
"Emilee Hope","Oakland City Mighty Oaks",72.8225395943643
"Hannah Hidalgo","Notre Dame Fighting Irish",72.7702241255122
"Ashlyn Traylor-Walker","Stephen F. Austin Ladyjacks",72.7384604832379
"JuJu Watkins","USC Trojans",72.7239635961536
"Zoe Brooks","NC State Wolfpack",72.6205177198035
"Melannie Daley","Northwestern Wildcats",72.6132092323259
"En'Dya Buford","Old Dominion Monarchs",72.5642981298988
"Lauren Jensen","Creighton Bluejays",72.5390367614117
"Peyton Carter","Tennessee Tech Golden Eagles",72.5167316432101
"Alexis Mark","Portland Pilots",72.5022358967142
"Jordan Harrison","West Virginia Mountaineers",72.446273468841
"Laura Ziegler","Saint Joseph's Hawks",72.4273337003711
"Lucy Olsen","Iowa Hawkeyes",72.3992567040044
"Rori Harmon","Texas Longhorns",72.3329382038651
"Kaitlyn Flanagan","Holy Cross Crusaders",72.3301809383609
"Liv McGill","Florida Gators",72.3037207216424
"Maggie Doogan","Richmond Spiders",72.2958811657262
"Sonia Citron","Notre Dame Fighting Irish",72.2135629055465
"Madison Scott","Ole Miss Rebels",72.1796143335339
"Zaay Green","Alabama Crimson Tide",72.1705339076911
"Haley Cavinder","Miami Hurricanes",71.9678473026595
"Addie Budnik","Richmond Spiders",71.9494487714996
"Paige Meyer","South Dakota State Jackrabbits",71.9408460289233
"Kaety L'Amoreaux","Fairfield Stags",71.8513003384898
"Kirsten Lewis-Williams","Buffalo Bulls",71.8438613168877
"Sabria Dean","Lamar Cardinals",71.8074278248613
"Anaya James","Pacific Tigers",71.7824147596592
"Emma Ronsiek","Colorado State Rams",71.7492917940852
"Kate Novik","Morehead State Eagles",71.7421408087176
"Derrica McCall","Shorter Hawks",71.7378438892035
"Sedona Prince","TCU Horned Frogs",71.7373444021334
"Anaiyah Tu'ua","California Baptist Lancers",71.6974222770179
"Malene Pedersen","Wyoming Cowgirls",71.6963888937524
"Anna Foley","Quinnipiac Bobcats",71.6694930409435
"Tara Wallack","Washington State Cougars",71.6694913579497
"Makayla Timpson","Florida State Seminoles",71.6471385587946
"Naudia Evans","Loyola Marymount Lions",71.5525918160631
"Hannah Spainhour","Emory & Henry Wasps",71.5109467688055
"Te-Hina Paopao","South Carolina Gamecocks",71.5089343272555
"Anhelica Shanrock","Dickinson State (ND) Blue Hawks",71.4832579201552
"Angel Jones","Coppin State Eagles",71.3924106153175
"Jasmine Bascoe","Villanova Wildcats",71.3577091522355
"Bella Earle","Abilene Christian Wildcats",71.3389132114725
"Lachelle Austin","Ball State Cardinals",71.3130005653294
"Mya Blake","Northwestern State Lady Demons",71.2511917291424
"Tori McKinney","Minnesota Golden Gophers",71.2435453266088
"Ali Saunders","Southern Indiana Screaming Eagles",71.2264904644942
"Amaya Battle","Minnesota Golden Gophers",71.225603462999
"Yvonne Ejim","Gonzaga Bulldogs",71.06603757728
"Amy Velasco","Bowling Green Falcons",71.0363997680802
"Emme Shearer","Portland Pilots",71.0089088550371
"Koi Love","UT Arlington Mavericks",70.9835481517088
"Sarah Ashlee Barker","Alabama Crimson Tide",70.9689317390438
"Paige Kohler","Bowling Green Falcons",70.9672093876824
"Nitzan Amar","Manhattan Jaspers",70.9651719865615
"Serah Williams","Wisconsin Badgers",70.9480317621783
"Tate Walters","Furman Paladins",70.9102572954206
"Ashley Hawkins","Gardner-Webb Runnin' Bulldogs",70.8941445106072
"Grace Grocholski","Minnesota Golden Gophers",70.8532095535559
"Meghan Andersen","Fairfield Stags",70.8462672359937
"Jordyn Dorsey","North Carolina A&T Aggies",70.8134696655406
"Tuti Jones","Belmont Bruins",70.8048091129436
"Gianna Kneepkens","Utah Utes",70.8026777135942
"Dalayah Daniels","Washington Huskies",70.726380961918
"Peyton McDaniel","James Madison Dukes",70.7261064825768
"Jorie Allen","DePaul Blue Demons",70.7021029574149
"S'Mya Nichols","Kansas Jayhawks",70.6974858589297
"Alice Recanati","Eastern Kentucky Colonels",70.6876743620701
"Madison Booker","Texas Longhorns",70.6594415986653
"Sayvia Sellers","Washington Huskies",70.6526643227032
"Zanai Barnett-Gay","Navy Midshipmen",70.6161958266364
"Khamil Pierre","Vanderbilt Commodores",70.6082835030417
"Bella Vinson","Lipscomb Bisons",70.5981548889259
"Mikaylah Williams","LSU Tigers",70.5490032565909
"Leah Earnest","Valparaiso Beacons",70.5371331840431
"Lili Wilken","Alabama-Huntsville Chargers",70.5336899568777
"Ber'Nyah Mayo","St. John's Red Storm",70.514622428751
"Mikayla Blakes","Vanderbilt Commodores",70.4941134037693
"Kylie Horstmeyer","San Diego Toreros",70.4799256182184
"Emani Jefferson","Florida Gulf Coast Eagles",70.4707209629184
"Zahirah Walton","George Mason Patriots",70.4392336303664
"Tiarra Brown","Grand Canyon Lopes",70.4020307531018
"Ashtyn Barrett","Alice Lloyd College Eagles",70.3878194883166
"Liz Smith","Pacific Tigers",70.3266561688414
"Sira Thienou","Ole Miss Rebels",70.3077308008386
"Kierra Wheeler","Norfolk State Spartans",70.2794970976091
"Clara Strack","Kentucky Wildcats",70.2519296020483
"Aneesah Morrow","LSU Tigers",70.2457028415985
"Gal Raviv","Quinnipiac Bobcats",70.2285628752205
"Jade Hill","St. Thomas-Minnesota Tommies",70.2198331814557
"Amarachi Kimpson","UNLV Lady Rebels",70.1885205453169
"Yarden Garzon","Indiana Hoosiers",70.1704440603199
"Britt Prince","Nebraska Cornhuskers",70.1331629810891
"Avery Koenen","North Dakota State Bison",70.1022027244315
"Kayla Cooper","UAlbany Great Danes",70.1005223623205
"Jenna Batsch","Kent State Golden Flashes",70.0689412018727
"Amellia Bromenschenkel","Purdue Fort Wayne Mastodons",70.0570429482186
"Lauren Sansano","Texas Lutheran Bulldogs",69.9475774136749
"Macy McGlone","Eastern Illinois Panthers",69.926833699766
"Sophie Glancey","Northern Arizona Lumberjacks",69.9197194467784
"Meghan Mayotte","Ohio Dominican Panthers",69.910181142731
"Delaney Gibb","BYU Cougars",69.8850439116852
"Aziaha James","NC State Wolfpack",69.8516759507635
"Caia Elisaldez","Chattanooga Mocs",69.8458790043587
"Ashley Sofilkanich","Bucknell Bison",69.8453154105666
"Grace Arnolie","Brown Bears",69.7912446338985
"Chellia Watson","Buffalo Bulls",69.7678726237045
"Elise Williams","Wake Forest Demon Deacons",69.7664843685299
"Esmeralda Morales","Montana State Bobcats",69.7505112041809
"Aylasia Fantroy","Texas Southern Tigers",69.7354891458315
"Briana Marquez","Northern New Mexico Eagles",69.6844731317982
"Emily Mellema","Wyoming Cowgirls",69.6822757318141
"Brooke Paquette","Stonehill Skyhawks",69.6722353307314
"Adalia McKenzie","Illinois Fighting Illini",69.6626858288666
"Trinity Moore","Stephen F. Austin Ladyjacks",69.661894031053
"Fatmata Janneh","Saint Peter's Peacocks",69.6617771209081
"Taylor Feldman","Northern Arizona Lumberjacks",69.6515775185251
"Anna Miller","Drake Bulldogs",69.6027637063561
"Alasia Smith","Memphis Tigers",69.5750487024725
"Sydney Freeman","Purdue Fort Wayne Mastodons",69.5523400322127
"Nevaeh Thomas","Illinois State Redbirds",69.5477500608441
"Liatu King","Notre Dame Fighting Irish",69.5358087784251
"Molly Mogensen","Creighton Bluejays",69.5257325395401
"Ta'Mia Scott","Middle Tennessee Blue Raiders",69.5200748542593
"Ronnie Porter","Wisconsin Badgers",69.504131579661
"Kayla Presley","Texas Lutheran Bulldogs",69.4910805647232
"Emma Smith","Denver Pioneers",69.4706997933822
"Mia Nicastro","Western Illinois Leathernecks",69.4512482195966
"Madison Conner","TCU Horned Frogs",69.4441933823302
"Jerkaila Jordan","Mississippi State Bulldogs",69.4166437486324
"Allyson Fertig","Wyoming Cowgirls",69.4120886556267
"Jackie Grisdale","Quinnipiac Bobcats",69.3981378816753
"Ava Learn","Murray State Racers",69.3970737066204
"Benthe Versteeg","Sacramento State Hornets",69.3867662961126
"Flau'jae Johnson","LSU Tigers",69.3583629051308
"Hannah Stines","Washington Huskies",69.3438444581251
"Ryley Goebel","Northern Iowa Panthers",69.3298297754628
"Molly Heard","Lipscomb Bisons",69.3289691780399
"Maya Hernandez","Loyola Marymount Lions",69.2838172116335
"Nina De Leon Negron","UTSA Roadrunners",69.2729079493278
"Kelsey Ransom","Georgetown Hoyas",69.2683501110687
"Megan Olbrys","Massachusetts Minutewomen",69.2682646342261
"Maddie Albrecht","Lehigh Mountain Hawks",69.2525695609601
"Destiny Brown","Alcorn State Lady Braves",69.2423585892814
"Stailee Heard","Oklahoma State Cowgirls",69.2374376696414
"Katie Collins","Pennsylvania Quakers",69.200631962967
"Talaysia Cooper","Tennessee Lady Volunteers",69.1991853686453
"Chloe Hodges","Drexel Dragons",69.1645132428236
"Hannah Ronsiek","Colorado State Rams",69.1544604023987
"Jaloni Cambridge","Ohio State Buckeyes",69.1473447206417
"Kendall Bostic","Illinois Fighting Illini",69.1457427774837
"Camryn Tade","Army Black Knights",69.1415969707185
"Chloe Clardy","Stanford Cardinal",69.1211529657602
"Amber Tretter","Miami (OH) RedHawks",69.1143421232536
"Chelby Koker","Northern Illinois Huskies",69.1125146273992
"Gemma Nunez","Campbell Fighting Camels",69.0989013229881
"Halle Vice","Marquette Golden Eagles",69.0922473392754
"Asia Avinger","Georgia Lady Bulldogs",69.0829530393554
"Hope Hassmann","Idaho Vandals",69.0668710635072
"Zyanna Walker","Kansas State Wildcats",69.0611106486556
"Karly Weathers","Alabama Crimson Tide",69.0538667635864
"Amelia Hassett","Kentucky Wildcats",69.0329966660042
"DeYona Gaston","Auburn Tigers",69.029836035252
"Abby Antognoli","Lafayette Leopards",69.0102927299675
"Lexi Donarski","North Carolina Tar Heels",69.0005544248982
"Saniah Parker","Tennessee State Lady Tigers",68.9917885089797
"Kennedy Johnson","Saint Mary's Gaels",68.9875728489345
"Mihjae Hayes","Virginia St Trojans",68.9796931368926
"JJ Quinerly","West Virginia Mountaineers",68.9720929567853
"Jada Burton","Western Carolina Catamounts",68.9618896352367
"Elena Bosgana","Stanford Cardinal",68.9540997209529
"Charity Gallegos","North Alabama Lions",68.9440326212588
"Shawntenna Tillman","Coker Cobras",68.9312240542268
"Teonni Key","Kentucky Wildcats",68.9024780334076
"Saniyah King","Howard Bison",68.876215209924
"Julia Ayrault","Michigan State Spartans",68.8731062349534
"Khadija Faye","Pittsburgh Panthers",68.8698910117482
"Crystal Henderson","Georgia State Panthers",68.8643720339287
"Skylar Forbes","Marquette Golden Eagles",68.8608454611402
"Emilee Weakley","Frostburg State Bobcats",68.8409887145222
"Laila Lawrence","Coppin State Eagles",68.8382398202936
"Ruby Santos","Saint Michael's Purple Knights",68.8094933776598
"Izzy Higginbottom","Arkansas Razorbacks",68.7934173943403
"Abrie Cabana","Grand Valley State Lakers",68.790907310747
"Angelina Dimarsico","Dominican (NY) Chargers",68.7845118870126
"Jayda McNabb","Air Force Falcons",68.7706272742718
"Bella Vito","Vermont Catamounts",68.7639246289957
"Stefanie Ingram","Florida Atlantic Owls",68.7351447561974
"Brooke Coffey","Lindenwood Lions",68.698208913568
"Deja Kelly","Oregon Ducks",68.6897472036768
"Vanessa Shafford","Southern Indiana Screaming Eagles",68.6833491985737
"Genesis Bryant","Illinois Fighting Illini",68.6699538275742
"Amari Whiting","BYU Cougars",68.6691802232332
"Carys Baker","Virginia Tech Hokies",68.6499511513951
"Mia Jacobs","Fresno State Bulldogs",68.6493721062932
"Catherine Or","Carnegie Mellon Tartans",68.6120311171291
"Halli Poock","Murray State Racers",68.5907349336791
"La'Nya Foster","Austin Peay Governors",68.5821178450193
"Sarah Lamet","Saint Martin's Saints",68.5770903906878
"Latasha Lattimore","Virginia Cavaliers",68.5757628943015
"Ellie Brueggemann","Lindenwood Lions",68.5645279272271
"Mataya Gayle","Pennsylvania Quakers",68.541425630352
"Abaigeal Babore","Fairleigh Dickinson Knights",68.522502402866
"Fadima Tall","Princeton Tigers",68.5019902777814
"Avery Collins","Concordia-Ann Arbor Cardinals",68.4825151097503
"Shyanne Sellers","Maryland Terrapins",68.4784331332495
"Kiki Iriafen","USC Trojans",68.4678404805307
"Grace Cave","Omaha Mavericks",68.4670775233255
"Mila Holloway","Michigan Wolverines",68.4619788103293
"Olivia Olson","Michigan Wolverines",68.4473294841622
"Darianna Littlepage-Buggs","Baylor Bears",68.3936366121609
"Lexi Fleming","Bowling Green Falcons",68.3904090886491
"Faith Blackstone","Stephen F. Austin Ladyjacks",68.3890210982805
"Ashley Chea","Princeton Tigers",68.3872019871492
"Jalynn Gregory","Middle Tennessee Blue Raiders",68.3799910999432
"Leia Beattie","Northern Arizona Lumberjacks",68.3734560932707
"Chardonnay Hartley","Utah Tech Trailblazers",68.3680829963101
"Amyah Moore Allen","Colorado-Colorado Springs Mountain Lions",68.359103949409
"Jordyn Jenkins","UTSA Roadrunners",68.3581862764701
"Kennedy Todd-Williams","Ole Miss Rebels",68.3570033900948
"Caroline Bornemann","Maine Black Bears",68.3393256488825
"Kennedy Calhoun","Saint Louis Billikens",68.3348112834697
"Amiya Joyner","East Carolina Pirates",68.330643731033
"Kate Ellis","Findlay Oilers",68.3137465092958
"Alexius Horne","SE Louisiana Lady Lions",68.311392136225
"Taisha Exanor","Monmouth Hawks",68.3101969788762
"Lexie Givens","Nevada Wolf Pack",68.3064602768015
"Maisie Burnham","Portland Pilots",68.3063785368841
"Savannah Tucker","Long Beach State Beach",68.3023578482941
"Kayla Williams","California Golden Bears",68.3016177413668
"Yaya Felder","Baylor Bears",68.2851412051983
"Kaitlyn Costner","Eastern Kentucky Colonels",68.2657589449197
"Anne Bair","Colgate Raiders",68.2405271794512
"Skylar Treadwell","Bellarmine Knights",68.234642594336
"Deja Lee","UC Irvine Anteaters",68.2285094474808
"Jalencia Pierre","SE Louisiana Lady Lions",68.2267239041306
"Aaliyah McQueen","Detroit Mercy Titans",68.2046742414703
"Allie Turner","Gonzaga Bulldogs",68.191185454156
"Gabriela Jaquez","UCLA Bruins",68.1814519246452
"Leah Mafua","Central Arkansas Sugar Bears",68.1736853188768
"Ava Renninger","Fairleigh Dickinson Knights",68.1727069013028
"Kiera Pemberton","North Dakota Fighting Hawks",68.1664476059388
"Allie Meadows","Western Illinois Leathernecks",68.1466421297032
"Olivia Pollerd","Santa Clara Broncos",68.1444211171971
"Sumayah Sugapong","UC San Diego Tritons",68.1394410147753
"Taylor Thierry","Ohio State Buckeyes",68.1380707883695
"Kendal Cheesman","Belmont Bruins",68.1368275900606
"Tyja Beans","Western Carolina Catamounts",68.1366958377488
"Anastasiia Boldyreva","Middle Tennessee Blue Raiders",68.1315310357632
"Raelyn Kelty","Concordia Nebraska Bulldogs",68.1227251213005
"Faith Masonius","Seton Hall Pirates",68.1116627428884
"Samiyah Nasir","Shepherd Rams",68.1054779361536
"Ainhoa Cea","Lipscomb Bisons",68.0700990199278
"Meredith Mayes","Abilene Christian Wildcats",68.0648637709518
"Sidney Love","UTSA Roadrunners",68.0612127242768
"Reghan Grimes","Tennessee Tech Golden Eagles",68.0599574147567
"Trinity Hardy","Army Black Knights",68.0423860582334
"Ioanna Krimili","California Golden Bears",68.0356291043977
"Desiree Wooten","North Texas Mean Green",68.0272730243553
"Sydne Tolbert","West Georgia Wolves",68.026333290535
"Maia Jones","Saint Mary's Gaels",68.0220724230376
"Emily Robinson","Oral Roberts Golden Eagles",68.0190984789479
"Sigrun Olafsdottir","Chattanooga Mocs",68.0170891923499
"Bella Pucci","Binghamton Bearcats",68.0139479191828
"Lee Volker","Marquette Golden Eagles",67.9945155664709
"Tova Sabel","UC Davis Aggies",67.9604633964883
"Kennedy Harris","George Mason Patriots",67.9604002408013
"Georgia Woolley","Syracuse Orange",67.9575600237512
"Tatum Thompson","Boise State Broncos",67.954861772584
"Nevaeh Jackson","Valparaiso Beacons",67.94701429396
"Jailyn Banks","Belmont Bruins",67.9446847798183
"Loyal McQueen","Clemson Tigers",67.929793899585
"Paris Bradley","Louisiana Tech Lady Techsters",67.9252902555503
"Essence Cody","Alabama Crimson Tide",67.9201994165408
"Skylar Vann","Oklahoma Sooners",67.9200837140381
"Jordan Holman","Little Rock Trojans",67.9074073106142
"A'Vyonna Kinsey","Miami (OH)-Hamilton Harriers",67.9005671667337
"Enjulina Gonzalez","Miami (OH) RedHawks",67.8886905811458
"Lashae Dwyer","St. John's Red Storm",67.8528155573853
"Alexandra Zelaya","UNC Wilmington Seahawks",67.8525655790191
"Taryn Barbot","Charleston Cougars",67.8451501522384
"Jaleesa Lawrence","High Point Panthers",67.8403860051532
"Kara Dunn","Georgia Tech Yellow Jackets",67.8268787579825
"Elle Ladine","Washington Huskies",67.8256489028311
"Temira Poindexter","Kansas State Wildcats",67.8195410916595
"Imani Rothschild","Dillard Blue Devils",67.8141492072815
"Emily Isaacson","Utah Tech Trailblazers",67.7839583774317
"Anaya Brown","UT Martin Skyhawks",67.7737794792348
"Hannah Spitzley","Western Michigan Broncos",67.7504966042917
"Teresa Seppala","Siena Saints",67.7429818209382
"Sammi Mikonowicz","Toledo Rockets",67.7427905038555
"Mireia Aguado","Texas A&M-Corpus Christi Islanders",67.7184916916261
"Tahlia White","Utah Valley Wolverines",67.6998262790215
"Fiona Snashall","Regis Rangers",67.6713136060322
"Jaaucklyn Moore","North Texas Mean Green",67.6616761749913
"Cheyanne Bonilla","Sul Ross State Lobos",67.6544277331105
"Laniah Randle","Missouri Tigers",67.6540560671328
"Kenley McCarn","UT Martin Skyhawks",67.6497289694233
"Erin Leary","Iona Gaels",67.6467557761076
"Jade Upshaw","Central Arkansas Sugar Bears",67.645692104443
"Chance Gray","Ohio State Buckeyes",67.6344299004453
"Jakayla Johnson","UL Monroe Warhawks",67.6205241413775
"Mickayla Perdue","Cleveland State Vikings",67.6173591430616
"Sydney Shaw","West Virginia Mountaineers",67.6143786581696
"Taleyah Jones","Oral Roberts Golden Eagles",67.6082138478934
"Zanai Jones","SMU Mustangs",67.6058549677509
"Jillian Hayes","Cincinnati Bearcats",67.6023645228703
"Jasmine Kondrakiewicz","Green Bay Phoenix",67.5990600207118
"Kacey Spink","Idaho State Bengals",67.5665972771461
"Destiny Adams","Rutgers Scarlet Knights",67.5564968217083
"Mya Babbitt","Kent State Golden Flashes",67.5396044499063
"Stefanie Kulesza","Massachusetts Minutewomen",67.5376080300775
"Courtney Blakely","Middle Tennessee Blue Raiders",67.5365261527129
"Zada Porter","App State Mountaineers",67.5252992041691
"Morgan Lee","Marist Red Foxes",67.5234074715073
"Brianne Foley","Johnson & Wales (RI) Griffins",67.5230356093953
"Alyssa Brown","UNLV Lady Rebels",67.5194819941918
"Alyssa Ustby","North Carolina Tar Heels",67.5160839427104
"Riley Weiss","Columbia Lions",67.5154228123451
"Kiki McIntyre","Longwood Lancers",67.5143063342825
"Anna Gret Asi","Oklahoma State Cowgirls",67.5091280972242
"Kilyn McGuff","Butler Bulldogs",67.5077867160939
"Lauren Ross","Purdue Fort Wayne Mastodons",67.4906349247177
"Alyssa Hargrove","New Mexico Lobos",67.4845471904064
"Morgan Maly","Creighton Bluejays",67.481019759907
"Kendra Parra","Weber State Wildcats",67.4783271932669
"Veronica Sheffey","San Diego State Aztecs",67.4461701630192
"Theryn Hallock","Michigan State Spartans",67.4219840493757
"Sabou Gueye","Florida A&M Rattlers",67.4188301335764
"Gianna Corbitt","Chattanooga Mocs",67.4176984647766
"Kyrah Daniels","Missouri State Lady Bears",67.4070225836031
"Teneisia Brown","Fairleigh Dickinson Knights",67.4051269883807
"Gracie Gallegos","UC San Diego Tritons",67.3943344377162
"Madison Smith","Air Force Falcons",67.3899699278838
"Jordan Durant","Johnson & Wales (NC) Wildcats",67.3793654899579
"Kayla Cooper","Southern Illinois Salukis",67.3709267901007
"Kaylene Smikle","Maryland Terrapins",67.3704270835692
"Megan Norris","UC Davis Aggies",67.3680088499442
"Molly Kaiser","New Mexico State Aggies",67.3626595112068
"Marina Asensio","Western Michigan Broncos",67.3616002734817
"Truitt Reilly","San Diego Toreros",67.3558637606226
"Adia Dormu","Paine Lions",67.3446069857514
"Shay Ciezki","Indiana Hoosiers",67.3423597431357
"Rory Hetrick","Cal State San Marcos Cougars",67.3303008282824
"Brooklyn Meyer","South Dakota State Jackrabbits",67.3250161362184
"Evangelia Paulk","Wofford Terriers",67.3140085153136
"Dazia Lawrence","Kentucky Wildcats",67.3108726140634
"Jayla Murray","Wichita State Shockers",67.3038531270466
"Bella Smuda","Liberty Flames",67.3036237746439
"Kendall Sneed","Tulane Green Wave",67.3025467017404
"Silkiari Vazquez-Troche","Tennessee Southern Firehawks",67.3010115167153
"Marie Kiefer","Ball State Cardinals",67.2946847212302
"Sydney Affolter","Iowa Hawkeyes",67.2696026061911
"Mack Konig","Montana Lady Griz",67.2687479726347
"Josie Hill","Chicago State Cougars",67.2662973302759
"Olivia Olsen","Providence Friars",67.2553765048423
"Teya Sidberry","Boston College Eagles",67.2526588979264
"Jayda Curry","Louisville Cardinals",67.2526048553654
"Kayba Laube","Northern Iowa Panthers",67.2506529493694
"Kade Hackerott","UT Rio Grande Valley Vaqueros",67.2373234679166
"Izabela Nicoletti Leite","Fairfield Stags",67.2229293519246
"Azzi Fudd","UConn Huskies",67.2151604798095
"Alexis Markowski","Nebraska Cornhuskers",67.2150959946793
"Rachel Ullstrom","Richmond Spiders",67.2107249340969
"Rachel Leggett","South Alabama Jaguars",67.2105901705752
"Emma Koons","Ohio Christian Trailblazers",67.1963830280995
"Savannah Brooks","Coastal Carolina Chanticleers",67.187817465056
"Delanie Crawford","Tulsa Golden Hurricane",67.1752206663048
"Molly Masingale","Wofford Terriers",67.1746972636365
"Candy Edokpaigbe","Seattle U Redhawks",67.161105260454
"Rayah Marshall","USC Trojans",67.1431859159549
"Sydney Parrish","Indiana Hoosiers",67.1382876317405
"Angeliki Ziaka","San Francisco Dons",67.1370682580718
"Anna Olson","Vermont Catamounts",67.1285781491175
"Bridget Dunn","Kent State Golden Flashes",67.1265217786449
"Jaiden Ross","Webber International Warriors",67.1058302103654
"Elyce Knudsen","Illinois State Redbirds",67.0981096242019
"Mya Skoff","Lindenwood Lions",67.0903728377096
"Elena Rodriguez","Harvard Crimson",67.0897556080326
"Liz Freihofer","Eastern Kentucky Colonels",67.0881136545204
"Keeley Carter","Tennessee Tech Golden Eagles",67.0741793575961
"Eleonora Villa","Washington State Cougars",67.0698960175087
"Madison Hayes","NC State Wolfpack",67.0656460583452
"Morgan Callahan","North Carolina Central Eagles",67.0447433169428
"Nyah Moran","Northern Arizona Lumberjacks",67.0317619272421
"Bailey Tabeling","Ohio Bobcats",67.0199485142777
"Camryn Runner","Evansville Purple Aces",67.0190056124589
"Carlie Latta","Utah State Aggies",67.009458336012
"Jade Weathersby","UAB Blazers",66.9960181102819
"Fanta Kone","Sam Houston Bearkats",66.984956555245
"Mackenzie Egger","Yale Bulldogs",66.9841815972435
"Jada Eads","Seton Hall Pirates",66.9707624740721
"Laura Erikstrup","Grand Canyon Lopes",66.9597898804862
"Haleigh Timmer","South Dakota State Jackrabbits",66.9416438684675
"Damaris Rodriguez","Monmouth Hawks",66.9340612201563
"Sherese Pittman","Tulane Green Wave",66.9293785420922
"Tara Cousins","Delaware Blue Hens",66.8960506081591
"Jaddan Simmons","Michigan State Spartans",66.8925350817747
"Courtney Becker","Drake Bulldogs",66.8899411164932
"Oluchi Okananwa","Duke Blue Devils",66.8832896182468
"Syla Swords","Michigan Wolverines",66.8746136534978
"Tyi Skinner","Arizona State Sun Devils",66.8725360289361
"Kylee Fox","Fresno State Bulldogs",66.8681377813898
"Mikyla Tolivert","Georgia State Panthers",66.8678171501548
"Alisha Wilson","Alabama A&M Bulldogs",66.8199603739198
"Taylor Golembiewski","Colgate Raiders",66.8191657446976
"Maye Toure","Utah Utes",66.7955888198532
"Jalei Oglesby","Oral Roberts Golden Eagles",66.7850646696551
"Jasha Clinton","Hampton Lady Pirates",66.7814783741772
"Mady Cartwright","Tulsa Golden Hurricane",66.7636575176276
"Anna Walker","Tennessee Tech Golden Eagles",66.754425513889
"Rashunda Jones","Purdue Boilermakers",66.7458728805214
"Acacia Hayes","Western Kentucky Lady Toppers",66.7440307892258
"Astera Tuhina","Washington State Cougars",66.7436453390397
"Cayla Howard","Dominican (NY) Chargers",66.7369364741423
"Emaia O'Brien","Detroit Mercy Titans",66.688923031731
"Alexus Mobley","Akron Zips",66.6821700338291
"Emily La Chapell","Belmont Bruins",66.6781481883098
"Soleil Barnes","Bradley Braves",66.6684264200635
"Dolly Cairns","Florida Gulf Coast Eagles",66.6674036221624
"Avery Waddington","Montana Lady Griz",66.6651260973982
"Skye Belker","Princeton Tigers",66.6630514704386
"Carleigh Wenzel","Virginia Tech Hokies",66.6612516816853
"Cali Clark","San Diego State Aztecs",66.6586920404915
"Vernell Atamah","Northwestern State Lady Demons",66.6334169998233
"Matilda Ekh","Virginia Tech Hokies",66.6157654881989
"Jaidynn Mason","Marquette Golden Eagles",66.6096436636067
"Rolanda Robinson","Adelphi Panthers",66.6076491427825
"Freja Werth","San Francisco Dons",66.5837020870685
"Olivia Nelson","Idaho Vandals",66.5787902372122
"Haleigh Releford","Asbury Eagles",66.5747899985721
"Taylor Smith","Weber State Wildcats",66.5691917596888
"Bailey Butler","Green Bay Phoenix",66.5537912747917
"Kishyah Anderson","Presbyterian Blue Hose",66.5516450506757
"Jaydia Martin","Sacramento State Hornets",66.5494453232401
"Mary-Anna Asare","VCU Rams",66.5477968843499
"Paige Allen","Texas A&M-Corpus Christi Islanders",66.5403417438454
"Koi Sims","Loyola Maryland Greyhounds",66.5347261897268
"Alejandra Zuniga","NJIT Highlanders",66.526430260934
"Tajianna Roberts","Louisville Cardinals",66.5244201801008
"Emma Trawally Porta","San Francisco Dons",66.5135409578615
"Sarina Nagra","UC Merced Bobcats",66.5110448246711
"Sophie Burrows","Syracuse Orange",66.5016536115257
"Destini Lombard","Purdue Boilermakers",66.4913953434459
"Jadyn Weltz","Binghamton Bearcats",66.4888989393271
"Dominique Ennis","Rice Owls",66.4880356202923
"Taliyah Clark","UT Arlington Mavericks",66.485423857321
"Cheyenne McEvans","Florida A&M Rattlers",66.4830335968944
"Raven Preston","Elon Phoenix",66.4793157213294
"Hadley Periman","Tulsa Golden Hurricane",66.4770409888914
"Ella Wanzer","Delaware Blue Hens",66.4679878972283
"Althea Kara Angeles","Eastern Kentucky Colonels",66.4626950719646
"Jordyn Weaver","Queens University Royals",66.4508692799234
"Charlotte O'Keefe","UT Rio Grande Valley Vaqueros",66.4242858606143
"Audi Crooks","Iowa State Cyclones",66.424155895883
"Hope Sivori","Bellarmine Knights",66.410475003709
"Hannah Stuelke","Iowa Hawkeyes",66.4082486254527
"Keslyn Secrist","Indiana State Sycamores",66.3962758644957
"Ashlon Jackson","Duke Blue Devils",66.3961183117087
"McKelle Meek","Portland Pilots",66.3872127152152
"Emma Hess","Liberty Flames",66.3842273499426
"Sophia Gregory","Youngstown State Penguins",66.3775433486997
"Arielle Dabu","Kentucky Wesleyan Panthers",66.3627235089115
"Karson Martin","Quinnipiac Bobcats",66.3472145361103
"Jordan Jones","Denver Pioneers",66.3447901843023
"Belle Lanpher","Central Connecticut Blue Devils",66.3396982614159
"Chloe Kitts","South Carolina Gamecocks",66.3293426048592
"Ariel Jenkins","Georgetown Hoyas",66.3266876414597
"Kayla Lee","Fisk Bulldogs",66.3264388839044
"Reese Ericson","Army Black Knights",66.3257357365498
"Amber Scalia","St. Thomas-Minnesota Tommies",66.3230982294228
"Ines Gimenez Monserrat","Manhattan Jaspers",66.3112026889104
"Destiny Howell","Howard Bison",66.3108675897505
"Jenna Van Schaik","Mercyhurst Lakers",66.3073286320558
"Gabby Elliott","Penn State Lady Lions",66.2873535792893
"Maddie Walsh","UAB Blazers",66.2832785008743
"Ivy Wolf","Dayton Flyers",66.2808239213411
"Amaya Staton","Wright State Raiders",66.2785092799352
"Shelbee Brown","Akron Zips",66.2730616048579
"Joi Williams","Radford Highlanders",66.2712541932214
"Sarah Te-Biasu","Maryland Terrapins",66.2453299364424
"Lauryn Taylor","Florida Gulf Coast Eagles",66.2411565086198
"Raegan McCowan","Western Illinois Leathernecks",66.2339542076559
"Catherine Alben","Charleston Southern Buccaneers",66.218201013059
"Alli Campbell","Penn State Lady Lions",66.1958012701538
"Chloe Sotell","Pepperdine Waves",66.1925791554737
"Peyton Howard","Eastern Washington Eagles",66.1870305641207
"Mar'shaun Bostic","Auburn Tigers",66.1836669484472
"Dontavia Waggoner","Boston College Eagles",66.1795945619415
"Brianna Furch","Saint Michael's Purple Knights",66.1667109612026
"Jorja Elliott","Incarnate Word Cardinals",66.1397678012374
"Ella Stemmer","Lehigh Mountain Hawks",66.135689617266
"Jewel Spear","Tennessee Lady Volunteers",66.1310717836255
"Ava Cirigliano","Misericordia Cougars",66.1283300836728
"Rachel Loobie","Long Beach State Beach",66.0842736259894
"Micah Gray","Oklahoma State Cowgirls",66.0739222692664
"Ashlynn Shade","UConn Huskies",66.0684577001825
"Katelynn Martin","Montana State Bobcats",66.0632285982225
"Judith Gomez","Iona Gaels",66.0568674331138
"Nevaeh Foster","IU Indianapolis Jaguars",66.0485645901173
"Alyssa Durazo-Frescas","Grand Canyon Lopes",66.0473396230068
"Yahmani McKayle","Massachusetts Minutewomen",66.0432133908056
"Destiny Salary","Western Kentucky Lady Toppers",66.041235581919
"Aaliyah Nye","Alabama Crimson Tide",66.0308860779291
"Nyla Jean","Southern Miss Lady Eagles",66.0305692059462
"Angelina Robles","Denver Pioneers",66.0286401560791
"Khera Goss","Toledo Rockets",66.0239824693178
"Emma Calvert","BYU Cougars",66.0166654005403
"Colleen McQuillen","Lehigh Mountain Hawks",65.9829870273299
"Talya Brugler","Saint Joseph's Hawks",65.9817559902183
"Cameron Thomas","Stetson Hatters",65.9600334569256
"Jeriah Warren","Florida Gators",65.9552732093955
"Cotie McMahon","Ohio State Buckeyes",65.9537389270209
"Addison Martin","Illinois State Redbirds",65.950644821796
"Bella Fontleroy","Baylor Bears",65.9217517461255
"Patricia Chung","Long Beach State Beach",65.9203714234277
"Destiny Jones","West Georgia Wolves",65.9145441885692
"Chazadi Wright","Georgia Tech Yellow Jackets",65.9086510563054
"I'yanna Lops","Seton Hall Pirates",65.9065371894506
"Sakyia White","UL Monroe Warhawks",65.9012146219809
"Courtney McMillan","Guilford Quakers",65.9003545775292
"Claire Johnson","Samford Bulldogs",65.8969481852755
"Harmaine Dominguez","Stephen F. Austin Ladyjacks",65.8895340512584
"Jo Raflo","Mount St. Mary's Mountaineers",65.8780950618671
"Sisi Eleko","Eastern Michigan Eagles",65.863707890045
"Raigan Head","Central Baptist College Mustangs",65.8550563615184
"Maddy Skorupski","Oakland Golden Grizzlies",65.8499757020972
"Prencis Harden","Kennesaw State Owls",65.8253200311517
"Sabrina Ma","UC San Diego Tritons",65.823093551728
"Fiona Hastick","Army Black Knights",65.8203375577713
"Taniyah Finney","Cheyney (PA) Wolves",65.819955983927
"Kennedie Shuler","Oregon State Beavers",65.8047636886483
"Hannah Simental","Colorado State Rams",65.8018941384923
"Jaslyn Woods","Lincoln (CA) Oaklanders",65.7933553564155
"Kristin Williams","Coastal Carolina Chanticleers",65.789063175241
"Jada Moore","Florida Atlantic Owls",65.7824697725428
"Indya Green","Georgia Southern Eagles",65.7806203590452
"Zoe Best","Southeast Missouri State Redhawks",65.7764326909877
"Elle Evans","Kansas Jayhawks",65.768935140498
"Ines Vieira","Utah Utes",65.7572484573498
"Stina Almqvist","Pennsylvania Quakers",65.7221704064548
"Jaylin Foster","Texas State Bobcats",65.7204499636041
"Joyce Edwards","South Carolina Gamecocks",65.7188006281465
"Mallory Brake","Creighton Bluejays",65.7146212469119
"Nya Epps","UC Davis Aggies",65.7068978641901
"MiLaysia Fulwiley","South Carolina Gamecocks",65.7065893401566
"Asianae Nicholson","Bethune-Cookman Wildcats",65.6952129543644
"Jerni Kiaku","Duquesne Dukes",65.6904584809596
"Emma Troxell","Abilene Christian Wildcats",65.6888094184371
"Helen Matthews","Wofford Terriers",65.6813291588513
"Arieona Rosborough","Tarleton State Texans",65.6704256489373
"Robyn Lee","Louisiana Tech Lady Techsters",65.6694061219965
"Jessenia Lawson","Central Michigan Chippewas",65.6683545263185
"Malea Brown","Longwood Lancers",65.6461817055622
"Paris Clark","Virginia Cavaliers",65.6388736158957
"Mahogany Matthews","Georgia State Panthers",65.6267341458175
"Dani Bartsch","Montana Lady Griz",65.6223326698792
"Natalie McNeal","Green Bay Phoenix",65.6211167487223
"Meri Kanerva","Xavier Musketeers",65.6180797033192
"Nora Francois","New Orleans Privateers",65.5963581961615
"Brooke Carlson","Colorado State Rams",65.5907846978354
"Shannon Dowell","Illinois State Redbirds",65.5745063133571
"Lilly Phillips","UAlbany Great Danes",65.5493827413853
"Avyonce Carter","Western Carolina Catamounts",65.5410472517736
"Jayla Brooks","Little Rock Trojans",65.5362359408094
"Elly Schmitz","Bethel (MN) Royals",65.5312685981044
"Olivia Cochran","Louisville Cardinals",65.5258414327091
"Marta Suarez","California Golden Bears",65.5224314440066
"Kamy Peppler","Milwaukee Panthers",65.514419043833
"Raegan Beers","Oklahoma Sooners",65.5060220918499
"Marah Dykstra","Montana State Bobcats",65.5027754881919
"Bree Stephens","Central Arkansas Sugar Bears",65.4988216069577
"Josiany Canales","Davis & Elkins Senators",65.4924936222617
"Madison Schiller","Colgate Raiders",65.4881381785417
"Arianna Smith","Dayton Flyers",65.4880800573828
"Kaitlyn Chen","UConn Huskies",65.4861517960716
"Eniya Russell","Mississippi State Bulldogs",65.4783993294486
"Ereauna Hardaway","North Texas Mean Green",65.4735680605929
"Ruby Whitehorn","Tennessee Lady Volunteers",65.4660401866764
"Aysia Ward-Strong","Sam Houston Bearkats",65.453747022667
"Mia Smith","Bowie State Bulldogs",65.4532832873346
"Aislynn Hayes","Marshall Thundering Herd",65.4455449449442
"Mackenzie Smith","Saint Joseph's Hawks",65.4440048178305
"Noa Givon","Robert Morris Colonials",65.4431375250139
"Aiyanna Culver","Chicago State Cougars",65.4420137131107
"Jayde Gamble","UNC Greensboro Spartans",65.4345444626305
"Tristen Taylor","Temple Owls",65.4320282733731
"Kahia Warmsley","Grambling Lady Tigers",65.4320158300161
"Cassie Schiltz","Green Bay Phoenix",65.4311118556373
"Macey Blevins","Northern Kentucky Norse",65.4282832683877
"Maya Wong","Illinois State Redbirds",65.4267113990399
"Ava Ranson","San Diego Toreros",65.4253330885279
"Asta Blauenfeldt","Maine Black Bears",65.4249385280173
"Bella Nascimento","William & Mary Tribe",65.4237134503734
"Kierra Merchant","Houston Cougars",65.4193800646213
"Angela Dugalic","UCLA Bruins",65.4120480114924
"Irene Murua Txintxurreta","Fordham Rams",65.4105277269115
"Brooklyn Gray","Saint Louis Billikens",65.4056393310347
"Paige Kindseth","Presbyterian Blue Hose",65.3971902884053
"Lily Wahinekapu","Hawai'i Rainbow Wahine",65.3899586581719
"Miyah Brown","Bellarmine Knights",65.3725318128849
"Brooke Demetre","Stanford Cardinal",65.3712035213944
"Catarina Ferreira","Oregon State Beavers",65.365192135405
"Emma Johansson","California Baptist Lancers",65.3586633192724
"Addi Brownfield","Western Illinois Leathernecks",65.3517878297898
"Jalyn Brown","Arizona State Sun Devils",65.3501857725945
"Kendall Carruthers","Toledo Rockets",65.3433199418775
"Taneshia Tucker","Bloomfield Deacons",65.3425497102042
"Jordan Hobbs","Michigan Wolverines",65.3413405365667
"Sable Burnside","UVA Wise Cavaliers",65.3357401735187
"Kassie Monday","Cumberland (KY) Indians",65.3347072680103
"Dorian Norris","Incarnate Word Cardinals",65.3339038291025
"Jasmine Shavers","Texas Tech Lady Raiders",65.3256382059468
"Mahogany Lester","Maryland Eastern Shore Hawks",65.3232482956095
"Jordyn Oliver","Vanderbilt Commodores",65.3219066245521
"Annika Shah","Cal Poly Mustangs",65.3212843160951
"Aixchel Hernandez","Cal State Fullerton Titans",65.3181792308027
"Allie Palmieri","Massachusetts Minutewomen",65.3064819494244
"Aaronette Vonleh","Baylor Bears",65.3030020501721
"Cora Horvath","East Texas A&M Lions",65.2968734339338
"Abby Conklin","Fairleigh Dickinson Knights",65.2920832574838
"Viane Cumber","New Mexico Lobos",65.2909644285999
"Natalia Trevino","Texas A&M-San Antonio Jaguars",65.2889157854135
"Meredith Raley","Southern Indiana Screaming Eagles",65.2872385058555
"Kelsey Rees","Oregon State Beavers",65.2866794407324
"Shae Littleford","UT Martin Skyhawks",65.281167311532
"Daniela Gonzalez","South Alabama Jaguars",65.2796245382771
"Gabrielle Kennerly","Mount St. Mary's Mountaineers",65.2789284749511
"JoJo Lacey","Rutgers Scarlet Knights",65.2756253112223
"Kylie Swider","Stonehill Skyhawks",65.2649422854311
"Alyssa Marin","UC Santa Barbara Gauchos",65.2468104887338
"Denae Carter","Villanova Wildcats",65.2422528206563
"Kiarra Mcelrath","Delaware State Hornets",65.239015919471
"Isabella King","Bucknell Bison",65.2358505520835
"Reese Zemitis","Bucknell Bison",65.2273579754052
"Laura Salmeron","Loyola Maryland Greyhounds",65.2218976346722
"Hayley Harrison","Bellarmine Knights",65.2197445480294
"Jocelyn Schiller","North Dakota Fighting Hawks",65.2154133463859
"Jasmyne Roberts","Miami Hurricanes",65.211689293584
"Eva DeChent","New Hampshire Wildcats",65.2111072788209
"Eylia Love","Houston Cougars",65.209671307822
"Carly Coleman","Immaculata Mighty Macs",65.2082419795106
"Myah Coleman","Dallas Christian Crusaders",65.1994309578331
"Kyla Bryant","North Carolina Central Eagles",65.1942433675767
"Paige Yasukochi","Occidental Tigers",65.1874434066706
"Kyah Watson","West Virginia Mountaineers",65.1843060836395
"Chloe Larry","Tennessee Tech Golden Eagles",65.1733185618954
"Skylar Jones","Arizona Wildcats",65.1704857101873
"Destinee Hooks","New Mexico Lobos",65.1664050209329
"Olivia Moran","Northern Arizona Lumberjacks",65.1608166757994
"Keimari Rimmer","UIC Flames",65.1554552864748
"Jewel Watkins","Youngstown State Penguins",65.1552640357127
"Safiatu Kolliegbo","Niagara Purple Eagles",65.1518557664264
"Hulda Joaquim","New Mexico Lobos",65.1501867107352
"Nicole Gwynn","Georgia Southern Eagles",65.1453867980323
"Keyarah Berry","Kennesaw State Owls",65.1400766074749
"Triniti Ralston","Southern Indiana Screaming Eagles",65.1368653461657
"Cheyenne Stubbs","Utah State Aggies",65.1341117370929
"Milahnie Perry","Air Force Falcons",65.1327663018521
"Esther Matarranz","UC Riverside Highlanders",65.1324272011056
"Deja Jones","Indiana State Sycamores",65.1266405078126
"Anissa Rivera","Temple Owls",65.1253551214197
"Alayna Contreras","Kansas City Roos",65.1121396964682
"Donovyn Hunter","TCU Horned Frogs",65.1112195770828
"Thalia Shepard","Merrimack Warriors",65.111038279619
"McKinley Brooks-Sumpter","Charleston Cougars",65.1070441456694
"Isis Beh","Arizona Wildcats",65.1062593832469
"Mia Moore","Clemson Tigers",65.1001433200583
"Lindsay Berger","Holy Cross Crusaders",65.0959471087935
"Melyia Grayson","Southern Miss Lady Eagles",65.0870245594064
"Vittoria Blasigh","South Florida Bulls",65.0773723889009
"Alancia Ramsey","Coastal Carolina Chanticleers",65.0669642346955
"Aaliyah Stanton","Cal State Fullerton Titans",65.0654059219478
"Catherine Gilwee","Vermont Catamounts",65.0619587664044
"CC Mays","Marshall Thundering Herd",65.0602693554357
"Madison Roman","Merrimack Warriors",65.0510860588028
"Amor Harris","Longwood Lancers",65.0448234271669
"Ashlyn Rean","Alaska Anchorage Seawolves",65.0444295151639
"Nikola Priede","Vermont Catamounts",65.0437773779158
"Kennady McQueen","Utah Utes",65.0334686127131
"Kennedy Smith","USC Trojans",65.0300498285531
"Taryn Sides","Kansas State Wildcats",65.0107884132863
"Kate Hollifield","UNC Wilmington Seahawks",65.004419811929
"Tameiya Sadler","Ole Miss Rebels",64.997272026298
"Gabby Casey","Saint Joseph's Hawks",64.9898083252282
"Ally Sweeney","Richmond Spiders",64.9850736343249
"Khamari Mitchell-Steen","Florida Gulf Coast Eagles",64.9738293694994
"Olivia Austin","Dartmouth Big Green",64.9729013858793
"McKinna Brackens","UNLV Lady Rebels",64.9647806128403
"Kayla Dickey","North American Stallions",64.9579561794594
"Sa'Mya Wyatt","Austin Peay Governors",64.9550824482988
"Kaitlyn O'Connell","Adelphi Panthers",64.9517898918403
"Kaitlin Peterson","UCF Knights",64.9466027447275
"Leyla Ozturk","Manhattan Jaspers",64.9416232490771
"Mama Dembele","South Florida Bulls",64.9381176564274
"Sophia Diehl","Colgate Raiders",64.9373037175496
"Jada Williams","Arizona Wildcats",64.9348632784277
"Da'Brya Clark","Norfolk State Spartans",64.9250242206527
"Bella Antonacci","Allegheny Gators",64.9213544735162
"Britiya Curtis","Nicholls Colonels",64.9199418121387
"Ro Scott","James Madison Dukes",64.9193631263723
"Audra Emmerson","Purdue Fort Wayne Mastodons",64.9080370909081
"Victoria Page","Dartmouth Big Green",64.9076628471214
"Anaelle Dutat","Rhode Island Rams",64.9060573237093
"Aaliyah Alexander","UNLV Lady Rebels",64.9014227612358
"Jasmine Felton","Campbell Fighting Camels",64.9004014477815
"Maya Chandler","Miami (OH) RedHawks",64.8990926310784
"Taleah Dilworth","Jackson State Lady Tigers",64.8939129644139
"Summer Parker-Hall","Cornell Big Red",64.8919314189162
"Kiley Bess","Missouri State Lady Bears",64.8842910909183
"Carla Brito","South Florida Bulls",64.8801990031717
"Halle Idowu","Northern Kentucky Norse",64.87973031074
"Tarriyonna Gary","Temple Owls",64.8785787897753
"Grace Jeffrey","Johnson & Wales (RI) Griffins",64.8664914281085
"Kennedie Montue","Arkansas State Red Wolves",64.8657465464981
"Julia Fabozzi","Wagner Seahawks",64.8650632703095
"Paulina Paris","Arizona Wildcats",64.8638123614153
"Emma Yost","Dakota Wesleyan Tigers",64.8636473612529
"Marisa Frost","North Dakota State Bison",64.85615189033
"Trista Hull","Portland Pilots",64.8523802347735
"Destiny Ryles","Bowie State Bulldogs",64.8518613972288
"Aoibhe Gormley","Boston University Terriers",64.8518112172412
"Moriah Murray","Penn State Lady Lions",64.8515360195973
"Faith Stinson","IU Indianapolis Jaguars",64.8369547733667
"Sydney Watkins","UMass Lowell River Hawks",64.8232268799703
"Julia Palomo","Evansville Purple Aces",64.8232243142713
"Taylor Donaldson","Fordham Rams",64.8207993023018
"Makayla Rose","UC Riverside Highlanders",64.8152039392136
"Anna LeMaster","Mount St. Mary's Mountaineers",64.8117972316636
"Deja Evans","Drexel Dragons",64.8105031167016
"Ashanti Barnes","James Madison Dukes",64.8095917269481
"Mya Meredith","Northern Kentucky Norse",64.8034195040121
"Avery Broughton","Dakota Wesleyan Tigers",64.7931035926795
"Kourtney Grossman","Eastern Washington Eagles",64.7924759666508
"Jakoriah Long","Tarleton State Texans",64.7901696696131
"Alexis Bynum","Pfeiffer Falcons",64.7816770341737
"Chaniya Clark","North Carolina A&T Aggies",64.7707048715699
"Kaci Donovan","UAlbany Great Danes",64.7702460559948
"Sierra Lichtie","Cal Poly Mustangs",64.7690313053822
"Mary Carter","Cal Poly Mustangs",64.7658266127669
"TK Pitts","SMU Mustangs",64.760543570463
"Key Roseby","Stephen F. Austin Ladyjacks",64.7464863894354
"Maggie Hartwig","Evansville Purple Aces",64.7446625042831
"Janessa Williams","Long Island University Sharks",64.743735631221
"Nevaeh Zavala","High Point Panthers",64.7417354650875
"Brandi Williams","Loyola Marymount Lions",64.7308311722956
"Brooke Stonebraker","Northern Illinois Huskies",64.730629356802
"Lior Garzon","Colorado Buffaloes",64.7237586054648
"Caroline Lucas","Brescia Bearcats",64.718032043812
"Courtney Moore","East Tennessee State Bucs",64.7176887278007
"Micah Hart","Bethel (TN) Wildcats",64.7153476255659
"Ary Dizon","Cal State Bakersfield Roadrunners",64.7132722423578
"Trinity Turner","Georgia Lady Bulldogs",64.709672040415
"Kim Villalobos","San Diego State Aztecs",64.7066074725903
"Abbie Draper","North Dakota State Bison",64.7038116113478
"Lindsey Pirkle","Union (KY) Bulldogs",64.7004376107922
"Jessica Tomasetti","UAlbany Great Danes",64.6846328685193
"KK Deans","Ole Miss Rebels",64.682851806763
"Gianni Boone","Campbell Fighting Camels",64.6828229791851
"Priscilla Williams","Jacksonville Dolphins",64.6663168263407
"Madison Royal-Davis","Oakland Golden Grizzlies",64.6641292685005
"Kyren Whittington","Tulane Green Wave",64.6636818066956
"Charlise Dunn","Davidson Wildcats",64.6605291010671
"Simaru Fields","Old Dominion Monarchs",64.6595574768361
"Ahniysha Jackson","Siena Saints",64.6493635252474
"Izabel Varejao","Syracuse Orange",64.6352188023226
"Daysha Reid","Tennessee Southern Firehawks",64.634087315599
"Sophia Vital","Rhode Island Rams",64.6278305397696
"Amira Mabry","Tulane Green Wave",64.6247662810474
"Victoria Perez","Colorado Christian Cougars",64.6131363027679
"Tierra Simon","Saint Louis Billikens",64.609000682909
"Tineya Hylton","Cincinnati Bearcats",64.6056422517678
"Enya Maguire","NJIT Highlanders",64.602700898876
"Kiani Lockett","Creighton Bluejays",64.5951541173297
"Paloma Garcia","Merrimack Warriors",64.5948512243699
"Sydney Bowles","Florida State Seminoles",64.5838236639077
"Lyric Cole","Tennessee State Lady Tigers",64.5830962540742
"Da'Myiah Lewis","Stanislaus State Warriors",64.5815926400285
"Dani Haskell","St. Bonaventure Bonnies",64.5711615714536
"Destiny Leo","Cleveland State Vikings",64.5643170861417
"Ruthia Smith","Faulkner Eagles",64.5595864334811
"Sydney Ryan","Furman Paladins",64.5562635441516
"Matyson Wilke","Utah Utes",64.5531360839182
"Halle Nelson","Utah Valley Wolverines",64.5454140845685
"Khady Leye","Towson Tigers",64.5431032440141
"Jordyn Newsome","East Texas A&M Lions",64.5324230469417
"Sirviva Legions","Long Island University Sharks",64.5266138067243
"Meg Cahalan","Holy Cross Crusaders",64.5246875631168
"Iyana Moore","Vanderbilt Commodores",64.5239453774139
"Katie Donovan","Davidson Wildcats",64.5236972379173
"Bailey Kuhns","Mercyhurst Lakers",64.5180232247013
"Zoe Kennedy","Clarke University Pride",64.5177110656113
"Carley Duffney","South Dakota Coyotes",64.5102486220998
"Tiarra East","Temple Owls",64.5071530428918
"Skylar Burke","UC Santa Barbara Gauchos",64.4929769386913
"Mya Perry","Florida Atlantic Owls",64.4927260286593
"Meghan Downing","East Tennessee State Bucs",64.4889549095042
"Demeara Hinds","Wake Forest Demon Deacons",64.478396522325
"Samantha Muller","Molloy Lions",64.4744368397698
"Carly Hooks","Kennesaw State Owls",64.4650330641931
"Jasmine McGinnis-Taylor","Eastern Kentucky Colonels",64.4636300546229
"Sharn Hayward","Stonehill Skyhawks",64.4626104816447
"Ava Hairston","Pfeiffer Falcons",64.4571395847967
"Taris Thornton","Tennessee Tech Golden Eagles",64.4533001639943
"Paula Gallego","Maine Black Bears",64.450426101915
"Alex Giannaros","Boston University Terriers",64.4490608191213
"Zay Dyer","Troy Trojans",64.4476589391014
"Daimoni Dorsey","Bethune-Cookman Wildcats",64.4446657249905
"Anna Lutz","Milwaukee Panthers",64.4416896130128
"Brooke Donnelly","Cal State East Bay Pioneers",64.436532734924
"Allyson Ross","Mercyhurst Lakers",64.4361589395263
"Amalya Sales","Warner Pacific Knights",64.4353200195315
"Rose Micheaux","Virginia Tech Hokies",64.4311273415848
"Lina Falk","Sacramento State Hornets",64.4299890183761
"Jennifer Aadland","Idaho Vandals",64.4239500625786
"Taina Mair","Duke Blue Devils",64.4213883741977
"Tyler Pyburn","Texas College Steers",64.4196005339052
"Amourie Porter","Winthrop Eagles",64.411292359073
"Perri Page","Columbia Lions",64.4032320658402
"Marley Washenitz","Pittsburgh Panthers",64.3834924377894
"Rhema Ogele","Portland State Vikings",64.3695983078372
"Talia von Oelhoffen","USC Trojans",64.3631908623752
"Tamiah Robinson","Louisiana Ragin' Cajuns",64.3537245708633
"Tanyuel Welch","Memphis Tigers",64.3423149689728
"Edyn Battle","Jacksonville Dolphins",64.3338440774182
"Jacei Denley","Lamar Cardinals",64.3254108402555
"Gift Uchenna","Southern Illinois Salukis",64.3235217534526
"Callie Cowan","West Alabama Tigers",64.3113103233816
"Jazzpher Evans","Alaska Anchorage Seawolves",64.307178252106
"Yirsy Queliz","Northeastern Huskies",64.3071567688302
"Victoria Flores","Rice Owls",64.3033130040816
"Aniya Gourdine","Southern Jaguars",64.3018106358512
"Hunter Hernandez","UC Irvine Anteaters",64.2991595342656
"Carmaya Bowman	","Shepherd Rams",64.2978733637418
"Ashley Baez","Troy Trojans",64.2971903289479
"Maddie Kellione","Marshall Thundering Herd",64.293699243771
"Raimi McCrary","Incarnate Word Cardinals",64.2883385823446
"Alli Carlson","Western Michigan Broncos",64.2803547015954
"Briana Peguero","Troy Trojans",64.2755931433045
"Victoria Keenan","Tulane Green Wave",64.2679602103794
"Kacee Baumhower","Milwaukee Panthers",64.2612730078281
"Taylor Johnson-Matthews","DePaul Blue Demons",64.2571750866152
"Ashlee Locke","Mercer Bears",64.2509235761222
"Kennedi Watkins","Ohio Bobcats",64.2496052448253
"Nhug Bosch Duran","California Baptist Lancers",64.2420985422766
"Cecilia Kay","American University Eagles",64.2381065537433
"Mariah Wilson","Longwood Lancers",64.2363983520226
"Amandine Amorich","Loyola Maryland Greyhounds",64.2266001384234
"Hayleigh Breland","Charlotte 49ers",64.2236438896371
"Rylie Theuerkauf","Wake Forest Demon Deacons",64.2189727063245
"Nile Miller","Howard Bison",64.1997363774865
"Celia Sumbane","Auburn Tigers",64.1987185878158
"Zee Spearman","Tennessee Lady Volunteers",64.195103222849
"Jaden Walker","UMBC Retrievers",64.192366825094
"Kyla Deck","North Texas Mean Green",64.169293294222
"Kemia Ward","Queens University Royals",64.166390541535
"Ana Barreto","Queens University Royals",64.1652714716118
"Claira McGowan","Lipscomb Bisons",64.1581376260388
"Breauna Ware","Stony Brook Seawolves",64.1579098638013
"Crislyn Rose","Arkansas State Red Wolves",64.1564743468295
"Avery VanSickle","Stephen F. Austin Ladyjacks",64.1547028579758
"Nyla Hampton","Michigan State Spartans",64.1535551774071
"Hanna Cavinder","Miami Hurricanes",64.1501503425697
"Tamia Stricklin","Seattle U Redhawks",64.1492532760465
"Lauryn Pendleton","Alabama A&M Bulldogs",64.1461479752917
"Antoniette Emma-Nnopu","Weber State Wildcats",64.1369964274777
"Gabby Turco","Rider Broncs",64.1244662004804
"Nya Robertson","SMU Mustangs",64.1217541433505
"Brianna Jackson","Troy Trojans",64.104893459043
"Katie Peneueta","Sacramento State Hornets",64.0995618655891
"Tasia Jordan","Idaho State Bengals",64.0959750062146
"Jaylo Bello","Walla Walla Wolves",64.0909651004861
"Ciani Montgomery","Lincoln (PA) Lions",64.0840115348496
"Raven Johnson","South Carolina Gamecocks",64.0813945904796
"Sahara Williams","Oklahoma Sooners",64.0795585631278
"Jaisa Gamble","Alaska Anchorage Seawolves",64.0783737689698
"Saylor Poffenbarger","Maryland Terrapins",64.0761738455297
"Anovia Sheals","Austin Peay Governors",64.0744170499647
"Neeley Tilly-Bedick","Nelson Lions",64.0738885513565
"Malia Fisher","Rice Owls",64.0687617659552
"Cherika Rafan","Lincoln (CA) Oaklanders",64.0678151548317
"Jalyn Holcomb","Lipscomb Bisons",64.0637605080301
"D'Yanna Maxey","Mississippi Valley State Devilettes",64.0622004617676
"Amaris Baker","Drexel Dragons",64.0574311616026
"Ja'Leah Williams","Louisville Cardinals",64.0558557987538
"Tiffany Tullis","Houston Christian Huskies",64.0543347904013
"Ashleigh Connor","La Salle Explorers",64.0503258752931
"Courtney Dahlquist","Campbell Fighting Camels",64.0374861332729
"Shay Holle","Texas Longhorns",64.0235195420383
"Kiyley Flowers","Eastern Illinois Panthers",64.0186424989567
"Taylor Henderson","UNC Wilmington Seahawks",64.0134840304245
"Amelia Wood","Sacred Heart Pioneers",64.0112327443455
"Chloe Sterling","Hofstra Pride",63.9959316922136
"Shakiria Foster","North Carolina Central Eagles",63.9935590165472
"Brie Crittendon","Utah Tech Trailblazers",63.9871140906262
"Ashton Judd","Missouri Tigers",63.9833134058455
"Daejah Richmond","UT Martin Skyhawks",63.9829922457147
"Janay Brantley","Stony Brook Seawolves",63.9774197463583
"Jordon Lewis","UMBC Retrievers",63.9762374832554
"Lexie Tarul","Marist Red Foxes",63.9760579995465
"Elli Garnett","Nicholls Colonels",63.9754753937784
"Zyion Shannon","Arkansas State Red Wolves",63.9630829078871
"Calysia Phillips","Mississippi University For Women Owls",63.9618293299582
"Bailey Maupin","Texas Tech Lady Raiders",63.9486307824478
"Reagan Jackson","Cincinnati Bearcats",63.9480446827735
"Mesa Byom","South Dakota State Jackrabbits",63.939337870834
"Aaliyah Collins","High Point Panthers",63.9388225345678
"Chloe Wilson","Delaware Blue Hens",63.9372316288068
"Meadow Roland","UNLV Lady Rebels",63.936124088248
"Anjanae Richardson","Norfolk State Spartans",63.93408277382
"Julieta Ceja","Eastern New Mexico Greyhounds",63.9302976813918
"Keiara Griffin","Kennesaw State Owls",63.9234599346663
"Ava Uhrich","Southern Utah Thunderbirds",63.9222837798606
"De'Mauri Flournoy","Georgia Lady Bulldogs",63.91530638577
"Joan Quinn","La Salle Explorers",63.9081812269134
"Emily Pape","Cornell Big Red",63.9005315366021
"Nunu Agara","Stanford Cardinal",63.8973766544772
"Mahogany Cottingham","Delaware State Hornets",63.8942573814476
"Mykayla Cunningham","Lindenwood Lions",63.8921771284171
"Journey Armstead","UAB Blazers",63.8822288208893
"Parris Atkins","Florida International Panthers",63.8810298848689
"Abbie Aalsma","Drake Bulldogs",63.8798416107206
"Daylani Ballena","Southern Utah Thunderbirds",63.8763070781452
"Gracy Wernli","Lindenwood Lions",63.8702051077628
"Nevaeh Dean","UC Irvine Anteaters",63.8686404632637
"Luana Leite","San Francisco Dons",63.8679414320824
"Jo Langbehn","St. Thomas-Minnesota Tommies",63.8676803069993
"Eryka Patton","UNT Dallas Trailblazers",63.8545666027426
"Jaida McCloud","UIC Flames",63.8530900490997
"Tieraney Bolton","Thomas (GA) Night Hawks",63.8425260612224
"Haedyn Roberts","Le Moyne Dolphins",63.8413426194914
"Maya Simon","Texas A&M-San Antonio Jaguars",63.8304477945356
"Rebecca Demeke","Delaware Blue Hens",63.830270307908
"Dakota McCaughan","UNC Asheville Bulldogs",63.8298295510055
"Meloney Thames","UL Monroe Warhawks",63.8281432634254
"Destiny Terrell","Texas State Bobcats",63.8173249614061
"Lamaria Estridge","Shepherd Rams",63.8141692356939
"Lulu Twidale","California Golden Bears",63.812615712476
"Anna Gliatta","Brenau University Golden Tigers",63.8116521652012
"Mya Barnes","Jacksonville State Gamecocks",63.808414074214
"Alberte Rimdal","Nebraska Cornhuskers",63.7981093213889
"Kayla Clark","Bethune-Cookman Wildcats",63.7911379760565
"Tiffany Hammond","Coppin State Eagles",63.7884857550851
"Rikki Harris","Dayton Flyers",63.7781009371234
"Grace Efosa","Providence Friars",63.7716735201726
"Julia Susla","Montevallo Falcons",63.7663872897968
"Abby Jegede","Northeastern Huskies",63.7639152999246
"Avery Howell","USC Trojans",63.7565243564695
"Ericka Huggins","Delaware State Hornets",63.7550118564291
"Sammy Opichka","St. Thomas-Minnesota Tommies",63.7549820666288
"Maddie Webber","Villanova Wildcats",63.7533231136083
"Kaila Rougier","North Florida Ospreys",63.7374129339268
"Mj Simmons","Bethel (TN) Wildcats",63.7192452970002
"Emma Riley","Union Garnet Chargers",63.7132375272301
"Grace O'Neill","Drexel Dragons",63.7123650750915
"Sara Bershers","UAB Blazers",63.7103297042914
"Kseniia Kozlova","James Madison Dukes",63.707134525279
"Sophia Covello","Idaho State Bengals",63.6652469723641
"Kyleigh Brown","Portland State Vikings",63.6638113953458
"Jaleesa Molina","Temple Owls",63.6617525437416
"Kinley Fisher","Central Arkansas Sugar Bears",63.6560354931683
"Mackenzie Nelson","Virginia Tech Hokies",63.6528045271691
"Malia Latu","Santa Clara Broncos",63.6525381696306
"Taylor Eldredge","Cal State East Bay Pioneers",63.6495238830675
"Harsimran Kaur","Rhode Island Rams",63.6408315593018
"Madi Morson","Central Michigan Chippewas",63.6368335978054
"Peyton Starks","Macalester Scots",63.6316245566583
"Laila Blair","Houston Cougars",63.6309180860629
"Kaylie Monday","Cumberland (KY) Indians",63.6236144015326
"Cate Carlson","Radford Highlanders",63.6162917971636
"Claire Henson","Wright State Raiders",63.5992897910873
"Malia Magestro","Youngstown State Penguins",63.598926724047
"Jade Masogayo","Colorado Buffaloes",63.5976221623399
"Leah Williams","Mount Marty College Lancers",63.5971948479157
"Deryanis Colon Velez","Washington Adventist Shock",63.5971714206172
"Alexsandra Alvarado","San Francisco State Gators",63.5934950997786
"Zennia Thomas","Howard Bison",63.5891572388443
"Maureen Stapleton","Stonehill Skyhawks",63.5785631510125
"Ineivi Plata","St. Francis (PA) Red Flash",63.5723177827832
"Zaida Gonzalez","Stony Brook Seawolves",63.571795376081
"Alaya Fitzgerald","Portland State Vikings",63.5717823076017
"Payton Hull","Abilene Christian Wildcats",63.5652951438045
"Kennedy Langham","Samford Bulldogs",63.5652067362469
"Alex Richard","Ball State Cardinals",63.5610813633383
"Lauren Knight","St. Francis (IL) Fighting Saints",63.5585761190764
"Mia Mancini","Bryant Bulldogs",63.5551572970327
"Ja Harvey","Omaha Mavericks",63.5535234057886
"Sug Williams","Little Rock Trojans",63.5529100018054
"Seneca Hackley","UC Riverside Highlanders",63.5528501712398
"T'yana Todd","Boston College Eagles",63.5485353523106
"Malaya Cowles","Wake Forest Demon Deacons",63.5324268003626
"Kylie Feuerbach","Iowa Hawkeyes",63.5135627300613
"Sania Feagin","South Carolina Gamecocks",63.5032632079243
"Kalia Walker","Alabama A&M Bulldogs",63.5000932359901
"Kaemyn Bekemeier","Missouri State Lady Bears",63.4866667984618
"Sammie Puisis","South Florida Bulls",63.4849453745505
"Jyah LoVett","Arizona State Sun Devils",63.4789920095253
"Ella Gallatin","Eastern Washington Eagles",63.4738018820719
"Jo Huntimer","Air Force Falcons",63.472142032787
"Sarah Taub","North Florida Ospreys",63.462953761059
"Quentarra Mitchell","Stetson Hatters",63.460959135735
"Taya Davis","Fordham Rams",63.4579463610721
"Delaney Thomas","Duke Blue Devils",63.4543308323889
"Tori Smiley","Shorter Hawks",63.4497362211433
"Ashlee Harris","Bellarmine Knights",63.4444711423034
"Kylie Flippin","McMurry War Hawks",63.4404011288361
"Zamara Haynes","Maryland Eastern Shore Hawks",63.4387198788932
"Toby Fournier","Duke Blue Devils",63.4344226058432
"Alexi Hempe","South Dakota Coyotes",63.4338478860382
"Saniyah Craig","Jacksonville Dolphins",63.4261022964344
"Jayla Hearp","East Carolina Pirates",63.4166197227048
"Kylee Piche","Bridgewater State (MA) Bears",63.4042344329345
"Reniya Kelly","North Carolina Tar Heels",63.3843948960915
"Amanda Barcello","Utah Valley Wolverines",63.3800123847833
"Jackie Piddock","Marist Red Foxes",63.3798114728159
"Samantha Hoelscher","Cleary University Cougars",63.376207208355
"Jaela Johnson","Canisius Golden Griffins",63.3700852427892
"Nya Smith","UNC Greensboro Spartans",63.3522915922257
"Somah Kamara","Tennessee State Lady Tigers",63.3349734509372
"Shamarla King","Stony Brook Seawolves",63.3320775972833
"Jaila Lee","UNC Greensboro Spartans",63.3309355835551
"Rose Bubakar","Weber State Wildcats",63.3280239134967
"Lauren Jones","Westminster (MO) Blue Jays",63.3233562163901
"Luisa Vydrova","UTEP Miners",63.3221548864497
"Elze Motekaityte","Gardner-Webb Runnin' Bulldogs",63.321417568077
"Lianna Baxter","Oakland Golden Grizzlies",63.3192114390897
"Caroline Lau","Northwestern Wildcats",63.3190482320955
"Kaela Martinez","Mount Marty College Lancers",63.3046581901568
"Macy Silvey","SIU Edwardsville Cougars",63.2978140646481
"Greta Kampschroeder","Michigan Wolverines",63.2911666990079
"Petra Juric","Manhattan Jaspers",63.2861192069771
"Courtlyn Loudermill","Texas Southern Tigers",63.2851526398438
"Giana Hoddinott","Mount St. Mary's Mountaineers",63.2842948251965
"Gabi Fields","Northern Colorado Bears",63.2779960369973
"Deonna Brister","Nicholls Colonels",63.276021394268
"Emani Bennett","Kansas City Roos",63.2669509228877
"Kendall Holmes","Belmont Bruins",63.2644579788457
"Alyssa Phillip","Grambling Lady Tigers",63.2592254260424
"Grace Slaughter","Missouri Tigers",63.2543732742148
"Jalyn Sackrider","Evergreen State Geoducks",63.2539403458656
"Ashley Dickey","Tennessee Southern Firehawks",63.2507699983617
"Imani Perez","Hawai'i Rainbow Wahine",63.2476407795589
"Cordasia Harris","Alabama State Lady Hornets",63.2460991981953
"Tess Barnes","Wyoming Cowgirls",63.2452551724182
"Amber Bourgeois","St. Thomas (TX) Celts",63.2395982997283
"Destiny Goodwin","Trinity Christian (IL) Trolls",63.2392744997147
"Lauren Smith","Tennessee Southern Firehawks",63.2346307518178
"Mariah Elohim","Fresno State Bulldogs",63.2324004014506
"Madison Mathiowetz","South Dakota State Jackrabbits",63.2259105498722
"Naelle Bernard","Loyola Chicago Ramblers",63.2236907749736
"Zsofia Telegdy","Western Kentucky Lady Toppers",63.2226936874664
"Amani Ball","Washington Adventist Shock",63.2200745788362
"Deniya Thornton","Loyola New Orleans Wolfpack",63.2128883071858
"Makoye Diawara","Norfolk State Spartans",63.2016059992751
"Abigail Wilson","UNC Asheville Bulldogs",63.197924327318
"Grace Sullivan","Northwestern Wildcats",63.1850459445102
"Simone Cunningham","Old Dominion Monarchs",63.1845423995502
"Jessica Peterson","SMU Mustangs",63.1825159888963
"Meghan Kenefick","Central Connecticut Blue Devils",63.173362024792
"Samantha Ballantyne","Bethesda University Flames",63.1714501116852
"Cassidy Morris","Brescia Bearcats",63.158933790758
"Savannah Catalon","Seton Hall Pirates",63.152978709658
"Zoesha Smith","Georgia Tech Yellow Jackets",63.1516809344517
"Sydney Ward","Pacific Tigers",63.148381108466
"Nakyah Terrell","High Point Panthers",63.1363029988513
"Sophie Phillips","Rhode Island Rams",63.1347841298349
"Jocelyn Tate","Michigan State Spartans",63.1208622405903
"Breona Hurd","Virginia Cavaliers",63.1195293519295
"Nakiyah Mays-Prince","Georgia Southern Eagles",63.1157886539218
"Ayisse Magassa","La Salle Explorers",63.1061582563866
"Faith Lee","Little Rock Trojans",63.0972080870941
"Adryana Quezada","San Diego State Aztecs",63.0916921820625
"Dani Grim","Oakland Golden Grizzlies",63.0876369971153
"Khia Miller","East Carolina Pirates",63.0873592616519
"Callin Hake","Nebraska Cornhuskers",63.0808783169563
"Ja'Mia Harris","Texas State Bobcats",63.0713805813422
"Liv West","Pittsburgh-Johnstown Mountain Cats",63.051569212543
"Debreasha Powe","Mississippi State Bulldogs",63.0424270538783
"Nan Garcia","Toledo Rockets",63.0408668824799
"Tierra Trotter","UT Rio Grande Valley Vaqueros",63.0309282989277
"Regan Williams","Kansas Jayhawks",63.0296846106364
"Ivane Tensaie","UTEP Miners",63.0273810667783
"Parker Hill","Princeton Tigers",63.0098440341969
"Erin Fry","Regis Rangers",63.007047681134
"D'Arrah Allen","Arkansas-Pine Bluff Golden Lions",63.0067554829211
"Alexis Pettis","Eastern Washington Eagles",63.0055502452085
"Callie Genke","Green Bay Phoenix",63.00161005219
"KK Arnold","UConn Huskies",62.9986059664346
"Stephanie Okowi","Arkansas-Pine Bluff Golden Lions",62.9879278451032
"Erin Fry","Regis (CO) Rangers",62.9867821935427
"Zuriyah Davis","West Georgia Wolves",62.9862658523682
"Brenda Fontana","Old Dominion Monarchs",62.9830805288155
"Sharna Ayres","Northwestern State Lady Demons",62.9824628444223
"Sydney Burns","UC Davis Aggies",62.9793148594768
"MeiLani McBee","Hawai'i Rainbow Wahine",62.9715002095536
"Salese Blow","Wichita State Shockers",62.9714031277394
"Victoria Rivera","Georgetown Hoyas",62.970927482805
"Maleia Bracone","North Carolina A&T Aggies",62.9676889590888
"Maci Rhoades","Valparaiso Beacons",62.967369533732
"Paris Locke","North Carolina A&T Aggies",62.9671804164545
"Taylee Chirrick","Montana State Bobcats",62.9609213092704
"Morgan Demos","Navy Midshipmen",62.9561343574714
"Laia Conesa","Kansas Jayhawks",62.9529320993259
"Mariona Cos-Morales","Rider Broncs",62.9522964191709
"Jordan Heifner","Johnson University (TN) Royals",62.9478051825726
"Meghan Weinrich","Oral Roberts Golden Eagles",62.9393732184467
"Aleighyah Fontenot","Southern Jaguars",62.931308258542
"Achol Akot","UCF Knights",62.9144863451528
"Grace Schmidt","California Baptist Lancers",62.9134680621495
"Douthshine Prien","Grambling Lady Tigers",62.9128883495527
"Ella Farrelly","Monmouth Hawks",62.9123201370676
"Kya Smith","Army Black Knights",62.9060064177062
"Danielle Williamsen","Marist Red Foxes",62.8996418157795
"Tilly Boler","Memphis Tigers",62.8862185887763
"Kristol Ayson","Tulsa Golden Hurricane",62.8810213261891
"Dana Phelan","Staten Island Dolphins",62.8759146311168
"Linzie Wernert","Indiana-Southeast Grenadiers",62.8751170464546
"Meredith Maier","Marshall Thundering Herd",62.8715517362696
"Mykelle Richards","Long Beach State Beach",62.8708974781258
"Anaya Coleman","Southeastern Fires",62.8476958972029
"Audrey Jakway","Haverford Fords",62.8407210165782
"Yanniah Boyd","Binghamton Bearcats",62.8404960323726
"Ta'Viyanna Habib","George Mason Patriots",62.8360581526994
"Brooklyn Thrash","Eastern Michigan Eagles",62.8347435685985
"Tanita Swift","Nicholls Colonels",62.815960142194
"Madison Hart","Bethel (TN) Wildcats",62.8148546399153
"Brynn Farrell","Providence Friars",62.81255383282
"Nakia Cheathman","Alcorn State Lady Braves",62.810337972094
"Elise Jaeger","Northern Iowa Panthers",62.8066745286467
"Julia Rodriguez","West Alabama Tigers",62.7920270050536
"Rebecca Walter","Blue Mountain College Toppers",62.7917072412452
"Jayda Angel","Elon Phoenix",62.7888216042931
"Makayla Jackson","Detroit Mercy Titans",62.7882631532951
"Gracyn Lovette","Lehigh Mountain Hawks",62.7882214802675
"MaKayla Elmore","Pittsburgh Panthers",62.7769882853981
"Kate Bradley","Oklahoma Christian University Eagles",62.7745358565775
"K'Nari Holliday","West Georgia Wolves",62.7742095412159
"Jayla Kimbrough","New Orleans Privateers",62.7710827678013
"Fanta Gassama","New Mexico State Aggies",62.7673373214107
"Maiya Petit","Fort Lauderdale Eagles",62.7627279352001
"Jaci Jones","Northern Kentucky Norse",62.7568320077108
"Skyler Gill","Florida Gulf Coast Eagles",62.7508578827992
"Layla Gold","Valparaiso Beacons",62.7506156583456
"Dagny Slomack","Central Connecticut Blue Devils",62.749915326114
"Allie Kubek","Maryland Terrapins",62.7434058927564
"Tessa Miller","Clemson Tigers",62.7393054240944
"Chrishawn Coleman","Morehead State Eagles",62.7376389475969
"Jazzlyn Linbo","Purdue Fort Wayne Mastodons",62.7351609475533
"AJ Marotte","Oregon State Beavers",62.7326586809961
"Nahawa Diarra","Mercer Bears",62.7310674652046
"Niya Fields","Norfolk State Spartans",62.7305739927296
"Jamisyn Heaton","Utah State Aggies",62.727679185697
"Alecia Doyle","Northern Illinois Huskies",62.7157849933843
"Eva Levingston","Cal State Fullerton Titans",62.7048276486454
"Miannah Little","Tarleton State Texans",62.7032997688381
"Zoe Shaw","St. Bonaventure Bonnies",62.6960966653062
"Erica Lafayette","Louisiana Ragin' Cajuns",62.6867853823443
"Emily Foy","Saint Mary's Gaels",62.6806123172682
"Tatum West","Northern Colorado Bears",62.6801124728149
"Gabby Reynolds","George Washington Revolutionaries",62.6430159768237
"Kera Martinez","Dallas Christian Crusaders",62.6235706715485
"Fiona Snashall","Regis (CO) Rangers",62.6230399470364
"Paige Bradley","Tulsa Golden Hurricane",62.618218032318
"Taja Stephens","Salem University Tigers",62.6142447637159
"Faith Acker","Tarleton State Texans",62.6063089035448
"Morgan Sieper","Southern Miss Lady Eagles",62.6048688269692
"Celebria Peacock","Wiley Wildcats",62.6044569948659
"Kaleigh Addie","Georgia State Panthers",62.5938116201933
"Ta'Ziah Jenks","Florida Atlantic Owls",62.5866984759119
"Sadie Stetson","Samford Bulldogs",62.5675369079752
"Alexis Calderon","New Orleans Privateers",62.5674143231202
"Jaeda Murphy","Mississippi Valley State Devilettes",62.5639833838643
"Cara McCormack","Drexel Dragons",62.5611134542179
"Ariella Goren","Arlington Baptist Patriots",62.5588087966588
"Nyam Thornton","Prairie View A&M Lady Panthers",62.5527323060805
"Autumn Taylor","Clarion Golden Eagles",62.5503866816566
"Reigan Richardson","Duke Blue Devils",62.5368698611313
"Alex Rouse","Eastern Illinois Panthers",62.5347364293136
"Keanna Rembert","Charlotte 49ers",62.5326768331468
"Ndack Mbengue","UTEP Miners",62.5289994238034
"De'Asia Johnson","UNT Dallas Trailblazers",62.5264218241251
"Malia Mastora","Pepperdine Waves",62.5260532294028
"Lydia Hay","Bethel (MN) Royals",62.5251171535113
"Indya Nivar","North Carolina Tar Heels",62.5244061005662
"Shelley Duchemin","UC Riverside Highlanders",62.5164017129972
"Kayla Blackshear","Georgia Tech Yellow Jackets",62.5161606926403
"Kayla Rice","Illinois-Springfield Prairie Stars",62.5113611533704
"Mallory Heyer","Minnesota Golden Gophers",62.5039485331999
"Parker Montgomery","UC San Diego Tritons",62.5010131957451
"Brooke Beresford","College of Idaho Yotes",62.4952866126647
"D'Mya Griffin","Florida A&M Rattlers",62.4751199461364
"Ivey Schmidt","Western Colorado Mountaineers",62.4706608600798
"Christeina Bryan","Seattle U Redhawks",62.462939182504
"KK Rodriguez","SIU Edwardsville Cougars",62.4623468082811
"Macey Fegan","Cleveland State Vikings",62.4593288308217
"Zoey Ward","Iona Gaels",62.4584133414004
"Emely Rodriguez","UCF Knights",62.4553590013716
"Jenna Johnson","Utah Utes",62.4459674581108
"Emma Kirby","Sacred Heart Pioneers",62.4432378588674
"Kirah Dandridge","Radford Highlanders",62.440518376618
"Makiya Miller","Wright State Raiders",62.4257826223939
"Elisa Mevius","Oregon Ducks",62.4196436741715
"Emina Selimovic","Fairfield Stags",62.4136306771975
"Saniyah Neverson","Northern Arizona Lumberjacks",62.4048269791573
"Sidney Thue","Mount Marty College Lancers",62.3993654605996
"Jianna Morris","Louisiana Tech Lady Techsters",62.3978762275478
"Julianna Almeida","Navy Midshipmen",62.3931691347039
"Dionna Gray","Kent State Golden Flashes",62.3885930572471
"India Johnston","Towson Tigers",62.3774426574861
"Nina Horvath","East Texas A&M Lions",62.3745572456938
"Johnea Donahue","Bowling Green Falcons",62.370093140073
"Tuana Coskun","Bucknell Bison",62.3681658832653
"Sarengbe Sanogo","Texas Tech Lady Raiders",62.3648566146307
"Evelyn Lorenzo","Texas A&M-San Antonio Jaguars",62.3631496406721
"Emily Bowman","Samford Bulldogs",62.3591958744585
"Rylee Ghent","Johnson C Smith Golden Bulls",62.3431796920193
"Betsey Burnett","Johnson C Smith Golden Bulls",62.3413981746084
"Alexa Hocevar","IU Indianapolis Jaguars",62.3338594745584
"Lexi McCully","Southeast Missouri State Redhawks",62.3267210718517
"Jailah Pelly","Arkansas-Pine Bluff Golden Lions",62.3251827312295
"Alexandra Long","Bates College Bobcats",62.317389258502
"Lauren Ware","Texas A&M Aggies",62.310177448745
"Aniah Hall","Northern Colorado Bears",62.3059230652805
"Zanoria Cruz","Western Carolina Catamounts",62.3017481904943
"Natalie Pasco","Boise State Broncos",62.2977868443981
"Zoe Borter","UC Santa Barbara Gauchos",62.2960633856923
"Jeana Weatherspoon","Kentucky State Thorobreds",62.2924999393626
"Clara Gomez","New Hampshire Wildcats",62.2910020289817
"Myra Bell","Incarnate Word Cardinals",62.2738164064991
"Kylie Lavelle","St. John's Red Storm",62.2697455765176
"Rylei Waugh","San José State Spartans",62.2672559932242
"Reese Ross","Utah Utes",62.2628821955354
"Ellie McDermid","Bradley Braves",62.2597594992963
"Tamar Singer","Miami (OH) RedHawks",62.2534729942306
"Morgan McMahon","Colgate Raiders",62.2478308064344
"Shaulana Wagner","Troy Trojans",62.2448396127543
"Karoline Striplin","Indiana Hoosiers",62.2394982764497
"Katie Davidson","IU Indianapolis Jaguars",62.2383516483938
"Tkiyah Nelson","Southern Illinois Salukis",62.2378162862068
"Tamaiya Mims","Sul Ross State Lobos",62.2369543162266
"Jaiyah Harris-Smith","Alabama A&M Bulldogs",62.2327649219332
"Harley Paynter","Morehead State Eagles",62.230490321378
"Audrey Ericksen","Boston University Terriers",62.2251562425769
"Sydni Summers","San José State Spartans",62.224658042608
"Macy Smith","Oakland Golden Grizzlies",62.2237834352663
"Mykel Parham","VCU Rams",62.1987503060045
"Nalani Kaysia","George Mason Patriots",62.197636241724
"Lani White","Virginia Tech Hokies",62.1965709033593
"Jaylia Reed","Mississippi Valley State Devilettes",62.1888181537186
"Emma Von Essen","Hofstra Pride",62.1869646612231
"Kilah Freelon","Texas Tech Lady Raiders",62.1862298865268
"Ande'a Cherisier","Delaware Blue Hens",62.1860292230419
"Savannah White","Indiana State Sycamores",62.1807229161947
"Victoria Moore","North American Stallions",62.1790880088859
"Mary McMillan","Stetson Hatters",62.1768692101638
"Jazmine Spencer","North Florida Ospreys",62.1734723345153
"NJ Weems","Lamar Cardinals",62.1673787745988
"Layla Tillery","Lees-McRae Bobcats",62.1646310487565
"Kamrin Babbs","Bloomfield Deacons",62.1417804971272
"Nevaeh Brown","UCF Knights",62.1416434035705
"Hana Muhl","Manhattan Jaspers",62.1384350961297
"Ariel Jefferson","Arkansas Baptist Buffaloes",62.1320992772249
"Tyler McCliment-Call","Montana Lady Griz",62.1272875383275
"Halle Douglass","Wisconsin Badgers",62.1258467071508
"Fatoumata Jaiteh","Sacramento State Hornets",62.1254710153566
"Emily Carver","App State Mountaineers",62.1156348855069
"Dominique Camp","Syracuse Orange",62.1109010756073
"Alexandria James-Fearon","Chowan Hawks",62.1106103439809
"Karsen Murphy","Chattanooga Mocs",62.0999616478679
"Tiara Bolden","Oregon State Beavers",62.0950435507728
"Mariah Mitchem","Coker Cobras",62.0859832776513
"Meghan O'Brien","Lehigh Mountain Hawks",62.0815948920343
"Teresa Kiewiet","Lafayette Leopards",62.0779666260667
"Jazzy Klinge","North Alabama Lions",62.0761241589647
"Lauren Bailey","Gardner-Webb Runnin' Bulldogs",62.0748052366991
"Aniyah Johnson","North Texas Mean Green",62.0672386829896
"Dymonique Maxie","Nevada Wolf Pack",62.067066202556
"Keira Hanson","Vermont Catamounts",62.0516840346566
"CJ Wilson","Prairie View A&M Lady Panthers",62.0488032594068
"Jenna Lawrence","Arkansas Razorbacks",62.0355060846498
"Dara Tokeshi","Occidental Tigers",62.0307725200812
"Jada Crawshaw","Long Beach State Beach",62.0158345135901
"Gigi Cooke","Houston Cougars",62.0115742707139
"Taylor Napper","Radford Highlanders",62.0099908694834
"Monae' Duffy","Texas A&M-Corpus Christi Islanders",62.0054560729117
"Kelsey Thompson","Old Dominion Monarchs",62.0035791034142
"Sahara Jones","Texas A&M Aggies",62.0018957119252
"Addison Hudspeth","Central Baptist College Mustangs",61.9952374582132
"Asia Boone","Liberty Flames",61.9890221253704
"Ash'a Thompson","Prairie View A&M Lady Panthers",61.988663842627
"Kemery Congdon","BYU Cougars",61.9853511715152
"Susie Rafiu","Columbia Lions",61.9768125146446
"Tymberlin Criswell","Texas A&M-Corpus Christi Islanders",61.9694131124561
"Vera Ojenuwa","Arkansas Razorbacks",61.959745077861
"Gianna Aiello","Brown Bears",61.9532443148513
"Maia Rhay","Westminster (UT) Griffins",61.9483412369648
"Kendal Brigham","Concordia Nebraska Bulldogs",61.9446338075909
"Kaylah Ivey","Boston College Eagles",61.9381879879926
"Leianya Massenat","Jackson State Lady Tigers",61.9362820777191
"Rylan Moffitt","App State Mountaineers",61.9336310348064
"Chelsea Wooten","Western Carolina Catamounts",61.9271328169627
"Megan Campbell","Tiffin Dragons",61.9198839585323
"Sydney Hendrix","Florida A&M Rattlers",61.9120787856805
"Jordan Marshall","Louisiana Tech Lady Techsters",61.9081654065586
"Camryn Collins","Rider Broncs",61.901626195731
"Hailey Adams","Rice Owls",61.8970829306571
"Khadee Hession","Georgetown Hoyas",61.8937577796314
"Tamia Perryman","Bradley Braves",61.8935111469181
"Laila Reynolds","Florida Gators",61.8782367616849
"Victoria Davis","Nevada Wolf Pack",61.8701155870435
"Peyton Kennedy","Saint Louis Billikens",61.8666195387298
"Janna Holley","Cal Lutheran Kingsmen",61.8655055120817
"Makaia Smith","Bethesda University Flames",61.8651669092555
"Anzhane Hutton","East Carolina Pirates",61.8560785914837
"Aisha Dabo","Hampton Lady Pirates",61.855579620581
"Cassandre Prosper","Notre Dame Fighting Irish",61.8496323230025
"Mia Tarver","Utah State Aggies",61.841428902828
"Andrea Daley","Boston College Eagles",61.8389848518677
"Aleah Snead","Saint Joseph's Hawks",61.8348152089151
"Katie Hill","Richmond Spiders",61.8308765601649
"Grace Ceseretti","Union Garnet Chargers",61.8176098119198
"Idara Udo","UTSA Roadrunners",61.8135516636921
"Ariana Bennett","Mercer Bears",61.8127415201922
"Kaya Ingram","Santa Clara Broncos",61.8119481644918
"Shanti Simmons","Georgia Southern Eagles",61.8063236506919
"Talia Dial","Niagara Purple Eagles",61.7825803323968
"Lily Zeinstra","Butler Bulldogs",61.7772337881639
"Lydia Freeman","Grambling Lady Tigers",61.7701234481359
"Kindyll Wetta","Colorado Buffaloes",61.7695735579084
"Maggie Hutka","Colorado Christian Cougars",61.7620922737263
"McKenna Eddings","Georgia Southern Eagles",61.7606079107766
"Elisabeth Aegisdottir","Liberty Flames",61.7594993731258
"Danja Stafford Collins","Utah Valley Wolverines",61.7585634201867
"Abby Wolterman","Northern Kentucky Norse",61.7582366380166
"Nicole Bowlin","Colorado Christian Cougars",61.7521646599131
"Briley Pena","Murray State Racers",61.7405841123664
"Cassandra Smith","Salem University Tigers",61.7368663523818
"Zeryhia Aokuso","Saint Mary's Gaels",61.7365536838736
"Naja Fenelon","Kentucky State Thorobreds",61.7157272572703
"Amari Wright","Seton Hall Pirates",61.7025033199146
"Amaya Collins","IU Columbus Crimson Pride",61.6822986425152
"D'Ayzha Akinson","Shaw Bears",61.6734043646105
"Ashanti Lynch","Maryland Eastern Shore Hawks",61.6717600459175
"Lilly Parke","Fairleigh Dickinson Knights",61.6629848789125
"Mary Leday","Wiley Wildcats",61.6558689944803
"Hannah Rapp","Santa Clara Broncos",61.6550144414551
"Asia Barclay","Jacksonville State Gamecocks",61.6523221982159
"Kace Urlacher","Chicago State Cougars",61.6440121038149
"Zoe Cooper","Jackson State Lady Tigers",61.639132960668
"Wynter Rogers","Arkansas State Red Wolves",61.6281712097
"Kennedy Collins","Thomas (GA) Night Hawks",61.6244685908007
"Carmyn Harrison","Belmont Bruins",61.611292729153
"Olivia Porter","Marquette Golden Eagles",61.6107216308606
"Caileigh Walsh","Northwestern Wildcats",61.6099106699287
"Rachel Kaus","Cornell Big Red",61.6057081042472
"Jasmynne Gibson","North Florida Ospreys",61.5971577789495
"Kirsten Watt","Lees-McRae Bobcats",61.5944496846519
"Ariadna Termis","Georgia Tech Yellow Jackets",61.5816663766699
"Sana'a Garrett","Jacksonville Dolphins",61.5745102037569
"Carmella Hayden","Jarvis Christian Bulldogs",61.5742504325835
"Katie Hamill","Missouri-St. Louis Rivermen",61.5696723555766
"Abby St. Martin","Worcester State Lancers",61.5645998554107
"Lexy Keys","Oklahoma Sooners",61.5591451109813
"Brianna Mead","Long Island University Sharks",61.5570869067197
"JaQuoia Jones-Brown","Long Beach State Beach",61.5552865160747
"Jaida Belton","Texas Southern Tigers",61.5544632665928
"Nicole Stephens","Dayton Flyers",61.5533056168008
"Olivia Rockwood","Maine Black Bears",61.5526444672291
"Destiney McPhaul","Mississippi State Bulldogs",61.5455698539551
"Zakia Rasheed","Akron Zips",61.5433662404021
"Le'Asia Foreman","Hampton Lady Pirates",61.5375624364581
"Chae Harris","Fordham Rams",61.5371657276314
"Naomi Panganiban","San Diego State Aztecs",61.5280041375076
"Braylyn Milton","East Tennessee State Bucs",61.5210923277177
"Sania Copeland","Kansas Jayhawks",61.5143661873277
"Desiree Rogers","Our Lady Of The Lake Saints",61.5142781474437
"Addison O'Grady","Iowa Hawkeyes",61.5127249980118
"Leilani Kapinus","Vanderbilt Commodores",61.5081882775506
"Kennedy Basham","Arizona State Sun Devils",61.5061314312477
"Amy O'Hara","Bradley Braves",61.4968749929055
"Jaileyah Cotton","Jackson State Lady Tigers",61.4968253620448
"Terah Harness","Buffalo Bulls",61.4860282378338
"Sophia Loden","Southern Indiana Screaming Eagles",61.4827974711472
"Agnes Emma-Nnopu","TCU Horned Frogs",61.4673995695119
"Cassidy Geddes","William & Mary Tribe",61.4607276136246
"Jaliena Sanchez","UMBC Retrievers",61.4473433415351
"Kristen Lopez","Whittier Poets",61.4447292909484
"Olivia McGhee","Virginia Cavaliers",61.4434858527726
"Lexi Carlsen","Northern Illinois Huskies",61.4416590606466
"Annukka Willstedt","Texas A&M-Corpus Christi Islanders",61.4401109830618
"Simone Foreman","Holy Cross Crusaders",61.4380231937323
"Emani Burks","Nicholls Colonels",61.4372069949392
"R'Mani Taylor","Lamar Cardinals",61.4353541004492
"Marurdaisha Powell","North American Stallions",61.4342333430816
"Treasure Thompson","Texas Southern Tigers",61.4338182739203
"Jeni Levine","South Carolina Upstate Spartans",61.4315441262429
"Abby Cater","Austin Peay Governors",61.4280360988143
"Ella Fajardo","Iona Gaels",61.4257234972318
"Mariam Sanogo","Canisius Golden Griffins",61.4245738422988
"Christina Midgette","Colgate Raiders",61.4118431500031
"Anna Griffin","Arkansas State Red Wolves",61.3767096742127
"Brielle Williams","Bryant Bulldogs",61.3733415311453
"Ines Debroise","Rhode Island Rams",61.3684512792574
"Kaia Goode","Binghamton Bearcats",61.3674951229622
"Mazatlan Harris","UC Davis Aggies",61.3638512508494
"Rayne Durant","UMass Lowell River Hawks",61.3616390320836
"Maia Rosarion","Morehead State Eagles",61.3612107441987
"Lucia Fleta Robles","Florida International Panthers",61.3371272550669
"Lanae Billy","Weber State Wildcats",61.3369959504479
"Belle Kranbuhl","Monmouth Hawks",61.3359896775594
"Tilda Trygger","NC State Wolfpack",61.3319059485841
"Jania Hall","UNC Wilmington Seahawks",61.3313923967827
"Olivia Wagner","Winthrop Eagles",61.3267334617587
"Brooke Anya","Chattanooga Mocs",61.3218876687502
"Maddy Schreiber","Green Bay Phoenix",61.3217637855164
"Mckenna Harris","Southern-New Orleans Knights",61.3191804425313
"Lily Fandre","Lehigh Mountain Hawks",61.3148199234637
"Alynna Palacios","Park University Gilbert Buccaneers",61.3147104023459
"Abby Schulte","North Dakota State Bison",61.3145693246593
"Emily Sizemore","Asbury Eagles",61.3083256217138
"Lexi Alexander","SE Louisiana Lady Lions",61.3042608083124
"Karissa Smedley","Georgian Court University Lions",61.2930308701652
"Sophia Sabino","Bucknell Bison",61.280614728019
"Ritorya Tamilo","Hawai'i Rainbow Wahine",61.2659202407737
"Elise Turrubiates","Tarleton State Texans",61.258335541448
"Olivia Williams","UC Irvine Anteaters",61.2561455015544
"Lauren Scott","High Point Panthers",61.2528611547812
"Brilynn Findley","Delta State Statesmen",61.2481436038127
"Olivia Smith","Eastern Michigan Eagles",61.2454185341963
"Maddie Rice","UMass Lowell River Hawks",61.2412558971168
"Kayla Rolph","William & Mary Tribe",61.2398008354088
"Amyah Reaves","Hampton Lady Pirates",61.2365218667893
"Keana Foz","Wagner Seahawks",61.2346662777635
"DaKiyah Sanders","Southern Jaguars",61.2322612472069
"Nani Falatea","Oregon Ducks",61.2312790685579
"Kennedy Moore","College Of Biblical Studies Ambassadors",61.2274810627768
"Hayley Berfield","Westcliff Warriors",61.2268262799337
"Jordan Harris","Southern-New Orleans Knights",61.2232272268507
"Laila Fair","Morgan State Lady Bears",61.2213595358729
"Louella Allana","Saint Peter's Peacocks",61.2172668641146
"Mikayla Johnson","Pittsburgh Panthers",61.216670687395
"Gwen Higdon","IU Columbus Crimson Pride",61.207733514819
"Paige Rocca","Missouri State Lady Bears",61.2056026326407
"Sarah Hughes","Bates College Bobcats",61.2006589347808
"Taylor Jameson","Wichita State Shockers",61.1958659181778
"Elina Arike","Middle Tennessee Blue Raiders",61.1586767743071
"Casey Harter","Northwestern Wildcats",61.1409723758122
"Saniyah Glenn-Bello","Harvard Crimson",61.1388994276313
"Aaliyah Pitts","Florida International Panthers",61.1330529509618
"Jailah Donald","St. John's Red Storm",61.1283481198391
"Lovely Sonnier","Long Beach State Beach",61.1258967477506
"Raissa Nsabua","Robert Morris Colonials",61.1257623581832
"Elina Aarnisalo","UCLA Bruins",61.1198350162669
"Stephanie Da Silva","Western New Mexico Mustangs",61.1167959116029
"Emma Pavelek","Point Park Pioneers",61.1165943003302
"Sydney Gandy","Southern Utah Thunderbirds",61.111302454417
"Rylee Rosenquist","Dakota Wesleyan Tigers",61.1009890583079
"Emari Doby","Illinois-Springfield Prairie Stars",61.0814801035457
"Rhe Nae Leach","Whittier Poets",61.0754680503039
"Ashley Tucker","Buffalo State Bengals",61.0735606916774
"Ellie Taylor","Utah Tech Trailblazers",61.0724124114224
"Mary Kay Naro","Boise State Broncos",61.0623971725196
"Londynn Jones","UCLA Bruins",61.0590756227289
"Jaci Powers","Northern New Mexico Eagles",61.0485965626694
"Clare Coyle","Furman Paladins",61.0443218420824
"Cassie Gallagher","South Carolina Upstate Spartans",61.0416953919012
"Cerina Rolle","Florida Gulf Coast Eagles",61.032205833641
"Brianna Barnes","Maryland Eastern Shore Hawks",61.0157328909154
"Maddie Naro","Santa Clara Broncos",61.0114284515594
"Audrey Roden","Nevada Wolf Pack",61.0105604811893
"Makayla Andrews","George Washington Revolutionaries",61.00425144378
"Joana Magalhaes","New Mexico Lobos",61.0039974722352
"Audrey Fuller","Campbell Fighting Camels",60.9975363784133
"Makena Mastora","Pepperdine Waves",60.9948873737169
"Brikayla Gray","UL Monroe Warhawks",60.9935275404537
"Feliah Greer","Miles Golden Bears",60.9816145252129
"Grace Hutson","VCU Rams",60.9680904991996
"Miyah Verse","Georgia Lady Bulldogs",60.9658688642697
"Skye Owen","St. John's Red Storm",60.9637610233051
"Rosie Schweizer","Idaho Vandals",60.9526670501587
"Eleyana Tafisi","App State Mountaineers",60.9522531646466
"Raphaela Toussaint","Eastern Kentucky Colonels",60.949616885802
"Angelina Donato","Mount Saint Mary (NY) Knights",60.9492779189226
"Anahi-Lee Cauley","William & Mary Tribe",60.9488299168044
"Mackenzie Amalia","Eastern Michigan Eagles",60.9483588674716
"Natalie Johnson","St. Francis (PA) Red Flash",60.9471707309911
"Victoria Aguayo","Sul Ross State Lobos",60.9457310388292
"Franka Wittenberg","Canisius Golden Griffins",60.9407316333288
"Maddie Heiss","Wofford Terriers",60.9380684546815
"Isla Airey","Louisiana Tech Lady Techsters",60.9315720993543
"Ni'Kiah Chesterfield","Tusculum Pioneers",60.9202522142163
"Carlea Owens","Our Lady Of The Lake Saints",60.9148434839781
"Kelby Bannerman","Kansas City Roos",60.9095354638369
"Tae'lor Purvis","Xavier Musketeers",60.9013718253532
"Yasminah White","Saint Elizabeth Eagles",60.8986328484011
"Marissa Gingrich","NJIT Highlanders",60.8936850044878
"Taylor Bell","SE Louisiana Lady Lions",60.8891392059353
"Aniya Hooker","Siena Saints",60.8814443776849
"Kha'Niya Evans","Bryant & Stratton Bobcats",60.8696240817558
"Denae Fritz","Texas Tech Lady Raiders",60.8683942510775
"LaImani Simmons","UNC Asheville Bulldogs",60.8582467889502
"Aylesha Wade","Queens University Royals",60.8576641218559
"Denim DeShields","Mississippi State Bulldogs",60.8575203410172
"Haley Thierry","Youngstown State Penguins",60.8525539139645
"London Gamble","Northern Colorado Bears",60.8508959130024
"Jessica Bollwahn","Regis Rangers",60.8490529354861
"Portia Adams","UTEP Miners",60.8417569413507
"Silvia Nativi","Northern Colorado Bears",60.8376785207955
"Jenna Brooks","Bob Jones Bruins",60.8340001465254
"Nyla Inmon","Sam Houston Bearkats",60.8303410157655
"Shania Nichols-Vannett","IU Indianapolis Jaguars",60.8228966801974
"Summah Hanson","UC Irvine Anteaters",60.808993336673
"Brynn Shoup-Hill","Illinois Fighting Illini",60.8086097962064
"Jaila Harding","New Mexico State Aggies",60.8028431566237
"Ronaltha Marc","Winthrop Eagles",60.8015144755339
"Jaecy Eggers","Eastern Washington Eagles",60.7987804521763
"Simone Sawyer","Pennsylvania Quakers",60.7987657497962
"Dani Carnegie","Georgia Tech Yellow Jackets",60.7889969179544
"Tionna Lidge","Southern Jaguars",60.7883707485499
"Brooke Daniels","Michigan Wolverines",60.7701177273758
"Jocelyn Tate","Southern Jaguars",60.7675319638277
"Sarah Ericson","Vermont Catamounts",60.7673989231628
"Kearra Jones","Mississippi Valley State Devilettes",60.7668837928503
"Mikayla Aumer","North Dakota Fighting Hawks",60.7593028997958
"Kloe Froebe","Colorado State Rams",60.7545549489394
"Allison Schwertner","Boston University Terriers",60.745389294789
"Mary-Elizabeth Donnelly","Holy Cross Crusaders",60.7406160489801
"Yasmine Djibril","Canisius Golden Griffins",60.7385328736059
"Jordyn Lamker","St. Thomas-Minnesota Tommies",60.7288187317223
"Taylor Caldwell","Cal State Bakersfield Roadrunners",60.7265084331637
"Fortuna Ngnawo","Troy Trojans",60.7254234141939
"Melody Martinez","Sul Ross State Lobos",60.7201186443714
"Samantha Johnston","Southern Utah Thunderbirds",60.7190087214464
"Alex Buckley","Bethesda University Flames",60.7135882353785
"Chloe Deharo","Northwest Nazarene Nighthawks",60.7085949247868
"Maranda Nyborg","Bryant Bulldogs",60.7027528540987
"Nevaeh Parkinson","Arizona State Sun Devils",60.6953758171679
"Ella Collier","Purdue Boilermakers",60.6946273113084
"Taylor McCabe","Iowa Hawkeyes",60.6914855365868
"Sitori Tanin","Loyola Chicago Ramblers",60.6911608122799
"Camryn Poole","Asbury Eagles",60.6819979432877
"Jada Lee","Robert Morris Colonials",60.6768193722969
"Sianny Sanchez-Oliver","New Mexico State Aggies",60.6600538195585
"Ky Dempsey-Toney","UIC Flames",60.6593003547028
"Ava Gugliuzza","SIU Edwardsville Cougars",60.6564299841921
"Keelie O'Hollaren","Air Force Falcons",60.643958090837
"Morgan Edwards","Cal State Northridge Matadors",60.6379707221712
"Mckenzie Bestor","Ripon College Red Hawks",60.6375747224499
"Kiarra Henderson","Alcorn State Lady Braves",60.6280338808951
"Ivy Bales","American University Eagles",60.6266546649263
"Nya Threatt","UT Arlington Mavericks",60.611261572612
"Grace Hall","Penn State Lady Lions",60.6049315611381
"Kaitlyn Edmondson","Eastern New Mexico Greyhounds",60.6037865511841
"Mya Murray","Robert Morris Colonials",60.5988825421246
"Paige Neal","Saint Elizabeth Eagles",60.5932981098981
"Trinity Rowe","Southern Miss Lady Eagles",60.5927335041422
"Linda Amaning","Saint Peter's Peacocks",60.5920424581538
"Aalyssa Rogers","Virginia-Lynchburg Dragons",60.5882765859567
"Bella Finnegan","Indiana State Sycamores",60.5849273645801
"Bronagh Power-Cassidy","Villanova Wildcats",60.5835522181091
"Jazmine Soto","Hawai'i Hilo Vulcans",60.5795594637837
"Laila Grant","Saint Peter's Peacocks",60.578034497022
"Sydnee Smith","Macalester Scots",60.5731564124811
"Monesjia Harvey","Oakland City Mighty Oaks",60.5723566603222
"Jessica Petrie","Nebraska Cornhuskers",60.5633729857616
"Alyssa Sand","St. Thomas-Minnesota Tommies",60.5633505167777
"Isabella Mauricio","Brown Bears",60.5586456577883
"Hallie Rhodes","San Diego Toreros",60.5507064068939
"Jayla Reliford","Westcliff Warriors",60.5431541426254
"Kyanna Morgan","Arkansas State Red Wolves",60.5408162712228
"Jayme Horan","Creighton Bluejays",60.5401458808634
"Kiyomi McMiller","Rutgers Scarlet Knights",60.5255308875996
"Logan Nissley","Nebraska Cornhuskers",60.5249689412731
"Sydney Bourland","Cal Poly Mustangs",60.5186800640017
"Carmen Richardson","East Tennessee State Bucs",60.5160504122113
"Olivia Westphal","Eastern Michigan Eagles",60.5118302897679
"Lexi Bull","Southern Utah Thunderbirds",60.5065698693781
"Mackenzie Pettinelli","St. Bonaventure Bonnies",60.4942755862801
"Bella White","Alabama-Huntsville Chargers",60.4926436592647
"Colette Duininck","Bethel (MN) Royals",60.4793892922324
"Chandler Prater","Mississippi State Bulldogs",60.4761061609497
"Amaya Williams","Central Connecticut Blue Devils",60.4711360196683
"Paige Engels","Cornell Big Red",60.4698634634679
"Amelia Mackey","Brescia Bearcats",60.4657674319968
"Caitlin Frost","St. Bonaventure Bonnies",60.4641184764319
"Alexia Smith","Oklahoma State Cowgirls",60.4574107142684
"Maren Louridas","Navy Midshipmen",60.448601302896
"Erin Maguire","Houston Christian Huskies",60.4441047158238
"Kristynn Knight","Coker Cobras",60.4423305619713
"Kiley Snow","SUNY Geneseo Knights",60.4294008126677
"Addy Self","UT Dallas Comets",60.4251376716874
"Abigail Shoff","Saint Mary's Gaels",60.4249719311401
"Maud Huijbens","Gonzaga Bulldogs",60.4238059917616
"A'riel Jackson","Cincinnati Bearcats",60.4153883586476
"Elisha Quinn","Shaw Bears",60.4152910318705
"Nykesha Sanders","East Texas A&M Lions",60.4044159918552
"Shateah Wetering","Northern Iowa Panthers",60.3960053669056
"Haley Burchhardt","Bridgewater State (MA) Bears",60.3948559018266
"Jana El Alfy","UConn Huskies",60.3910014320294
"Kay Kay Green","Charlotte 49ers",60.3835175215123
"Aicha Coulibaly","Texas A&M Aggies",60.3772424334387
"Dani Bayes","Boise State Broncos",60.3742693741593
"Alline Ballard","Cal Lutheran Kingsmen",60.3741075674404
"Neani Stewart","Texas College Steers",60.3691811374513
"Sonia Randall","La Sierra Golden Eagles",60.3634466533178
"Emma Theodorsson","Loyola Chicago Ramblers",60.3585298813526
"Sydney-James Desroches","Eastern Illinois Panthers",60.357137208306
"Ariyah Smith","Cal State East Bay Pioneers",60.3531038948973
"Laura Nickel","Northern Illinois Huskies",60.3521641599293
"Mallory McDermott","Western Illinois Leathernecks",60.3472254059991
"Taylor Bigby","TCU Horned Frogs",60.3417027174026
"Kiayra Ellis","McNeese Cowgirls",60.3366718837522
"Marta Leimane","Colorado State Rams",60.3346192016355
"Ali Brigham","Bryant Bulldogs",60.3147633257129
"DeeDee Hagemann","Memphis Tigers",60.3080331975959
"Kailee Meeker","Wisconsin-La Crosse Eagles",60.2941711008016
"Selina Monestime","Central Connecticut Blue Devils",60.2926268167388
"Eli Clark","Le Moyne Dolphins",60.2851064171139
"Samiya Steele","Jacksonville State Gamecocks",60.2786661722541
"Sydney Jaynes","Butler Bulldogs",60.2709443497304
"Krystina Hagood","Colorado-Colorado Springs Mountain Lions",60.2674980064053
"Kelsey Joens","Iowa State Cyclones",60.2443788818253
"Saga Ukkonen","Fresno State Bulldogs",60.2293823632811
"Brooklynn Miles","Pittsburgh Panthers",60.2209337151115
"Jorah Eppley","Stetson Hatters",60.2203839362442
"Haylee Johnson","Eastern Oregon Mountaineers",60.219585581946
"Raniya White","Jarvis Christian Bulldogs",60.2123112870168
"Grace Stapleton","Indiana-Southeast Grenadiers",60.2072811687767
"Maraja Pass","Elon Phoenix",60.2072021091389
"Elle Blatchford","Gardner-Webb Runnin' Bulldogs",60.2020039305144
"Patience Williams","Georgia State Panthers",60.1964652282572
"Misti Zempel","Mayville State Comets",60.1928136917305
"Keshunti Nichols","Charleston Southern Buccaneers",60.1860401142758
"Madison Adamson","Charleston Southern Buccaneers",60.1837492105574
"Kayla Williams","Texas A&M-Texarkana Eagles",60.1784514731846
"Tea Murray","Haskell Jayhawks",60.1763256847863
"Bineta Diatta","Florida International Panthers",60.1667987278816
"Kyla Jones","Northwestern Wildcats",60.1637119875058
"Carmen Yanez","UMBC Retrievers",60.1568010047269
"Taleah Washington","Wagner Seahawks",60.1474633199276
"Abby Krzewinski","North Dakota State Bison",60.1295526296011
"Olivia Kulyk","NJIT Highlanders",60.1283981677685
"Coryn Watts","Denver Pioneers",60.1109301435202
"Jodi Mullins","Southeastern Fires",60.1099423113745
"Casey Santoro","Florida Gulf Coast Eagles",60.1093715993743
"Ciara Croker","Marist Red Foxes",60.1085680473551
"Kaylen Nelson","Bradley Braves",60.1084248385776
"Tegan Young","Manhattan Jaspers",60.0820863245123
"Isabella Palmqvist","Southern Illinois Salukis",60.0775093488501
"Promise Keshi","Stetson Hatters",60.0751663688996
"Madison Ruff","Mount St. Mary's Mountaineers",60.0737901923634
"Bree Hall","South Carolina Gamecocks",60.0736912293709
"Brinyia Rolax","Fort Lauderdale Eagles",60.0734091379341
"Kayla Schroeder","Park University Gilbert Buccaneers",60.0619595260737
"Mara Neira","App State Mountaineers",60.0552313833003
"Danyel Middleton","UIC Flames",60.0488469795918
"Maddie Burke","Villanova Wildcats",60.0477242579162
"Claire O'Connor","Gonzaga Bulldogs",60.0475021450341
"Elena Pericic","App State Mountaineers",60.0467422786118
"Talia Harris","Mercer Bears",60.0456426511352
"Tessa Johnson","South Carolina Gamecocks",60.03302393521
"Aaliyah Moore","Omaha Mavericks",60.0279379565697
"Zya Vann","Oklahoma Sooners",60.0279212503806
"Maria Konstantinidou","Fresno State Bulldogs",60.026430442633
"Yuting Deng","Auburn Tigers",60.0249886777176
"Janiah Barker","UCLA Bruins",60.0099676752216
"Gabby Anderson","Harvard Crimson",60.0048056714467
"Clarke Jackson","Cornell Big Red",60.0008564174818
"Alexus Motley","Mount Marty College Lancers",59.9908301293028
"Marta Morales Romero","Providence Friars",59.9906484892236
"Macy Mayer","Montana Tech Orediggers",59.9904308173515
"Natalie Magallnes","Western New Mexico Mustangs",59.9901497360715
"Evan Miller","UNC Wilmington Seahawks",59.9810802636255
"Kate Dennis","Ohio Bobcats",59.9742138906933
"Mia Wilson","Christopher Newport University Captains",59.9714201535873
"Natalia Martinez","San Diego State Aztecs",59.9696392685802
"Carly Heidger","Loyola Marymount Lions",59.9695898460605
"Nubia Benedith","Louisiana Ragin' Cajuns",59.9631565351364
"Erica Adams","Cal State Northridge Matadors",59.9556630280729
"Kendal Zeiter","UW-Parkside Rangers",59.9514080072349
"Amiyah Barrow","Centenary (LA) Gentlemen",59.9484687310101
"Gabby Hutcherson","Duquesne Dukes",59.9473891081911
"Andrea Jovicevic","Jessup University Warriors",59.9411343995748
"Olivia Young","Brown Bears",59.9352800205855
"Krista Andersen","Stanislaus State Warriors",59.9145263320377
"Brayli Reimer","Crown College Storm",59.9079882025454
"Cherrel Dorton","Arkansas Baptist Buffaloes",59.8896129488077
"Cire Worley","Coppin State Eagles",59.8833994411294
"Edessa Noyan","Virginia Cavaliers",59.8624342182111
"Zoe Nelson","UT Arlington Mavericks",59.8551281595443
"Brooklyn Rewers","Hawai'i Rainbow Wahine",59.8518403407959
"Nevaeh Ferrara Horne","North Dakota Fighting Hawks",59.8391603598008
"Lauryn Scalice","Nelson Lions",59.8354741528429
"Makayla Firebaugh","Radford Highlanders",59.8243512065488
"Allison Deberry","Evergreen State Geoducks",59.8192132406934
"Shelby Ricks","Bowie State Bulldogs",59.8165621651137
"Ella Brubaker","Pepperdine Waves",59.8104710217341
"Kira Chivers","Loyola Chicago Ramblers",59.8079456440884
"Kamryn Jones","Louisiana Ragin' Cajuns",59.8040700388145
"Charnita Brooks","Blue Mountain College Toppers",59.7842225188545
"Jaylen Ponder","Coastal Carolina Chanticleers",59.776279714824
"Alaina Nettles","Charleston Southern Buccaneers",59.7704304968036
"Jermany Mapp","Queens University Royals",59.7668141634249
"Gabby Moore","Bellevue University Bruins",59.7554382360006
"Kaiya Creek","Howard Bison",59.7524881109026
"Macie Taylor","Wright State Raiders",59.7468937871441
"Bre'Yon White","Wichita State Shockers",59.7434748486985
"Laynee Torres-Kahapea","Portland State Vikings",59.7318532980262
"Natalija Marshall","Miami Hurricanes",59.7284370943753
"Ivet Subirats","Florida A&M Rattlers",59.7153070385975
"Sophie Swanson","Purdue Boilermakers",59.7104682360321
"Madilyn Dogs","NJIT Highlanders",59.7036002970466
"Bailey Stewart","Alice Lloyd College Eagles",59.6997674673853
"Izzy Sullivan","Nevada Wolf Pack",59.6972708677123
"Callie Cooper","Grand Canyon Lopes",59.6922786054804
"Erin Woodson","Abilene Christian Wildcats",59.6883253947612
"E'Laijah Brown","Edward Waters Tigers",59.684785128951
"Lexi Rubel","UT Martin Skyhawks",59.6748907425168
"Sierra Godbolt","Samford Bulldogs",59.6732458075669
"Sidney McCrea","Northern Illinois Huskies",59.6731364556109
"Ajia James","North Carolina A&T Aggies",59.6724391780469
"Tess Myers","Wisconsin Badgers",59.6668184212198
"Tyrielle Williams","McNeese Cowgirls",59.6527909106918
"Alexis Smith","Davis & Elkins Senators",59.6477887699659
"Nikki Tom","UC Irvine Anteaters",59.6429891680756
"Kaydn Mew","La Sierra Golden Eagles",59.6397118737022
"Aniyah Offutt","Life University Running Eagles",59.6340369298115
"Amy Jackson","Cleary University Cougars",59.633278694643
"Dayana Mendes","Washington State Cougars",59.6319851538753
"Rose Caso","Merrimack Warriors",59.6295977509561
"Amaya Oliver","Temple Owls",59.6240924870772
"CeCe Thomas","Hampton Lady Pirates",59.6223234333625
"Amy Cotton","Houston Christian Huskies",59.6198942113376
"Marlie Dickerson","Niagara Purple Eagles",59.617146604225
"Hannah Kohn","Clemson Tigers",59.6147708452798
"Amiah Simmons","San José State Spartans",59.6121444742917
"Trinity Williams","NJIT Highlanders",59.6094656621211
"Loren Christie","Xavier Musketeers",59.6045341401515
"Olivia Moore","Seattle U Redhawks",59.5992328126192
"Sakhmet Lewis","Old Westbury Panthers",59.5985920992345
"Jada Donaldson","Milwaukee Panthers",59.5983042367678
"Nya Valentine","UL Monroe Warhawks",59.5919831520142
"Mariana Espinosa","LeTourneau Yellow Jackets",59.5867510966814
"Kelly Tumlin","Cal State Northridge Matadors",59.584017592944
"Zyriah Price","Siena Saints",59.5702081690501
"Kendall Folley","East Tennessee State Bucs",59.562213484414
"Mimi McCollister","Arkansas State Red Wolves",59.5604779965522
"Kaylah Turner","Temple Owls",59.5596456251147
"Breonna Martinez","La Sierra Golden Eagles",59.5534949824732
"Louis Volker","George Mason Patriots",59.5503662904309
"Jadyn Wooten","Oklahoma State Cowgirls",59.5471192341982
"Shannon Niles","Kentucky State Thorobreds",59.5458073903531
"Soniyah Reed","Southern Jaguars",59.5294637334354
"Maria Rodriguez","College Of Biblical Studies Ambassadors",59.521849857913
"Sauda Ntaconayigize","Lafayette Leopards",59.5199670090145
"Emily Klaczek","Rice Owls",59.5140088178267
"Jasmine Pierce","Saint Elizabeth Eagles",59.4902699166786
"Cydney Wright","Sewanee Tigers",59.4890994471017
"Jasmine Payne","East Texas A&M Lions",59.4857894332436
"Blessing King","Marshall Thundering Herd",59.4826612500261
"Sylena Peterson","New Mexico State Aggies",59.4811643142971
"Kenna Gibson","St. Thomas (TX) Celts",59.4801222649914
"Rachel Cockman","Western Colorado Mountaineers",59.4784767913039
"Zoli Khalil","VCU Rams",59.4777006960252
"Rebekah Gordon","South Carolina Upstate Spartans",59.4776052470181
"Isys Grady","Robert Morris Colonials",59.4719705403984
"Walker Demers","North Dakota Fighting Hawks",59.4692900979745
"Ava Arias","Carnegie Mellon Tartans",59.4572526707287
"Mia Woolfolk","Georgia Lady Bulldogs",59.4547657938895
"Halee Smith","Lafayette Leopards",59.4534118192779
"Faith Fedd-Robinson","Toledo Rockets",59.4406032154136
"Brianna Williams","Le Moyne Dolphins",59.4283174793492
"Tiasia McMillan","Stetson Hatters",59.4273680645262
"Aubrie Rademacher","Montana Tech Orediggers",59.4198555900531
"Tamera Johnson","Penn State Lady Lions",59.4038646121012
"Arianna Jackson","Iowa State Cyclones",59.40123324241
"Jayla Oden","Penn State Lady Lions",59.3939459749487
"Ciante Downs","UL Monroe Warhawks",59.3850347789649
"Olivia Falvey","Sewanee Tigers",59.3813592934425
"Jacelyn Starks","IU Columbus Crimson Pride",59.3658998115029
"Ni'Rah Clark","Akron Zips",59.3628977733347
"Chandler Duncan","Defiance Yellow Jackets",59.3563748037637
"Grace O'Gara","West Georgia Wolves",59.3560801039852
"Karlee White","Harvard Crimson",59.3558556762118
"Zeynep Ozel","Dartmouth Big Green",59.3424845688846
"Laila Anderson","Elon Phoenix",59.3398751897774
"Zy'Nyia White","Alcorn State Lady Braves",59.3354107782802
"Que Huffman","Miami (OH)-Hamilton Harriers",59.3268617639733
"Tamia Ugass","Kansas City Roos",59.3265857430703
"Ravyn Ellis","St. Thomas (TX) Celts",59.3194145883912
"Kendall Eddy","Holy Cross Crusaders",59.3177057245324
"Katie Beyer","Valparaiso Beacons",59.3144135142934
"Kiki Smith","Arkansas Razorbacks",59.3106723383646
"Lana Wenger","Portland State Vikings",59.3029492789832
"Shariah Gailes","Canisius Golden Griffins",59.3005867946231
"Ashtyn Arnold","Bellevue University Bruins",59.28781469556
"Reagan Bass","Purdue Boilermakers",59.2870924666058
"Jaelyn Morrison","Western New Mexico Mustangs",59.2838466347412
"Haley Franklin","Millsaps Majors",59.2806445651848
"Miah Meyer","Green Bay Phoenix",59.2734513491419
"Abbey Lindsey","UMass Lowell River Hawks",59.2682000301594
"Romi Levy","South Florida Bulls",59.2673262330528
"Mallorie Haines","Davidson Wildcats",59.2642296270204
"Mackenzie Chatfield","Western Kentucky Lady Toppers",59.2620331374569
"Shun'teria Anumele","Saint Louis Billikens",59.2557966775328
"Aliah McWhorter","Ohio Bobcats",59.2497061145326
"Tess Heal","Stanford Cardinal",59.2470219934426
"Kennedy Cambridge","Ohio State Buckeyes",59.2339158392335
"Julia Plata","Our Lady Of The Lake Saints",59.2332398371214
"Aysia Hinton","North Carolina Central Eagles",59.2311737519833
"Taylor Gordon","Jarvis Christian Bulldogs",59.2275127237211
"Tessa Chaney","Utah Valley Wolverines",59.2267717077683
"Regan Atkins","Slippery Rock The Rock",59.2202940015989
"Marina Radocaj","Pacific Tigers",59.2156000247002
"Abby Fleetwood","IU Columbus Crimson Pride",59.2118443390035
"Katie Criswell","North Alabama Lions",59.209981407907
"Jala Morgan","Paine Lions",59.2066409929166
"Nyamer Diew","Colorado Buffaloes",59.2055742797295
"Shelby Fiddler","Presbyterian Blue Hose",59.2046129038242
"Kristin Vieselmeyer","Concordia Nebraska Bulldogs",59.1930230806752
"Crystal Schultz","Prairie View A&M Lady Panthers",59.1778825858498
"Amhyia Moreland","New Mexico Lobos",59.1721739946867
"Saige Stahl","Indiana State Sycamores",59.16200654976
"Makiah Asidanya","UNC Greensboro Spartans",59.151680636534
"Olivia Tucker","Campbell Fighting Camels",59.1509385529749
"Deivejon Harris","Texas Southern Tigers",59.1485218017218
"Ava Ryncarz","John Carroll Blue Streaks",59.1480444973541
"Lisa Tesson","Central Michigan Chippewas",59.1479431673217
"Maddie Brillhart","Cumberland (TN) Bulldogs",59.1477983614672
"Aaliyah Ringold","Thomas (GA) Night Hawks",59.1454503629898
"Kennedi Perkins","Marquette Golden Eagles",59.1444486104275
"Delma Zita","UTEP Miners",59.1341945520011
"Raegyn Conley","Wake Forest Demon Deacons",59.1289478640122
"Payton Rechlicz","Milwaukee Panthers",59.1234137895096
"Wakiryah Daniels","Delta State Statesmen",59.1214509584281
"Lilly Meister","Indiana Hoosiers",59.1190679260403
"Trinity White","Murray State Racers",59.1137797687012
"Kailyn Gilbert","LSU Tigers",59.1122500390213
"Peyton Scott","Oregon Ducks",59.1035519390519
"Jenna Villa","Washington State Cougars",59.1019729779292
"Samantha Oase","Dickinson State (ND) Blue Hawks",59.0982834464863
"Jaeden Brown","Southern Utah Thunderbirds",59.0821657849034
"Madison Greene","Vanderbilt Commodores",59.0774085250233
"Molly Moffitt","UAB Blazers",59.0532988814623
"Bre Sutton","Southern Miss Lady Eagles",59.0393444170371
"Amira Brown","San José State Spartans",59.034319463768
"Kristian Young","UIC Flames",59.033469271574
"Chynell Mitchell","UT Rio Grande Valley Vaqueros",59.0297042012364
"Grace Thybulle","Yale Bulldogs",59.0239637181343
"Timea Gardiner","UCLA Bruins",59.0084149773191
"Candice Lienafa","Davidson Wildcats",58.9885245585875
"Faith Burch","Youngstown State Penguins",58.9881008505279
"CeCe Legaspi","California Baptist Lancers",58.9841727051775
"Mya Williams","Georgia State Panthers",58.9744890596781
"Ines Sotelo","Michigan State Spartans",58.9705625567592
"Jada Malone","Texas A&M Aggies",58.9612708845884
"Frances Ulysse","Longwood Lancers",58.9553402611422
"Alyssa Staten","Northeastern Huskies",58.9529063948617
"Elisabeth Peebles","Johns Hopkins University Blue Jays",58.9491477121359
"Brynn Lusby","Incarnate Word Cardinals",58.9339685592295
"MJ Bruno","Montana Lady Griz",58.9288088288905
"Mackenzie Blackford","Duquesne Dukes",58.926008419047
"Megan Harkey","Pepperdine Waves",58.9244277133831
"Nikola Zdenkova","Saint Peter's Peacocks",58.9191576865974
"Natalie Rauwolf","Ripon College Red Hawks",58.9150455470666
"Jessica Grant","UC Santa Barbara Gauchos",58.914678341404
"Annie Ramil","Samford Bulldogs",58.9049738355384
"Diamond Moore-Heath","Clinton College Golden Bears",58.9030740127961
"Lily Carmody","Butler Bulldogs",58.9022131405693
"Liisa Taponen","Akron Zips",58.8970987379831
"Najah Lane","Delaware State Hornets",58.8929091686855
"Ines Bettencourt","Gonzaga Bulldogs",58.8924952495805
"Shaunice Reed","South Carolina State Lady Bulldogs",58.8884922333197
"Sage Bridges-Bey","San Francisco State Gators",58.8795751123401
"Tamia Jones","Wake Forest Demon Deacons",58.877665149325
"Kenadie Lee","Berry Vikings",58.8715531799949
"Elise Hill","Tulsa Golden Hurricane",58.8691920497699
"Demetria Prewitt","Central Michigan Chippewas",58.8663849906941
"Taryn Wharton","Northern Iowa Panthers",58.8612583945156
"Saniah Caldwell","Pennsylvania Quakers",58.8544235016695
"Jocelyn Janda","Hiram Terriers",58.8476806093111
"Lana McCarthy","Purdue Boilermakers",58.8260567462832
"Mireia Yespes","McNeese Cowgirls",58.8168218948578
"Kailee Mulkey","Texas Lutheran Bulldogs",58.816449721698
"Jess Finney","Loyola Chicago Ramblers",58.8154202296231
"Mariyah Person","Cumberland (TN) Bulldogs",58.8011010982812
"Maddi Cluse","Clemson Tigers",58.7988088283838
"Semaya Turner","Towson Tigers",58.798231555562
"Mackenzie Carter","Arkansas Baptist Buffaloes",58.7708107193322
"Chloe Mann","Cincinnati Bearcats",58.7696200914841
"Saniya Jones","Charleston Southern Buccaneers",58.7663510974132
"Mykah Anderson","West Georgia Wolves",58.762377701405
"Gracyn Hall","Emory & Henry Wasps",58.7571331650608
"Kaiya Mack","Cal Lutheran Kingsmen",58.747150860568
"Comari Mitchell","Jacksonville Dolphins",58.742580156031
"Emma Boslet","Saint Joseph's Hawks",58.7394643997804
"Saniya Keys","Oakwood Ambassadors",58.7374684417796
"Nekhu Mitchell","George Mason Patriots",58.7373545741751
"Cha Gardner","Stephen F. Austin Ladyjacks",58.7271191268492
"Jorey Buwalda","Milwaukee Panthers",58.7269627513469
"Amber Abusbeih","Staten Island Dolphins",58.725344725085
"Sole Williams","Texas A&M Aggies",58.7179576117736
"Natalie Leuzinger","Wisconsin Badgers",58.7140739117003
"Raven Thompson","Clemson Tigers",58.7012356160872
"Danyell Booker","Tusculum Pioneers",58.6954558332356
"Chantelle Stuart","Furman Paladins",58.6937608614179
"Katie Vasecka","South Dakota State Jackrabbits",58.6924871205174
"Ally Criddle","Utah Valley Wolverines",58.6854258635215
"Kayla Gordon","Cumberland (TN) Bulldogs",58.684679635822
"Bree Robinson","James Madison Dukes",58.6820380473882
"Nina Solomon","Fort Lauderdale Eagles",58.6774699168353
"Lena Newby","St. Mary's (TX) Rattlers",58.675838950901
"Ka'Miah Pryor","Cedarville Yellow Jackets",58.6756393794477
"Zakiya Stephenson","James Madison Dukes",58.6643067183632
"Aliya McIver","Rider Broncs",58.6636600014247
"Aryss Macktoon","La Salle Explorers",58.660259103324
"Allison Clarke","Loyola Marymount Lions",58.6594200345486
"Jacy Reese","Jarvis Christian Bulldogs",58.6339707392001
"Caitlyn Corley","Sul Ross State Lobos",58.6327238740849
"Hannah Wickstrom","UC Riverside Highlanders",58.6321279762673
"Azyah Newson-Cole","IU Indianapolis Jaguars",58.6245026806801
"Jessica Nerestant","Wiley Wildcats",58.6116750702321
"Sydney Harris","Iowa State Cyclones",58.6044348927783
"Zachara Perkins","Rutgers Scarlet Knights",58.5848433234857
"Amani Coursey","Cheyney (PA) Wolves",58.5795950208478
"Laura Nogues","American University Eagles",58.5664348841475
"Valentina Ojeda","VCU Rams",58.5663384805168
"Rakia Lee","Texas College Steers",58.5518901730511
"Sara Wohlgemuth","North Alabama Lions",58.5361127075575
"Kiley Capstraw","Yale Bulldogs",58.5337607297069
"Cassidy Arni","UW-Parkside Rangers",58.5326809423715
"Jamisyn Stinson","North Florida Ospreys",58.5280392808842
"Emily Wilson","Johnson University (TN) Royals",58.5263461414441
"Alexis Andrews","Charlotte 49ers",58.5225141230034
"Isabella Suero","Johnson & Wales (RI) Griffins",58.5178488222589
"Jasmine Brown-Hagger","Illinois Fighting Illini",58.5092421889288
"Madison Torres","Life Pacific Warriors",58.5087036990272
"Caroline Dotsey","Maine Black Bears",58.4956268440919
"Ashlyn Jones","Louisiana Ragin' Cajuns",58.4942984375677
"Anisha Chintala","Carnegie Mellon Tartans",58.4912309320595
"Jamia Hazell","James Madison Dukes",58.4912132586602
"Lina Pagan","Bluefield University Ramblin' Rams",58.4850607819791
"Jayden Burns","Post University Eagles",58.4688173441309
"Kyrah Davis","Johnson & Wales (NC) Wildcats",58.4668209316709
"Ella Van Weelden","Northern Colorado Bears",58.4545371943131
"Addisyn Freeman","Findlay Oilers",58.4540617364578
"Kendall McGruder","Fairfield Stags",58.4464510492843
"Andjela Matic","Duquesne Dukes",58.4450592701194
"Emily Archibald","Providence Friars",58.4436090833458
"Sara Lewis","George Washington Revolutionaries",58.4425042591925
"Tayla Yost","Corban University Warriors",58.4337523666144
"Tanasha Mills","Dominican (NY) Chargers",58.4176974043037
"Jo Oly","Houston Christian Huskies",58.4168964345998
"Molly Lenz","North Dakota State Bison",58.4140270307917
"A'Niya Young","Fisk Bulldogs",58.4115293047255
"Kiki Roberts","Tennessee State Lady Tigers",58.4098207951316
"Larken Hoar","Park University Gilbert Buccaneers",58.4078174712203
"Rahkhia Mack","Southern Wesleyan Warriors",58.4031304099434
"Shelby Calhoun","Stetson Hatters",58.3845173575484
"LaNae' Corbett","Hofstra Pride",58.3722976310551
"Ola Ustowska","Wyoming Cowgirls",58.3709449788733
"Ava Hawthorne","Drake Bulldogs",58.364940566176
"Jada Tiggett","North Carolina Central Eagles",58.3643367447844
"Monet Dance","William & Mary Tribe",58.3478128709439
"Tierra Sylvas","Southern-New Orleans Knights",58.339365893514
"Caranda Perea","Quinnipiac Bobcats",58.3388606798319
"Makiyah Williams","UIC Flames",58.3387299533753
"Lauryn Milne","Wisconsin-La Crosse Eagles",58.3379944854438
"Cheyenne Rowe","UTSA Roadrunners",58.3334455811273
"Alexis Durham","Mount Olive Trojans",58.3314413868521
"Tomi Hinkle","Tiffin Dragons",58.3084154881943
"Cyanne Coe","Fairfield Stags",58.3039983501438
"Maddie Vejsicky","Akron Zips",58.2894180342615
"Hali Savela","Jamestown Jimmies",58.2847620784576
"Elsa Lemmila","Ohio State Buckeyes",58.2842118283129
"Kiandra Browne","Duquesne Dukes",58.2779414176022
"Ella Sellars","Cedarville Yellow Jackets",58.2768684442966
"Belen Morales Lopez","New Hampshire Wildcats",58.2690469505567
"Kailyn Fields","Kennesaw State Owls",58.2681424970936
"Tracey Bershers","UAB Blazers",58.2666650507113
"Anja Bukvic","Idaho Vandals",58.2623160016471
"Grace Ann Rose","Faulkner Eagles",58.2619282931195
"Destiny Whitaker","Incarnate Word Cardinals",58.2571526906782
"Alexis Giles","Point Park Pioneers",58.2530270226004
"Gabby Wilke","South Dakota Coyotes",58.2270884890358
"Arin Freeman","UIC Flames",58.2212878056088
"Bella Weary","Arkansas State Red Wolves",58.2175757079862
"Lauren Huber","Holy Cross Crusaders",58.2169454109166
"Jess Bickart","Allegheny Gators",58.2150298824209
"Taylor Smith","Alabama State Lady Hornets",58.2013056706751
"Kylee Mabry","Utah Valley Wolverines",58.2009820510332
"Kennedy Perkins","Whittier Poets",58.1998270636223
"Ruba Abo Hashesh","Bradley Braves",58.1979245595032
"Annika Stewart","Minnesota Golden Gophers",58.1828937644845
"Tamana Sharifi","Lincoln (CA) Oaklanders",58.1740408919992
"Aaniya Webb","Tennessee State Lady Tigers",58.1688009345729
"Kailey Starks","Detroit Mercy Titans",58.1679852941118
"Talia Davis","UMBC Retrievers",58.1639596410832
"Halle Smith","SIU Edwardsville Cougars",58.1611404817933
"Kamaria Murray","Oakwood Ambassadors",58.1601570093041
"Gabby Martin","Miami (OH)-Hamilton Harriers",58.1460978164767
"Averi Kroenke","Missouri Tigers",58.1410617115677
"Rhyan Mogel","Portland Pilots",58.1393825682115
"Kalla Bertram","Black Hills State Yellow Jackets",58.1327354172266
"Erika Aspajo","Cal State Northridge Matadors",58.1318885017075
"Dianis Hurtado","Life University Running Eagles",58.1248996865624
"Jordan Lee","Texas Longhorns",58.1120095995664
"Grace Abercrombie","Northeastern State RiverHawks",58.1090770520045
"Eunice Silong","Bryant & Stratton Bobcats",58.1056024931978
"Nnenna Orji","Cal State Northridge Matadors",58.1038472363202
"Paris Atuahene","Emmanuel (MA) Lions",58.1024477496658
"Zaire Harrell","Kansas City Roos",58.1017979921391
"Angelie Ricard","Wagner Seahawks",58.0908962595663
"Diawna Carter-Hartley","Stetson Hatters",58.0874947511428
"Jordyn Williams","Niagara Purple Eagles",58.0776191560564
"Liz Scott","Oklahoma Sooners",58.0730734529031
"Mallory Bruce","Coastal Carolina Chanticleers",58.0652636524501
"Jordan Hodges","Liberty Flames",58.0637488848391
"Amyria Walker","South Alabama Jaguars",58.0630281197477
"Jamie Cowan","Alice Lloyd College Eagles",58.0599028790732
"Tia Dobson","UNC Wilmington Seahawks",58.0591097244425
"Brianna Davis","Manhattan Jaspers",58.0583920292574
"Shaunae Brown","Arkansas State Red Wolves",58.0564170848743
"Ayden Krupke","Bushnell Beacons",58.0477775256502
"Taedom Stein","Cleary University Cougars",58.0395460728133
"Kiana Rios","Saint Martin's Saints",58.0378778878926
"Ever Walker","Cumberland (TN) Bulldogs",58.0289651207137
"Toni Papahronis","Navy Midshipmen",58.0207943788461
"Bibi Mercado","Trinity Christian (IL) Trolls",58.0156230114414
"Claire McDougall","Bradley Braves",57.9942493322578
"Sky Dugan","UNT Dallas Trailblazers",57.9913384604051
"McKeeley Tonkin","Warner Pacific Knights",57.9860468271022
"Martina Boba","Bryant Bulldogs",57.9856822827581
"Angena Belloso","Florida International Panthers",57.9774854133988
"Asia Pearley","Southern Wesleyan Warriors",57.9672144772324
"Jayla Dendy","Paine Lions",57.9600058281985
"Jacee Glasgow","Crown College Storm",57.9593199608168
"Talayah Walker","Penn State Lady Lions",57.9512548250447
"Ava Lickliter","Goshen Maple Leafs",57.950259914597
"Hunter Conway","Lincoln (PA) Lions",57.9450261137565
"Sandra Frau-Garcia","UIC Flames",57.9426594679271
"Shae Mercer","Haverford Fords",57.9346328829421
"Toree Jackson","Harris-Stowe State Hornets",57.9172107182148
"Claire Gregwer","Aquinas Saints",57.9103584417305
"Allison Owens","Texas A&M-Texarkana Eagles",57.9085425940117
"Addison Harris","Montana State Bobcats",57.8986591293718
"Jenna Bowers","IU Columbus Crimson Pride",57.8914207792674
"De'Naya Rippey","Saint Peter's Peacocks",57.8871794958589
"Sadie Shores","Tulane Green Wave",57.8866388078278
"Sydnie Rodriguez","Seattle U Redhawks",57.8864630475767
"Sharonica Hartsfield","Grambling Lady Tigers",57.8833216477659
"Kyra Bruyndoncx","Davidson Wildcats",57.8812730566881
"Devin Hagemann","East Carolina Pirates",57.8711333654062
"Raynne Malik","St. Mary's (TX) Rattlers",57.8708678462583
"Jael Butler","Morgan State Lady Bears",57.8662488957274
"Anya Poole","Clemson Tigers",57.8551633352252
"Leilani Guion","Troy Trojans",57.8545034225618
"Tiny Lewis","Eastern Illinois Panthers",57.8517901219108
"Tatyana Lewis","Warren Wilson Owls",57.8260958482452
"Summah Evans","Clemson Tigers",57.8197598238779
"Jada Session","Furman Paladins",57.8162200008071
"Morgan Aylsworth","Crown College Storm",57.807032014221
"Anala Nelson","Austin Peay Governors",57.8037164687612
"Kaitlyn Bryant","Alabama State Lady Hornets",57.8028128293972
"Kylee Blacksten","West Virginia Mountaineers",57.7996946744578
"Brooke Blumenfeld","Northern Illinois Huskies",57.7985490364114
"Jenna Guyer","Green Bay Phoenix",57.7948614876957
"Ornella Niankan","Wichita State Shockers",57.7833067062709
"Maria Dias","Idaho State Bengals",57.7815047204875
"Kylie Krise","Chadron State Eagles",57.7799698911008
"Alexandra Eldredge","Dartmouth Big Green",57.7745101700644
"Avery Lee","Yale Bulldogs",57.7682382832411
"Gracie Kelsey","Lindenwood Lions",57.7657710650216
"Jordan Bravo","McMurry War Hawks",57.7576867515317
"Mya Petticord","Rutgers Scarlet Knights",57.7569428567259
"Caitlyn Dickerson","Bob Jones Bruins",57.750613881743
"Lily Shepherd","Ohio Christian Trailblazers",57.7422296129461
"Megan Sias","Stonehill Skyhawks",57.7407678146588
"Kayl Petersen","Virginia Tech Hokies",57.732865488632
"Savannah Huerta","Park University Gilbert Buccaneers",57.7286726371719
"Madison Mcdonald","Oakwood Ambassadors",57.7238346183508
"Winner Bartholomew","Rider Broncs",57.7153432516029
"Kambree Barber","BYU Cougars",57.7151796305528
"Helena Rafnsdottir","North Florida Ospreys",57.7151122281229
"Elauna Eaton","Memphis Tigers",57.7148545548324
"Ava Kobus","Allegheny Gators",57.709981864206
"Madelyn Bischoff","Ball State Cardinals",57.7083787549393
"Brooklynn Hankwitz","Montana Tech Orediggers",57.6950809816621
"Rhys Anderson","Central Baptist College Mustangs",57.6924372590727
"Adiya Jones","Buffalo State Bengals",57.691686193321
"Shiho Isono","Incarnate Word Cardinals",57.6906265884123
"Olivia Hutcherson","Princeton Tigers",57.6883767857476
"Alyse Aby","Idaho State Bengals",57.6822011074869
"Emaleigh Tarpley","Cumberland (TN) Bulldogs",57.6819792751463
"Darian Burgin","Alabama A&M Bulldogs",57.6755686837918
"Mya Wasswa","Coker Cobras",57.6662180077287
"Kayleigh Heckel","USC Trojans",57.6640516093168
"Brianna Wooldridge","SIU Edwardsville Cougars",57.655284354682
"Nabaweeyah McGill","Texas A&M-Corpus Christi Islanders",57.6490697034098
"Petra Oborilova","Xavier Musketeers",57.6433401222733
"Berry Wallace","Illinois Fighting Illini",57.6419147126376
"Daeja Holmes","Texas Southern Tigers",57.632068325356
"Breanna Davis","Abilene Christian Wildcats",57.6313316952025
"Janessa Kelley","Bethune-Cookman Wildcats",57.626144465391
"Lisa Thomas","Kansas City Roos",57.6227205083635
"Taylin Smith","Southern Wesleyan Warriors",57.6093080890253
"Ellie Martin","Warren Wilson Owls",57.599040113289
"Tabitha Betson","Colorado Buffaloes",57.5912682508394
"Kacee Kyle","Cedarville Yellow Jackets",57.58750743206
"Thoranna Kika Hodge-Carr","Loyola Chicago Ramblers",57.5873266519333
"Tessa Kinney","Simpson University (CA) Red Hawks",57.5863399295302
"Taylor Wilkins","UNC Asheville Bulldogs",57.5839584328566
"Krystyna Ellew","UIC Flames",57.5825553315047
"Caroline Mullins","UVA Wise Cavaliers",57.5787714547109
"Pien Steenbergen","Liberty Flames",57.563559383859
"Katie Keitges","Omaha Mavericks",57.5624524703869
"Cailynn Dilosa","Harris-Stowe State Hornets",57.5578209288429
"Marisa Chapman","Yale Bulldogs",57.5511854230823
"Jasmine Edwards","Detroit Mercy Titans",57.5447008015296
"Olivia Brown","Wright State Raiders",57.5378677159327
"Gabrielle Joyner","Oakland City Mighty Oaks",57.5358135459497
"Phoenix Gedeon","St. John's Red Storm",57.5283849168304
"Amari Franklin","Alabama State Lady Hornets",57.5208974255287
"Victoria Barrera","Eastern New Mexico Greyhounds",57.5180024132784
"Gabrielle Johnson","Morgan State Lady Bears",57.5166356535838
"Imani Smith","Charlotte 49ers",57.5036472440009
"Briontanay Marshall","Arkansas-Pine Bluff Golden Lions",57.5025576609567
"Johanna Teder","Colorado Buffaloes",57.4940298012025
"Marissa Brown","Charleston Cougars",57.4913259224163
"Kennedy Townsend","Creighton Bluejays",57.4865393830044
"Tabitha Amanze","Princeton Tigers",57.4864679933787
"Sheridan Liggett","Seattle U Redhawks",57.4789220477377
"Daelyn Craig","Nicholls Colonels",57.4733410990996
"Kendall Scott","Gardner-Webb Runnin' Bulldogs",57.473106772275
"Lyndie Ramsey","Emory & Henry Wasps",57.457737946678
"Ilse de Vries","Miami (OH) RedHawks",57.4567822848296
"Destiny Wallace","Georgian Court University Lions",57.4532167835803
"Jenae Dublin","Hampton Lady Pirates",57.4414366117905
"Emerson Green","Northern Iowa Panthers",57.4297046100144
"Kaydan Lawson","Seton Hall Pirates",57.4282354985641
"Sierra Linnin","Le Moyne Dolphins",57.426190796285
"Kennedy Fauntleroy","Arizona State Sun Devils",57.4257914818415
"Tahmala Thorpe","Slippery Rock The Rock",57.389115897621
"Shimei Muhammad","Charleston Southern Buccaneers",57.3859464620411
"Tatyana Wyche","East Carolina Pirates",57.384939100324
"Alexa Quirolo","Staten Island Dolphins",57.3792849887433
"Amauri Williams","Prairie View A&M Lady Panthers",57.3765873685661
"Shiya Hoosier","Kentucky Wesleyan Panthers",57.3605945105854
"Alana Swift","UNC Asheville Bulldogs",57.35441546152
"Amani Abuhatab","Mercy Mavericks",57.3494949391154
"Bailey Garbee","American University Eagles",57.3443064322729
"Katey Richason","Miami (OH) RedHawks",57.3429378733446
"Shannon Fornshell","Drake Bulldogs",57.3391020147882
"Jane Nwaba","Vanderbilt Commodores",57.3283563182977
"Gia Powell","Brown Bears",57.3234792949712
"Taylor Bowen","Lipscomb Bisons",57.3224274942078
"Helana Chadwick","McMurry War Hawks",57.3208629389222
"Jade Rutledge","Niagara Purple Eagles",57.3204258152176
"Ella Johnson","Montana State Bobcats",57.3160851031642
"Natalie Picton","Montana State Bobcats",57.3144559494211
"Mackenzie Daleba","La Salle Explorers",57.3061757576669
"Natalee Trevino","Walla Walla Wolves",57.2963826073353
"Amanda Crowninshield","UT Dallas Comets",57.2948203038623
"Mia Fiore","Merrimack Warriors",57.2869875223921
"Dominique Cabading","Occidental Tigers",57.2853513076121
"Georgia Grigoropoulou","Santa Clara Broncos",57.2848405210964
"Jolene Armendariz","La Salle Explorers",57.2813103434491
"Whitney Dunn","Sam Houston Bearkats",57.2762196833052
"Jordan Wakefield","Towson Tigers",57.2739333033245
"Janae Kent","Texas A&M Aggies",57.2737362405673
"Bre'Anna Rhodes","Jacksonville State Gamecocks",57.2727737367039
"Garrisen Freeman","Cal State Bakersfield Roadrunners",57.2523688663236
"Issy Morgan","Davidson Wildcats",57.2507502146189
"Anyssa Jones","Ohio Bobcats",57.2490474161447
"Adelyn Traylor-Walker","Radford Highlanders",57.2413187478133
"Allie Stockton","Findlay Oilers",57.2378625839723
"Macey Huard","Oklahoma State Cowgirls",57.2331843626771
"Lara Edmanson","Villanova Wildcats",57.2294854547875
"Terren Coffil","South Alabama Jaguars",57.2070055275609
"Maya Linton","UTSA Roadrunners",57.206259189194
"Jordan Reid","Purdue Fort Wayne Mastodons",57.2041375070221
"Brooke Moore","Liberty Flames",57.2030098050996
"Sara-Rose Smith","Colorado Buffaloes",57.1692971829618
"Caroline Orza","Haverford Fords",57.1688395918875
"Kamryn Wilson","Lamar Cardinals",57.1636437580525
"Doneelah Washington","Illinois State Redbirds",57.1560192466249
"Brinley Cannon","BYU Cougars",57.1402841182357
"Aurora Sorbye","Wake Forest Demon Deacons",57.1384627973457
"Anii Harris","Virginia St Trojans",57.1277310594789
"Aniah Alexis","Rice Owls",57.1212266289862
"AC Markham","South Carolina Upstate Spartans",57.1208406750009
"Mara Johnson","Bryn Athyn Lions",57.1181605092693
"Chasity Woodard","Arkansas Baptist Buffaloes",57.1137941970289
"Mia Simpson","Indiana State Sycamores",57.1134617711172
"Abbey Schreacke","Missouri Tigers",57.1132146789621
"Kassidy Broussard","Tennessee Southern Firehawks",57.1105799630994
"Palmire Mbu","Rhode Island Rams",57.0984312333369
"Cate MacDonald","Dartmouth Big Green",57.082095433114
"Shariah Baynes","Towson Tigers",57.0815498197364
"Michaela Bogans","Morgan State Lady Bears",57.0736087848063
"Tamaria Rumph","Morgan State Lady Bears",57.0484468960283
"Aizhanique Mayo","Xavier Musketeers",57.0449234181348
"Jordan Brooks","Bethune-Cookman Wildcats",57.0408874291988
"Hannah Manzaro","Worcester State Lancers",57.0354450980076
"Hallie Turner","Bethel (TN) Wildcats",57.0346196937914
"Sera Hodgson","Maine Black Bears",57.0308450209441
"Awa Sidibe","Rutgers Scarlet Knights",57.0292237089569
"Kaniya Boyd","Tennessee Lady Volunteers",57.0281730029134
"Jaiden Bryant","SIU Edwardsville Cougars",57.0228924205039
"Tess Darby","Tennessee Lady Volunteers",57.0146313099785
"Courtney Lumpkins","Fisk Bulldogs",57.0099752290565
"Kamora Morgan","Northern Kentucky Norse",56.9948859958503
"Emily Florvil","Le Moyne Dolphins",56.9940961477273
"KP Parr","Wichita State Shockers",56.9887710763018
"Izabella Zingaro","Montana Lady Griz",56.9722887009024
"Madi Webb","Southern Indiana Screaming Eagles",56.9686870758425
"Lauryn Swann","Arizona Wildcats",56.962959128615
"Yanessa Boyd","St. Francis (PA) Red Flash",56.9613877317816
"Myriam Traore","Siena Saints",56.9541581447252
"Nyah Wilson","Missouri Tigers",56.9537047440416
"Tessa Engelman","Mount St. Mary's Mountaineers",56.9520701638962
"Bell Martinez","Schreiner Mountaineers",56.9410791213673
"Taylor Turner","Johnson C Smith Golden Bulls",56.9410758925856
"Teniyah Crenshaw-Patterson","Randolph College Wildcats",56.9291693681089
"Raina McGowens","Furman Paladins",56.9290612835983
"Millinda Arguellez","University of The Southwest Mustangs",56.9281169497838
"Angela Slattery","Dakota State Trojans",56.9180309200667
"Dynasty Shegog","Southern Wesleyan Warriors",56.9087957023164
"Madison Greene","Ohio State Buckeyes",56.9032302443409
"Alyssa Clutter","North Alabama Lions",56.8954232216002
"Amaya Bonner","Florida State Seminoles",56.893452138781
"Kamari Sims","George Washington Revolutionaries",56.8912731383601
"Tyler Gray","Coppin State Eagles",56.8901760243641
"Anete Adler","Boston University Terriers",56.885752199103
"Maliyah Johnson","Ball State Cardinals",56.8855845900781
"Tasha Chudy","Lafayette Leopards",56.8738749892891
"Janaia Fargo","Hofstra Pride",56.8642026505086
"Jiya Perry","Delaware Blue Hens",56.8521581755413
"Leah Middleton","Binghamton Bearcats",56.8495026689655
"Aliya Grotjohn","Central Baptist College Mustangs",56.8489635191154
"Taliyah Logwood","Utah State Aggies",56.8378251870728
"Ryann Bennett","UC Davis Aggies",56.8331926274287
"Maggie Vick","Pepperdine Waves",56.8311509893713
"Kaniya Moore","Arkansas Baptist Buffaloes",56.8309763830755
"Mikayla Hutchinson","Prairie View A&M Lady Panthers",56.8284913666773
"Naya Ojukwu","Morgan State Lady Bears",56.8233258157632
"Catherine Chick","Colby-Sawyer Chargers",56.8218398466408
"Megan Bodziony","Le Moyne Dolphins",56.8208294206099
"Maggie Cavanaugh","New Hampshire Wildcats",56.7992599945019
"Gabbi Cartagena","New Orleans Privateers",56.7929532479786
"Claudia Fiel","California Baptist Lancers",56.7884472433606
"Shakira Baskerville","High Point Panthers",56.7749487415579
"Riley Makalusky","Butler Bulldogs",56.7747786326779
"Lydia Melaschenko","Merrimack Warriors",56.7709619122694
"Jaelyn West","King (TN) Tornado",56.7678321240985
"Kadance Blankers","Evergreen State Geoducks",56.7614255552572
"Mikee Buchanan","Bethel (TN) Wildcats",56.7559414604612
"Alanah Pooler","Alabama State Lady Hornets",56.750119763651
"Tatiana Thomas","Kent State Golden Flashes",56.7370999525043
"Tatum Walker","Howard Payne Yellow Jackets",56.7352916661376
"Maddie LaFrance","Bloomsburg Huskies",56.7328335879192
"Lauren Filien","Stony Brook Seawolves",56.729242535801
"Randrea Wright","Central Arkansas Sugar Bears",56.7278838920609
"Talia DePetrillo","Iona Gaels",56.71800484724
"Aubrey Blankenship","Samford Bulldogs",56.7169733992828
"Taylor Anderson","Central Michigan Chippewas",56.7121638170532
"Diaka Berete","Jackson State Lady Tigers",56.7097907585809
"Shakara McCline","DePaul Blue Demons",56.7086205274166
"Dom Nesland","High Point Panthers",56.7076876205175
"Megan Gray","Hendrix College Warriors",56.6948545251648
"Ines Noguero","Georgia Tech Yellow Jackets",56.6933384833001
"Sarah Brans","Idaho Vandals",56.6698384566975
"Layla Powell","Centenary (LA) Gentlemen",56.6664076141385
"Tania Allen","Chicago State Cougars",56.6598703047232
"Rhian Stokes","Saint Joseph's Hawks",56.6585216033137
"Sitota Gines","Buffalo Bulls",56.6556831321804
"Sara Puckett","Tennessee Lady Volunteers",56.6539258330431
"Ce'nara Skanes","Maryland Eastern Shore Hawks",56.6527885325668
"Kylie Grassi","Bridgewater State (MA) Bears",56.6520143009202
"Loy Waid","Northwest Nazarene Nighthawks",56.6519028474683
"Abby Conlee","Westminster (UT) Griffins",56.6471148540284
"Marley Hughes","Viterbo V-Hawks",56.6450080478897
"Kemari Reynolds","Monmouth Hawks",56.6396347844292
"Catie Cunningham","Marist Red Foxes",56.6204704562109
"Jewel Jones","LSU Alexandria Generals",56.6175606178965
"Ashley Hiraki","Cal Poly Mustangs",56.6137900115398
"Anna Przyszlak","La Salle Explorers",56.607323843303
"Alexis Cortez","Air Force Falcons",56.5846358488116
"Mackenzie Williams","Blue Mountain College Toppers",56.5774904473516
"Courtney Ogden","Stanford Cardinal",56.5707177420924
"Jazion Jackson","Arizona State Sun Devils",56.5660404264434
"Camille Dominick","Pittsburgh-Johnstown Mountain Cats",56.5611766922847
"Alana Goodchild","Santa Clara Broncos",56.5600390298274
"Alexis Davis","Buffalo Bulls",56.5522362046482
"Elsie Harris","Jacksonville State Gamecocks",56.5495243358459
"Maxine Engel","George Washington Revolutionaries",56.5491502679596
"Emily Hege","App State Mountaineers",56.5440543495926
"Avery Mills","Liberty Flames",56.5377328186617
"Nalyce Dudley","Sacred Heart Pioneers",56.527858573809
"Tayla Dalton","Gonzaga Bulldogs",56.5250344067446
"Maria Sanchez Ponce","Jacksonville State Gamecocks",56.5215510876821
"Albany Wilson","Erskine Flying Fleet",56.5189264228492
"Kay Donahue","Lafayette Leopards",56.5072325667929
"Mia 'Uhila","Hawai'i Rainbow Wahine",56.506288832643
"Dorothy Wiese","Staten Island Dolphins",56.484503622405
"Kayla Smith","Mercer Bears",56.4753447169807
"Kristyna Boyd","Arkansas-Pine Bluff Golden Lions",56.47413328729
"Nikki Thompson","Simpson University (CA) Red Hawks",56.4695777016098
"Riley Rismiller","Kent State Golden Flashes",56.4561439451001
"Grace LaBarge","Quinnipiac Bobcats",56.4475462675031
"Jenna Kilty","Cal State Northridge Matadors",56.4388671945964
"Emery Baragona","Johnson University (TN) Royals",56.4384287806405
"Zaniyyah Ross-Barnes","Shaw Bears",56.4366846693878
"Greta Miller","Johns Hopkins University Blue Jays",56.4341719860319
"Marissa Shelton","St. Francis (PA) Red Flash",56.4292148628662
"Ava Stoller","SIU Edwardsville Cougars",56.4094634625472
"Camryn Fauria","Binghamton Bearcats",56.4091576226085
"Madison Davis","Western Illinois Leathernecks",56.4073053232508
"Malia Lenz","Vermont Catamounts",56.3972482444924
"Dayuna Colvin","Queens University Royals",56.3814776083188
"Grace Arcoleo","Union Garnet Chargers",56.3776009663097
"Sami Kim","Walsh Cavaliers",56.3740088742746
"Makayla Edwards","Jacksonville Dolphins",56.3707137051215
"Debora dos Santos","San Francisco Dons",56.3638602382172
"Nyah Willis","Charleston Cougars",56.3522916943779
"Arianna Patton","SE Louisiana Lady Lions",56.352029810201
"Elise Livingston","Utah State Aggies",56.3482883260753
"Morgann Gardner","Omaha Mavericks",56.3462743393821
"Circe Rubio Remolar","Delaware State Hornets",56.3426128684707
"Merissah Russell","Louisville Cardinals",56.3378257755415
"Anna Garfield","Bethel (MN) Royals",56.3340341666839
"Avery Kelley","Evansville Purple Aces",56.3290632968133
"Myajae Eubanks","Cumberland (TN) Bulldogs",56.3265768207174
"Emilee Tahata","Rider Broncs",56.3146249938473
"Bukky Akinsola","Georgia Southern Eagles",56.2990102032666
"Lanie Grant","North Carolina Tar Heels",56.291899057189
"Ndjakalenga Mwenentanda","Texas Longhorns",56.2899377566656
"Denaira Williams","UNC Pembroke Braves",56.2893068627725
"Sidney Richards","Cal Poly Mustangs",56.2869752878263
"Taniya McGowan","South Carolina State Lady Bulldogs",56.2756166380632
"Timberlynn Yeast","Marshall Thundering Herd",56.2732526054748
"Julia Corsentino","Marist Red Foxes",56.2538687013101
"Nina Minicozzi","Dartmouth Big Green",56.2518941584642
"Erin Martin","Tennessee State Lady Tigers",56.25168240124
"Mary Ashley Stevenson","Stanford Cardinal",56.2465728632068
"Nevaiah Bell-Tenner","Culver-Stockton Wildcats",56.2273746835551
"Jazmyn Stone","Charleston Cougars",56.221155239997
"Emma Shumate","Michigan State Spartans",56.2153577174388
"Julia Riley","Northern Colorado Bears",56.2034349296866
"Clara Gonzalez Planella","Jacksonville State Gamecocks",56.1907526369234
"Beth Nelson","Brown Bears",56.1878586736021
"Gia Bradley","Colorado-Colorado Springs Mountain Lions",56.1873428991575
"Imbie Jones","Nevada Wolf Pack",56.1868381103702
"McKenzie Stewart","Delaware State Hornets",56.1783858151976
"Haven Verrett","Jarvis Christian Bulldogs",56.1776286268024
"Ornela Muca","Pepperdine Waves",56.1655848559284
"Mya Pierfax","Winthrop Eagles",56.1635041934412
"Sophie Sene","Utah State Aggies",56.1622747141094
"Tinasia Spencer","Chowan Hawks",56.1578051449551
"Isabella Caceres","Hiram Terriers",56.1574557375327
"Mya Hansen","Boise State Broncos",56.154903419863
"Aliyah Matharu","Baylor Bears",56.144184810372
"Khloe Lemon","California Baptist Lancers",56.1432249746651
"Jaye Haynes","Monmouth Hawks",56.1365795599029
"Bella McLaughlin","Boston University Terriers",56.1301659467701
"Michiyah Simmons","South Alabama Jaguars",56.1274306099938
"Khila Morris","Troy Trojans",56.1022556564824
"Julianna Gibson","St. Francis (PA) Red Flash",56.0885450785555
"Sophie Costello","Rensselaer Engineers",56.0750650730579
"Hermione Hicks","Florida National Conquistadors",56.0735819381165
"Loghan Johnson","Texas Tech Lady Raiders",56.0722508074466
"Molly Sheehan","SIU Edwardsville Cougars",56.0643385641039
"Azareya Kilgoe","Cornell Big Red",56.0585660585093
"Lydia Chatira","Harvard Crimson",56.057661909451
"Evangelina Parrish","Chicago State Cougars",56.0571660602103
"Eleecia Carter","UAB Blazers",56.0550423853685
"Lucia Noin","Central Connecticut Blue Devils",56.0405704957009
"Marija Avlijas","Columbia Lions",56.0400245925571
"Nia Jordan","Prairie View A&M Lady Panthers",56.0217436991855
"Caitlyn Panuco","Howard Payne Yellow Jackets",56.0200746882932
"Ella Haney","Maryville College (TN) Fighting Scots",56.0090322426855
"Kaysia Woods","SMU Mustangs",56.0043900500925
"Isabella Hunt","East Tennessee State Bucs",56.0018833650267
"Rose Morse","Cal State San Marcos Cougars",55.9975806632717
"Aaliyah Henderson","Texas Southern Tigers",55.9911773355997
"Montaya Dew","Arizona Wildcats",55.9900552423965
"Jasmine Jones","New Orleans Privateers",55.9873054058774
"Cree Mcclemore","Texas College Steers",55.9783632945548
"Mia Flor","Wofford Terriers",55.9705943777941
"Grace Gavin","Sewanee Tigers",55.9611442248853
"Adriana Shipp-Davis","Radford Highlanders",55.9579949343598
"Cici Hernandez","Mercyhurst Lakers",55.95649145823
"Tamara Christmas","Central Baptist College Mustangs",55.9560361027327
"Grace Townsend","North Carolina Tar Heels",55.9507176006522
"Maliah Preston","Johnson & Wales (NC) Wildcats",55.9467378550957
"Nataya Lockett","Eastern New Mexico Greyhounds",55.9442547973217
"Sarah Talon","Maine Black Bears",55.9438295573298
"Naj White","Post University Eagles",55.9387222147131
"Makayla Blake","Saint Michael's Purple Knights",55.9282821620561
"Tyreona Sibley","SE Louisiana Lady Lions",55.911238369455
"Caitlynn Jordan","Oklahoma Christian University Eagles",55.9016533639392
"Julianna Walter","Guilford Quakers",55.8874697663106
"Alyssa Latham","Tennessee Lady Volunteers",55.8838571665252
"Leilani Augmon","Houston Cougars",55.8780042155966
"Kyla Cruz Baez","Florida National Conquistadors",55.8776206939758
"Diana Collins","Alabama Crimson Tide",55.870077301525
"Janae Tyler","Kent State Golden Flashes",55.8693457589132
"Kylie Fleet","Paine Lions",55.8684741249165
"Joerdan Thomas","St. Thomas (TX) Celts",55.859575856569
"Dakieren Turner","Maryland Eastern Shore Hawks",55.8557360945501
"Hannah Fields","Houston Christian Huskies",55.8473196596157
"Dylan Philip","Montana State Bobcats",55.8465058276259
"Lore Porter","Niagara Purple Eagles",55.8454576017939
"Austin Johnson","North Greenville Crusaders",55.8443019846422
"Jalyssa Carrasco","Roosevelt Lakers",55.8402648590258
"Tori Younker","Corban University Warriors",55.8356835879192
"D'Shantae Edwards","Southern Jaguars",55.8252029255608
"Shayeann Day-Wilson","LSU Tigers",55.8223931045658
"Kyla Smith","Trinity Christian (IL) Trolls",55.8198082633149
"Kennadi Harris","Lake Erie Storm",55.8188604885615
"Mia Wysong","North Greenville Crusaders",55.814916447816
"Mya Miller","Columbia College (MO) Cougars",55.8145970306623
"Morgon Webb","Coastal Georgia Mariners",55.8118008925771
"Mary Gibbons","Navy Midshipmen",55.8107239125109
"Brialle Washington","New Orleans Privateers",55.8101287631132
"Lexi Starr","Indiana-Southeast Grenadiers",55.804959929472
"Caitlin Travis","Loyola New Orleans Wolfpack",55.8038424883555
"Shalayne Nagel","Dakota Wesleyan Tigers",55.8004980405106
"Tatum Greene","Boston College Eagles",55.794866838448
"Taylor Smith","Frostburg State Bobcats",55.7947222614125
"Jade Clack","Tulsa Golden Hurricane",55.7826392659346
"Nyah Lowery","Pacific Tigers",55.7739123620778
"Tykara Harrison","St. Francis (IL) Fighting Saints",55.7711005726292
"Nia Howard","UNC Greensboro Spartans",55.7691270521224
"Demonnie Lagway","Cal State Fullerton Titans",55.7656101719773
"Liza Karlen","Notre Dame Fighting Irish",55.7648617074413
"Libby Privett","Wofford Terriers",55.7585304520305
"Azjah Reeves","McNeese Cowgirls",55.7555038955881
"Andrea Martinez","Gardner-Webb Runnin' Bulldogs",55.7518807948017
"Alli Dioli","Cal State Bakersfield Roadrunners",55.7371596383734
"Daniela Lopez","Xavier Musketeers",55.7311401022881
"Jabrica Leslie","Clinton College Golden Bears",55.7253461017848
"Alice Curman","Southern Illinois Salukis",55.71432741191
"Kayla Lorenz","UT Rio Grande Valley Vaqueros",55.7135555902973
"Coryn Fromm","St. Francis (IL) Fighting Saints",55.7126931375275
"Mir McLean","Maryland Terrapins",55.7096226723276
"Chloe Briggs","Washington Huskies",55.7084325311989
"Alexia Dizeko","Florida Gators",55.7070137392195
"Haylee Sethman","Simpson University (CA) Red Hawks",55.7060911215006
"MG Lymon","Loyola New Orleans Wolfpack",55.6988576996061
"Lalani Ellis","Eastern Illinois Panthers",55.69848578168
"Sierra Johnson","Sacred Heart Pioneers",55.6937341298009
"Marina Artero","St. Francis (PA) Red Flash",55.6922135278304
"Aileen Marquez","Morehead State Eagles",55.6803775048279
"Emme Boots","Goshen Maple Leafs",55.6750157679958
"Carly Keats","Arkansas Razorbacks",55.6730872964471
"Bella Larrison","Anderson (IN) Ravens",55.6642265486943
"Kathryn Scottland","Faulkner Eagles",55.6633903368407
"Breyonce' Jim","Southeastern Baptist College Chargers",55.6602794023337
"Malia Melton","Oglethorpe Stormy Petrels",55.6596919630068
"Dasiya Jones","Colorado Christian Cougars",55.6560183343051
"Jasmine Singleton","San José State Spartans",55.6521737053668
"Chloe Williams","Winston-Salem Rams",55.6450000797602
"Skylar Groesbeck","Warner Pacific Knights",55.6384911893168
"Olivia Poulivaati","Nevada Wolf Pack",55.6223060797583
"Harris Robinson","St. Francis (PA) Red Flash",55.616045284703
"Luka Malinka","Roosevelt Lakers",55.6146733817142
"Morgan Kelson","Livingstone Blue Bears",55.6037176998348
"Emily Hall","Akron Zips",55.5970097495501
"Kyah Smith","Navy Midshipmen",55.5932827183081
"Nekaya Williams","Edward Waters Tigers",55.5887113905509
"Erin Toller","Bellarmine Knights",55.5815784551687
"Sumer Lee","DePaul Blue Demons",55.5766817921925
"Amiah Hargrove","Nebraska Cornhuskers",55.5713436566321
"Raiana Brown","Fairfield Stags",55.5565547480291
"Jada Hunter","Saint Mary's Gaels",55.546136617893
"Jourdyn Wynn","Defiance Yellow Jackets",55.534874495937
"Sylvia Kahoro","Berry Vikings",55.5306592615637
"Esther Little","Gonzaga Bulldogs",55.5280384600639
"Paris Guillory","McNeese Cowgirls",55.5255638728051
"Keimarya Rivera","Oglethorpe Stormy Petrels",55.5222051935252
"Riley Stack","Coastal Carolina Chanticleers",55.5139430575551
"Lauren Davenport","BYU Cougars",55.500937099227
"Taylor Schwab","Arizona Christian Firestorm",55.499185251838
"Emily Strachan","Cal State Fullerton Titans",55.4929360928157
"Carmen Williams","Sacred Heart Pioneers",55.4890888725149
"Ahrianna Scott","Erskine Flying Fleet",55.4868261065726
"Asha Walker","Chicago State Cougars",55.4774496232994
"Weronika Swojak","Warren Wilson Owls",55.4751569188969
"Lauren Scott","Wright State Raiders",55.4567697762693
"Kristina Juric","Manhattan Jaspers",55.4538021904802
"Kyleigh McGuire","Sam Houston Bearkats",55.4292946584571
"Symere Shelton","La Sierra Golden Eagles",55.4196621726101
"Zoe Tillery","UC Riverside Highlanders",55.4168604165055
"Royjeannae Graves","College Of Biblical Studies Ambassadors",55.4060962822028
"De'Ashaj Crawford","Johnson & Wales (NC) Wildcats",55.4036124766632
"Riley Holliday","Lincoln (PA) Lions",55.3965677312243
"T'Aaliyah Miner","Lamar Cardinals",55.3937939905642
"Ella Lune","Eastern Illinois Panthers",55.389059773069
"Mikyah Finley","Shaw Bears",55.3751520547231
"Destiny Robinson","Toledo Rockets",55.3640415189627
"Natalie Larranaga","Northeastern Huskies",55.3510210181899
"Maria Sanchez Pitarch","Northeastern Huskies",55.3219464011714
"O'Mariyah Tucker","Alabama State Lady Hornets",55.3100444663806
"Cami Fulcher","San Francisco Dons",55.3100412787098
"La'Niya Simes","Winston-Salem Rams",55.3049187070038
"Abigail Wright","Harvard Crimson",55.2953866014745
"Symone Harrell","St. Francis (IL) Fighting Saints",55.2950670552607
"Jacklyn Kulow","Jessup University Warriors",55.2934469560351
"Xoe Rosalez","Youngstown State Penguins",55.2916586096283
"Me'Arah O'Neal","Florida Gators",55.2858334836814
"Skylar Bailey","UNC Asheville Bulldogs",55.2805707028452
"Kallie Theisen","South Dakota State Jackrabbits",55.2785127270394
"Shamya Champ","Jarvis Christian Bulldogs",55.2617831252707
"Gianna Angiolet","UT Rio Grande Valley Vaqueros",55.2587280560114
"Delanie Hill","UAlbany Great Danes",55.2499252146111
"Mata Peaua","Weber State Wildcats",55.2354083153519
"Paris Miller","Nelson Lions",55.232548092523
"Crystin Guy","Blue Mountain College Toppers",55.226498043999
"Dannah Martin-Hartwick","LSU Alexandria Generals",55.2194695184521
"Roxane Makolo","Georgia Lady Bulldogs",55.2177283917789
"Daniella Velez","Presbyterian Blue Hose",55.2141154628339
"Saige Gibb","Utah Valley Wolverines",55.2128225661704
"Aspen Thornton","UT Arlington Mavericks",55.2084421004875
"Jelena Perovic","Union Garnet Chargers",55.2068071842561
"Elena Cabello","Eastern Michigan Eagles",55.2059713829702
"Anna Camden","Richmond Spiders",55.2042738929592
"Faith Hayward","Bob Jones Bruins",55.1952875694195
"Nia Hardison","Northwestern State Lady Demons",55.1927187272408
"Chrysta Narcisse","South Alabama Jaguars",55.1923906761864
"Emilee Proctor","Wiley Wildcats",55.1915937578465
"Asiah Baxter","Ohio Bobcats",55.180126348865
"Nicole Kamin","Grand Valley State Lakers",55.1712076311014
"Gisela Segura","Long Island University Sharks",55.1607930013068
"Marta Espinal","Loyola Maryland Greyhounds",55.1514342021692
"Mikaylah Manley","Southern Miss Lady Eagles",55.1467069682441
"Ally Schimel","Oregon State Beavers",55.1404585860006
"Filipa Calisto","George Washington Revolutionaries",55.1384642513986
"Nia Green","Morgan State Lady Bears",55.134795906796
"Renna Schwieterman","Purdue Fort Wayne Mastodons",55.1347843068504
"Mailien Rolf","Arizona Wildcats",55.132814412087
"Lucia Melero Sabat","New Hampshire Wildcats",55.1321812948822
"Jordyn Stokes","Chadron State Eagles",55.124496933735
"Sidney Folkenberg","Walla Walla Wolves",55.1218269708757
"Saniya Burks","Texas State Bobcats",55.1204756829554
"Cambree Blackham","Utah Valley Wolverines",55.1124618671407
"Quanirah Montague","Mississippi State Bulldogs",55.1045395823424
"XaiOnna Whitfield","Tennessee State Lady Tigers",55.1034263452139
"Gemma LaVergne","Corban University Warriors",55.0984566611442
"Mikiyah Mallet","Cheyney (PA) Wolves",55.0972712694024
"Alexis Whitfield","Oregon Ducks",55.087614214978
"Karly Sweeney","Indiana-Southeast Grenadiers",55.0724950961632
"Aaliyah Roberson","TCU Horned Frogs",55.0643046884506
"Aima Ofunrein","Brown Bears",55.0550454261758
"Shannon Wheeler","Dayton Flyers",55.0528183311704
"Kenzie Sirowich","Alaska Anchorage Seawolves",55.0509835660275
"Alexa Lora","Johnson & Wales (RI) Griffins",55.0294298883208
"Ysabel Puente","Life Pacific Warriors",55.0212559950203
"Junae Mahan","UC San Diego Tritons",55.0200738713342
"Anya Choice","UC Santa Barbara Gauchos",55.0068557489903
"Ariana Vanderhoop","St. John's Red Storm",55.0011894077994
"Chloe Williams","Indiana State Sycamores",54.9918563270126
"Abby Mundy","Evergreen State Geoducks",54.9713983498259
"Tomisin Adenupe","Davidson Wildcats",54.9573341136245
"Emani Jenkins","Troy Trojans",54.9517971237499
"Danae Powell","Fresno State Bulldogs",54.9089858666468
"Macy Brackett","Virginia-Lynchburg Dragons",54.9071515984781
"Lanay Wheaton","Louisiana Ragin' Cajuns",54.8980501559469
"Ice Brady","UConn Huskies",54.8946625004018
"Haley Debuse","College Of Saint Mary Flames",54.8859465309109
"Cayla Williams","UC Santa Barbara Gauchos",54.8741856986691
"Kierra Prim","Houston Christian Huskies",54.8510856945607
"Bella Cates","Hendrix College Warriors",54.8470989491048
"Myonna Hooper","Detroit Mercy Titans",54.8366566160091
"Reyna Scott","Oklahoma Sooners",54.83350726386
"Dee Guinn","Faulkner Eagles",54.8122744392918
"Pam Mock","Meredith College Avenging Angels",54.7820778087654
"Layla Henderson","Johns Hopkins University Blue Jays",54.7810870326439
"Chloe Zazueta","Life Pacific Warriors",54.7736863391083
"Olivia Kieffer","South Dakota Coyotes",54.7735257150222
"Elise Grossdidier","Colorado Christian Cougars",54.7335069793331
"Lucia Yenes","New Mexico State Aggies",54.7314694899046
"Michaela Ray","University of The Southwest Mustangs",54.7307806665654
"Rachel Harvey","Eastern Washington Eagles",54.7267015161558
"Kate Hughes","Mount Saint Mary (NY) Knights",54.7158855699034
"Olivia Fernandez","Bryant Bulldogs",54.7078376129922
"Aaliyah Ibarra","Utah Tech Trailblazers",54.6971242242502
"Bryanna Preston","Texas Longhorns",54.6949195414588
"Lilly Ferguson","Massachusetts Minutewomen",54.6899769841088
"Savannah Samuel","Boston College Eagles",54.6893523779679
"Brianna Wilson","Texas Lutheran Bulldogs",54.6823890750971
"Chantae Embry","SMU Mustangs",54.6740727841356
"Madelynn Muniz","Cal State Fullerton Titans",54.6734563479731
"Harmony Earth-Wiley","Bridgeport Purple Knights",54.6600718541345
"Zamareya Jones","NC State Wolfpack",54.6479879159281
"Naomi Barnwell","Robert Morris Colonials",54.6424488653684
"Kiana Henning","Howard Payne Yellow Jackets",54.6378568294051
"Shannen Hinchey","Virginia-Lynchburg Dragons",54.6272249682473
"Jade Fry","Arkansas Baptist Buffaloes",54.6249057763374
"Cianna Roberts","Cheyney (PA) Wolves",54.6205291065711
"Lish Spoonhunter","Haskell Jayhawks",54.6196919900461
"Lydia York","Central Baptist College Mustangs",54.6152249856694
"Skylar Barnes","Southeast Missouri State Redhawks",54.6048476342518
"Shabrica Leslie","Clinton College Golden Bears",54.6010297311904
"Kelsie Imai","Hawai'i Rainbow Wahine",54.5956097919072
"Marley Langi","Cal State Bakersfield Roadrunners",54.5922741809735
"Aminata Diakite","Towson Tigers",54.5695447649951
"Nevaeh Tot","Oklahoma Sooners",54.5668677052907
"Elise Stuck","Ball State Cardinals",54.5642565024256
"Martina Borrellas","UAlbany Great Danes",54.5624269925544
"Emma Santoro","Emory & Henry Wasps",54.5523722473078
"Sydni Morris","Clarke University Pride",54.5350698535324
"Kaison Wood","Alice Lloyd College Eagles",54.5313320809389
"Lillian Null","Goshen Maple Leafs",54.5035202446905
"Addison Branscum","Regis Rangers",54.5015022611523
"Leia Brown","Paine Lions",54.4853841522089
"Queen Ikhiuwu","Wofford Terriers",54.4824112479696
"Hennie Van Schaik","San José State Spartans",54.4624618302391
"Kailey Kalet","Loyola Maryland Greyhounds",54.451767697792
"Summer Bostock","Houston Cougars",54.4295856227726
"Whitney Lind","Lehigh Mountain Hawks",54.4214840503864
"Sydnee Kemp","Sam Houston Bearkats",54.4159107730624
"Jesse Ledgerwood","Indiana-Southeast Grenadiers",54.4153241467519
"Addie Porter","Clemson Tigers",54.4152552745365
"Elle Papahronis","San Francisco Dons",54.4137970931367
"McKenna Layden","Purdue Boilermakers",54.4131764974033
"Kalissa Lacy","Northern Kentucky Norse",54.4126327707127
"Anasia Staton","Towson Tigers",54.4124154765198
"Anna Rescifina","American University Eagles",54.4096899124911
"Alex Gitchenko","UMass Lowell River Hawks",54.408231326514
"Madison Cockrell","Incarnate Word Cardinals",54.4004285741227
"Kyla Davis","McNeese Cowgirls",54.3992885337374
"Kaci Chairs","Prairie View A&M Lady Panthers",54.3988839487378
"Brooklyn Stewart","Brescia Bearcats",54.3900426325217
"Sarah Miller","Pennsylvania Quakers",54.3779230310412
"Irene Asensio","UTEP Miners",54.3771945925294
"Loes Rozing","New Mexico State Aggies",54.3768337321538
"Mimi Rubino","Bryant Bulldogs",54.3545269313706
"Makayla Raines","Southern Wesleyan Warriors",54.3524410594411
"Elivia Moore","Alice Lloyd College Eagles",54.3470630172529
"Adria Lincoln","Montana Lady Griz",54.3456355796677
"Da'naijah Williams","Norfolk State Spartans",54.3340189332321
"Kylee Madden","Southeastern Baptist College Chargers",54.3263846379489
"Chanelle McDonald","Bethune-Cookman Wildcats",54.3156208317885
"Ellie Reynolds","Colorado-Colorado Springs Mountain Lions",54.3155549393893
"Jala Bannerman","Morgan State Lady Bears",54.3111498325178
"Cadence Dykstra","Toledo Rockets",54.3080492608336
"Carla Viegas","Florida State Seminoles",54.3068347523642
"Jaliyah Green","Villanova Wildcats",54.293391832844
"Chloe Van Zeeland","UW-Parkside Rangers",54.2736572725324
"Marie Outlay","Roosevelt Lakers",54.2384943884858
"Jaelyn Talley","North Texas Mean Green",54.2298356968021
"Kenzie Matulonis","New Hampshire Wildcats",54.2288685025176
"Grace Oliver","Colorado Buffaloes",54.2183838185103
"Jana Falsdottir","Cal State Fullerton Titans",54.2172748501457
"Blessing Okoh","Winthrop Eagles",54.2067281000108
"Crystal Smith","Texas State Bobcats",54.1928629292115
"Alonya Waldon","Samford Bulldogs",54.18558035033
"Lilee Carlson","Lake Erie Storm",54.1816879897521
"Ariana Kupi","Adelphi Panthers",54.1809577839692
"Molly Lavin","Drexel Dragons",54.173701515916
"Adreanna Waddle","Prairie View A&M Lady Panthers",54.1719325684946
"Amirah Abdur-Rahim","Texas A&M Aggies",54.1672974130104
"Ciniya Moore","Yale Bulldogs",54.1628269377201
"Emerita Mashaire","Pepperdine Waves",54.1502370499519
"Lauren Friedrich","Columbia College (MO) Cougars",54.1473222325891
"Sofia Bell","Oregon Ducks",54.1450760528435
"Kenza Salgues","Florida Gators",54.1447511940948
"Malaya Jones","Nicholls Colonels",54.1203625359507
"Alexis Gie","Dillard Blue Devils",54.1084077839692
"Sarahia Hurd","Southeastern Baptist College Chargers",54.1060550927726
"Karrin Purchas","Virginia-Lynchburg Dragons",54.1040857752924
"Amelia Scharpf","UC Irvine Anteaters",54.0757905600188
"Gracie Rankosky","Walsh Cavaliers",54.074341392387
"Jordan Wood","Duke Blue Devils",54.0571648914843
"Irune Orio","Xavier Musketeers",54.0558972263657
"Maria Myklebust","Florida Atlantic Owls",54.0471161282945
"Jailah Pineda","Old Westbury Panthers",54.0206343874743
"Julianna Walker","Seattle U Redhawks",54.0145483673083
"Taylor Stremlow","Iowa Hawkeyes",54.0011329719139
"Lyric Johnson","Eastern Illinois Panthers",53.9986223145739
"Petra Bozan","Nebraska Cornhuskers",53.9959669822031
"Jacqueline Aguilar","Bethesda University Flames",53.988260029096
"Natalie Edmonson","Hendrix College Warriors",53.9881837636374
"Charlotte Abraham","Washington State Cougars",53.98269180736
"Karsyn Norman","Butler Bulldogs",53.9670570931728
"Oyindamola Akinbolawa","Auburn Tigers",53.9617372685745
"Grace Koepke","American University Eagles",53.9396827268622
"Taliyah Hayes","Dakota Wesleyan Tigers",53.9351991573818
"Arianna Mosley","Grambling Lady Tigers",53.9291278877837
"Sydney Thomas","Louisiana Tech Lady Techsters",53.9104544616753
"Darrione Rogers","Miami Hurricanes",53.8880626811578
"Ariana Seawell","Buffalo Bulls",53.8643526416395
"Aminata Tal","Presbyterian Blue Hose",53.862477234196
"Tyana Walker","Howard Bison",53.8610276263202
"Katie Krupa","Harvard Crimson",53.852699106097
"Maddy Westbeld","Notre Dame Fighting Irish",53.799812049776
"Kennedy Sanders","Colorado Buffaloes",53.7949325012209
"Elyza Mitchell","Colby-Sawyer Chargers",53.7874750506191
"Caitie Gingras","Cal State Bakersfield Roadrunners",53.7872278107254
"Lee Lee Willis","Kennesaw State Owls",53.7822427952061
"Takiyah Goff","Tennessee Southern Firehawks",53.7656792900515
"Cheyanne Kemp","Central Arkansas Sugar Bears",53.7558367616172
"Riley Montagner","Lake Erie Storm",53.7492465041132
"Ellizabeth Reed","Culver-Stockton Wildcats",53.7472871817844
"Dekezia Moore","Oakwood Ambassadors",53.7453645752996
"Aaryn Battle","Pittsburgh Panthers",53.7392292458437
"Kaylee Bennett","Arlington Baptist Patriots",53.7201681786167
"Nathalie Santana","Wesleyan College (GA) Wolves",53.717874763742
"Brittany Harshaw","Kansas Jayhawks",53.7099597039128
"Makenna Grillone","Colby-Sawyer Chargers",53.7080627334078
"Kyra Long","Miles Golden Bears",53.7071581353106
"Molly Driscoll","American University Eagles",53.6944792221481
"Logan Lewis","IU Indianapolis Jaguars",53.6717414914908
"Madelyn Brown","Saint Martin's Saints",53.6635044229057
"Jhaid Westbrook","Johnson C Smith Golden Bulls",53.6593648993436
"Madison Clay","Howard Payne Yellow Jackets",53.6523404440544
"Kaliah Kendrick","Southern Wesleyan Warriors",53.614197644673
"Akiyonna Joiner","Clinton College Golden Bears",53.6019765337307
"Jariyah Williamson","Southeast Missouri State Redhawks",53.5939487516541
"Klea Kaci","Wagner Seahawks",53.5889126933067
"Eliza Maupin","Kansas State Wildcats",53.5851270771569
"Zariah Davis","Wesleyan College (GA) Wolves",53.5838290159502
"Madison Butcher","Sacramento State Hornets",53.5801410342387
"Momo LaClair","Massachusetts Minutewomen",53.572946184425
"Mary Copple","Canisius Golden Griffins",53.5706019378779
"Fiona Connolly","Valparaiso Beacons",53.570079123347
"Kennedy Eskelson","Weber State Wildcats",53.5698095373944
"Lindsey Knuth","Wisconsin-La Crosse Eagles",53.562389742872
"Kyra Tanabe","Chadron State Eagles",53.5546300339524
"Aleah James","Maryland Eastern Shore Hawks",53.5519226698137
"Tiara Bellamy","UMBC Retrievers",53.5466736754653
"Myona Dauphinas","Haskell Jayhawks",53.5363503692086
"Danielle Vuletich","Robert Morris Colonials",53.5330587892301
"Ana Oliveira Dias","Kansas City Roos",53.5088185055717
"Ahnay Adams","Miami Hurricanes",53.5085097523358
"Aya Keita","San Francisco Dons",53.5039437669243
"Olivia Hixson","Westminster (MO) Blue Jays",53.4964253208966
"Alana Rouser","Florida Atlantic Owls",53.4852815281412
"Anna Conza","Oglethorpe Stormy Petrels",53.4850483820498
"Empress Roberts","Arkansas-Pine Bluff Golden Lions",53.4805495543062
"Sabrina Larsson","Hofstra Pride",53.4800841647486
"Tyranny Brown","Southern Illinois Salukis",53.46835534139
"Nadia Howard","South Alabama Jaguars",53.4640777106303
"Averi Aaron","Louisiana Tech Lady Techsters",53.4405091501145
"Laurel Rockwood","UC Santa Barbara Gauchos",53.437437407742
"Eden Sample","Jacksonville State Gamecocks",53.4339848488429
"Claire Stern","North Dakota State Bison",53.42628230369
"Lauren McCall","San Diego Toreros",53.4158957503329
"Gigi Waddell","Texas A&M-Texarkana Eagles",53.4154925976148
"Leah Barringer","Lees-McRae Bobcats",53.4104792075987
"Sydney Woodley","West Virginia Mountaineers",53.3691493928117
"Paige Cofer","Utah Tech Trailblazers",53.3689193066021
"Alliance Ndiba","Cincinnati Bearcats",53.368446869367
"Laine McGurk","Drexel Dragons",53.3531789089241
"Brianna Turnage","Florida State Seminoles",53.3451844920345
"Olivia Allen","Delta State Statesmen",53.3187014455405
"Phoenix Stotijn","Arkansas Razorbacks",53.3165341689403
"Kaila Berry","Fordham Rams",53.3132632145207
"Taniya Lawson","Southern Jaguars",53.3110427624514
"Mekayla Lumpkin","South Carolina State Lady Bulldogs",53.3079916217231
"Erica King","Youngstown State Penguins",53.3026625165998
"Carla Celaya","Northwestern State Lady Demons",53.2962261184021
"Mariah Clayton","Old Dominion Monarchs",53.2942013822252
"Malia Bullock","Bryn Athyn Lions",53.2715454098624
"Jaedyn Jamison","Mount St. Mary's Mountaineers",53.2476359267189
"Jovi Lefotu","Hawai'i Rainbow Wahine",53.2333548743051
"Kati Ollilainen","Wyoming Cowgirls",53.2304267538193
"Mia Broom","Columbia Lions",53.2182154234092
"Kelsey Langston","Cornell Big Red",53.2088418259216
"Mya Robinson","Fisk Bulldogs",53.202124561098
"Alayna Rocco","Harvard Crimson",53.2012925970191
"Victoria Baker","UC Davis Aggies",53.1935756370479
"Mattie Dale","Central Christian College Tigers",53.1812322877923
"Ines Piper","South Florida Bulls",53.1621756790933
"Erin Condron","UC San Diego Tritons",53.156776684633
"KB Hadley","Siena Saints",53.1537537359609
"Fantasia James","Florida International Panthers",53.1513043667283
"Rebekah Frisby-Smith","William & Mary Tribe",53.1454551635377
"Jayda Wood","Berry Vikings",53.1398882417906
"Taylor Jackson","Oklahoma Christian University Eagles",53.1378564583049
"Cory Santoro","Canisius Golden Griffins",53.1273560670413
"Taj Hunter","Western Carolina Catamounts",53.124992646456
"Jillian Hollingshead","Tennessee Lady Volunteers",53.1157291105024
"Nariyah Simmons","Austin Peay Governors",53.1155021597071
"Amyia Bowie","St. Thomas (TX) Celts",53.099375027821
"Imari Berry","Louisville Cardinals",53.0990105724686
"Kate Hillyer","William Jewell Cardinals",53.0919763315698
"Yvonne Forman","Jarvis Christian Bulldogs",53.0735266476298
"Chana Paxixe","High Point Panthers",53.0537291174763
"Jayda Noble","California Golden Bears",53.0502163223572
"Airah Lavy","St. Francis (PA) Red Flash",53.0489589469239
"Ana Pinheiro","Idaho Vandals",53.0447447114525
"Mia Haynes","Worcester State Lancers",53.0395074691317
"Kyren Wilson","Southern-New Orleans Knights",53.0250034062952
"Amari Faust","Hood College Blaze",53.0189883073667
"Hadleigh Dill","Campbell Fighting Camels",52.9813414864593
"Mya Brown","Buffalo State Bengals",52.9795602720078
"Selene Romero","Bethesda University Flames",52.961545167521
"Justina Graham","Alabama State Lady Hornets",52.9529149852434
"Julia Cruz","Life Pacific Warriors",52.9397406133685
"Ava Card","Chattanooga Mocs",52.9381586812834
"Becca Ledford","West Georgia Wolves",52.9358446558452
"Skylah Travis","Louisiana Ragin' Cajuns",52.9354801964547
"Neenah George","Northern Colorado Bears",52.9202899388561
"Aminah Hall","Bellevue University Bruins",52.8979019185789
"Niki Van Wyk","Tarleton State Texans",52.8752199050045
"Taliyah Parker","Texas A&M Aggies",52.8454605571655
"Nayo Lear","Dayton Flyers",52.8417411685621
"Coral Mason","South Dakota Coyotes",52.8264280605901
"Azaria Knox","Dillard Blue Devils",52.81830725415
"Synia Johnson","East Carolina Pirates",52.8064830721301
"Briahna Scott","Guilford Quakers",52.779676686961
"Joy Haltom","Portland State Vikings",52.7759346651865
"Brooke Kleinig","St. Mary's (TX) Rattlers",52.7730252810522
"Kendalyn Dixon","Meredith College Avenging Angels",52.7442064855309
"Kylie Buckley","Oakland Golden Grizzlies",52.7395445626081
"Dianna Blake","North Carolina Central Eagles",52.7383002504237
"Paige Vanstee","Grand Valley State Lakers",52.7016577771347
"Tatiana Newsome","Jessup University Warriors",52.6899837158416
"Victoria Dixon","Houston Christian Huskies",52.6830630845556
"Peyton Ilderton","Marshall Thundering Herd",52.677208495601
"Gigi Bower","Ohio Bobcats",52.6771187512491
"Olivia Bradley","UC Santa Barbara Gauchos",52.6650054450798
"Lainey Spear","Portland Pilots",52.6647730908165
"Jordyn Beaty","Buffalo Bulls",52.6522201722331
"Hayden Wilkins","Colby-Sawyer Chargers",52.6435781584062
"Ally Stedman","UCF Knights",52.6364695185409
"Frida Formann","Colorado Buffaloes",52.604309887129
"Brionna Sims","Life University Running Eagles",52.5976606430673
"Queen Ruffin","Indiana State Sycamores",52.5965176292168
"Hannah Richardson","St. Bonaventure Bonnies",52.595906812144
"Lauren Audino","Western Michigan Broncos",52.5929887772108
"Ana Conde","Siena Saints",52.5917200909665
"Jayden McBride","Georgetown Hoyas",52.5769392771556
"Aria Myers","NJIT Highlanders",52.5759368784846
"Ke'iara Odume","Yale Bulldogs",52.5705258503613
"Boston Berry","McNeese Cowgirls",52.5640937784247
"Zawadi Ogot","Loyola Marymount Lions",52.5569281465346
"Ines Monteagudo Pardo","Boston University Terriers",52.5256656127242
"Ianna Odulaja","Erskine Flying Fleet",52.5147090389039
"Ania Martinez","Bloomfield Deacons",52.5039888992558
"Kaylan Lockett","Champion Christian Tigers",52.5038130571413
"Emilee Fox","South Dakota State Jackrabbits",52.4992045702809
"Alex Pirog","Montana Lady Griz",52.4859566695563
"Taeya Steinauer","Purdue Fort Wayne Mastodons",52.4814256017863
"Sydney Graber","Purdue Fort Wayne Mastodons",52.4777390953255
"Ari Wiggins","Butler Bulldogs",52.4769198136293
"Carleigh Perry","Guilford Quakers",52.464760657308
"Kailee McDonald","Fairleigh Dickinson Knights",52.4492291055685
"Melissa Secchiaroli","Cal State Bakersfield Roadrunners",52.4313967707095
"Taisiya Kozlova","Seattle U Redhawks",52.4159876231869
"Erica Moon","Texas A&M Aggies",52.4118571229578
"Miraya Perkins","UT Arlington Mavericks",52.4088892674217
"Saharra Murphy","Illinois-Springfield Prairie Stars",52.3931071504926
"Regan Hubert","Cedarville Yellow Jackets",52.388965299456
"Yasmine Brown","Chowan Hawks",52.3789455693472
"Rose Nelson","Fordham Rams",52.3742458901921
"Alahna Paige","Florida Gulf Coast Eagles",52.3686725934915
"Princess Anderson","Wichita State Shockers",52.3673779305947
"Mia Rivers","Abilene Christian Wildcats",52.360323675635
"Cora Olsen","Omaha Mavericks",52.3583594470595
"Bella LaChance","Furman Paladins",52.3522110601748
"Kiley Bundy","Keene State Owls",52.3508986791653
"Sanna Strom","Colorado State Rams",52.3414834476797
"Kyra Lawrence","Delaware State Hornets",52.3309511460837
"Brianna Byars","Cincinnati Bearcats",52.3105590545672
"Gabriela Falcao","UAlbany Great Danes",52.3054042702605
"JaMya Robinson","Longwood Lancers",52.3026053268343
"Emma Kate Tittle","North Alabama Lions",52.284933891407
"Cyriah Griffin","VCU Rams",52.2526820212424
"Chloe Chard Peloquin","Wright State Raiders",52.2510066825407
"Jordan Grenn-Wallace","Walla Walla Wolves",52.2506198573097
"Chloe Vasquez","Iona Gaels",52.2410968194533
"Clemisha Prackett","Mississippi Valley State Devilettes",52.222727527863
"Bri McDaniel","Maryland Terrapins",52.2211859018933
"Sydney Steward","Faulkner Eagles",52.2194120300223
"Julia Thoms","Jamestown Jimmies",52.2118520520564
"Audrey Norville","Black Hills State Yellow Jackets",52.2096601324407
"Lauryn Goettl","Viterbo V-Hawks",52.2025674242597
"Paula Lopez","Buffalo Bulls",52.1971311710744
"Anna Hamilton","Northern Kentucky Norse",52.1958030557642
"Shaniah Nunn","Grambling Lady Tigers",52.1894158461467
"Hannah Wallace","Saint Louis Billikens",52.1871156637657
"Makenna Yeager","Illinois-Springfield Prairie Stars",52.1790370822819
"Nevaeh Otis","Niagara Purple Eagles",52.1621536840693
"Shomari Phillips","Bethune-Cookman Wildcats",52.1612673977744
"Hailey Hohenecker","Chicago State Cougars",52.1525254352621
"Maddy McDaniel","South Carolina Gamecocks",52.1450359828691
"Miriley Simon","North Dakota State Bison",52.1431472536345
"Sille-Liis Molder","UMass Lowell River Hawks",52.13621949578
"Kyra Price","Southern Wesleyan Warriors",52.1323702656787
"Avari Berry","SE Louisiana Lady Lions",52.122207988441
"Karley Johnson","Arkansas Razorbacks",52.1116968467523
"Alaila Walker","Lincoln (PA) Lions",52.1102744951162
"Natalia Chavez","Abilene Christian Wildcats",52.0907493770231
"Edie Clarke","Saint Mary's Gaels",52.0331715203539
"Amina Kameric","UMass Lowell River Hawks",52.0271712843039
"Elena Bertrand","Lipscomb Bisons",52.0071461571348
"Samara Swire","Harris-Stowe State Hornets",51.9885821454876
"Phoebe Frentzel","St. Thomas-Minnesota Tommies",51.9851888103103
"Gwen Jenkins","South Carolina Upstate Spartans",51.9739696607811
"Kayla White","Bethune-Cookman Wildcats",51.9681416225793
"Kahliya Gaitor","Webber International Warriors",51.9662415007415
"Lauren Pete","UNT Dallas Trailblazers",51.9420671933971
"Laia Monclova","Denver Pioneers",51.9419498505687
"Alexsyah Goudeau","UT Arlington Mavericks",51.9411749294296
"Malea Williams","Florida State Seminoles",51.9323543849096
"Trista Fayta","Illinois State Redbirds",51.9194864303531
"Meghan Huerter","UAlbany Great Danes",51.9066528013179
"Keziyah Sanders","Erskine Flying Fleet",51.8898378532898
"Ava Schmidt","Northern Arizona Lumberjacks",51.8696654797829
"Paige Lyons","East Tennessee State Bucs",51.861313328171
"Lizzy Kellam","Southwestern University Pirates",51.851053664208
"Jordyn DeVaughn","Air Force Falcons",51.8430781817354
"Justice Carlton","Texas Longhorns",51.8221267154135
"Janiah Hinton","South Carolina State Lady Bulldogs",51.8073649326344
"Samora Watson","Texas A&M-Corpus Christi Islanders",51.8046358454428
"Mylee Graham","Utah Tech Trailblazers",51.7930125600873
"Dakota Nap","Weber State Wildcats",51.7641440589065
"Paris Gaines","Georgia Southern Eagles",51.7632168713419
"Tyla Heard","Oral Roberts Golden Eagles",51.7443056927959
"Jalynn Bristow","Texas Tech Lady Raiders",51.7371801390094
"Kuryn Brunson","Morehead State Eagles",51.731286554652
"Saniaa Wilson","Syracuse Orange",51.7169309254854
"Anela Thomas","Texas Southern Tigers",51.6907332779635
"Jameelah Pharms","Cal Maritime Keelhaulers",51.6734488860188
"Cici Ellington","Portland State Vikings",51.6674505024582
"Ashanti Backus","Alcorn State Lady Braves",51.6568844111981
"Jatayah Bryant","Wesleyan College (GA) Wolves",51.6465264119428
"Jada Morgan","South Carolina State Lady Bulldogs",51.645097532469
"Tamesha Dozier","Evansville Purple Aces",51.6431404216758
"Moriah Prewitt","William Jewell Cardinals",51.6359246441978
"Valentina Saric","Jacksonville State Gamecocks",51.6204204415537
"Sofia Kelemeni","San José State Spartans",51.6108355617433
"Future Asevedo","LeTourneau Yellow Jackets",51.6068317817901
"Sofia Hernandez","Puerto Rico-Mayaguez Bulldogs",51.5895944890616
"Kaiden Kreinhagen","Evansville Purple Aces",51.5782071911287
"Brooke Barnes","Delaware State Hornets",51.5687029139465
"Zara Dumatol","Simpson University (CA) Red Hawks",51.5505943294441
"Cristina Sanchez Cerqueira","Arkansas Razorbacks",51.544555921365
"Alexa Kinas","Loyola Chicago Ramblers",51.5411741222984
"Ava Miller","South Carolina Upstate Spartans",51.5400941812699
"Mia Yanogacio","Le Moyne Dolphins",51.5301485527873
"Logan Luebbers Palmer","Evansville Purple Aces",51.5279261831497
"Gisela Sanchez","Kansas State Wildcats",51.5144691572876
"Braxcynn Baker","Murray State Racers",51.5126950474471
"Janiya Jones","Mississippi Valley State Devilettes",51.5008980064898
"Grace Pack","Western Carolina Catamounts",51.4982120172986
"Nicole Willardson","Utah Tech Trailblazers",51.4865707038511
"Autumn Moore","Nelson Lions",51.4729173291769
"Allison Haslam","Walla Walla Wolves",51.4685673255939
"Niveya Henley","Furman Paladins",51.4682039538952
"Kamryn Doty","Elon Phoenix",51.4597752755311
"Allasia Washington","SE Louisiana Lady Lions",51.4507789843747
"Rhyan Harris","Emory & Henry Wasps",51.4295196710123
"Blake Barbee","Warner Pacific Knights",51.4046479622484
"Destiny Thomas","Murray State Racers",51.4020242087323
"Sophia Tougas","Charleston Cougars",51.4007715718314
"Brinley Hagemeier","Eastern Oregon Mountaineers",51.3822510745573
"Cassidy Carson","South Dakota Coyotes",51.3694716723314
"Jamy De Kock","East Texas A&M Lions",51.3408820059976
"Teryn Gardner","Boise State Broncos",51.3268514360376
"Zaria Johnson","Grambling Lady Tigers",51.3134457801146
"Alisa Williams","Iowa State Cyclones",51.3063903851657
"Shaquice May","Jacksonville State Gamecocks",51.2750884665255
"Magda Freire","Queens University Royals",51.264066843235
"Kyndall Hunter","Texas A&M Aggies",51.256938544343
"Kailyn Watkins","Alcorn State Lady Braves",51.2490506983953
"Angie Juste-Jean","South Carolina State Lady Bulldogs",51.2380896039613
"Jaeda Whitner","Texas A&M-Corpus Christi Islanders",51.2326731974271
"Lisa Thompson","Rutgers Scarlet Knights",51.2295094670854
"Kiyah Hatcher","Park University Gilbert Buccaneers",51.2256423472211
"Morning Grace Spotted Bear","South Dakota Mines Hardrockers",51.2119632734876
"Makenzie Bremer","UVA Wise Cavaliers",51.2018881053547
"Kylie Marshall","SMU Mustangs",51.2002979361419
"Marisa Gant","Chicago State Cougars",51.1889889185641
"Lexus Bargesser","Indiana Hoosiers",51.177540189913
"Filippa Goula","Cleveland State Vikings",51.1557007395134
"Savannah Cook","Montevallo Falcons",51.1483819653803
"Nene Ndiaye","Boston College Eagles",51.1251011709187
"Ashley Gray","Alabama State Lady Hornets",51.1234234571656
"Dunja Zecevic","UTEP Miners",51.1164632839386
"Shay Ijiwoye","Stanford Cardinal",51.1111596030665
"Taylor Wilson","Army Black Knights",51.107418375673
"Nayli Padilla","New Mexico Lobos",51.093602674629
"Indiya Bowen","Southeast Missouri State Redhawks",51.0738902728607
"Bruna Anguera","Texas A&M-Corpus Christi Islanders",51.0492969991638
"Talia Zurinskas","Lafayette Leopards",51.0202160687072
"Alyssa Moreland","Brown Bears",50.9955532111531
"Mailyn Wilkerson","Alabama A&M Bulldogs",50.9900526801607
"Ella Brown","Indiana-Southeast Grenadiers",50.9860824527065
"Jaz Novelli","Cal Maritime Keelhaulers",50.9741891011412
"Cheyenne Forney","Cal State Bakersfield Roadrunners",50.9682943756375
"Sanaa Tripp","Belmont Bruins",50.9679313107924
"Mackenly Randolph","Louisville Cardinals",50.9679200704499
"Raven Addison","King (TN) Tornado",50.965692761015
"Kayla Pope","Clinton College Golden Bears",50.945805960559
"Deb Orianegbena","UNC Asheville Bulldogs",50.9425998386718
"Zoey Gore","Warren Wilson Owls",50.938471913334
"Marley Mueller","Rensselaer Engineers",50.9308646402841
"Nyla Walker","Gardner-Webb Runnin' Bulldogs",50.9294589006598
"Mor Shabtai","Valparaiso Beacons",50.9246495412912
"Megan Oswald","Jamestown Jimmies",50.916895057275
"Sonia Sato","Presbyterian Blue Hose",50.8942473398151
"Kaitlyn Orihel","Villanova Wildcats",50.8783079830031
"Alana Powell","Omaha Mavericks",50.859904853436
"Makenzie Covey","LeTourneau Yellow Jackets",50.82421306175
"Macie James","UNLV Lady Rebels",50.8163851801145
"Faith Walker","Duquesne Dukes",50.8148446929316
"Ahmiah Jordan","Bluefield University Ramblin' Rams",50.8072822249226
"Trayanna Crisp","North Carolina Tar Heels",50.7935452020781
"Vanessa de Jesus","Duke Blue Devils",50.7671116796708
"Rylie Ottmann","Colorado-Colorado Springs Mountain Lions",50.7332481659125
"Laini Dahlin","Cal State Northridge Matadors",50.7042817211848
"Abby Liber","Youngstown State Penguins",50.693698254455
"Kaylani Polk","UC Riverside Highlanders",50.6866869363676
"Lily Krahn","Wisconsin Badgers",50.6855164312153
"Jailyn Martinson","Jamestown Jimmies",50.677222403047
"Khloe Vaughn","Life University Running Eagles",50.6703465050063
"Faith Feuerbach","St. Thomas-Minnesota Tommies",50.6594039156027
"Ally Fitzgerald","UC Davis Aggies",50.6511723725538
"Kendall Moriarty","Nebraska Cornhuskers",50.6373560747488
"Alonna Sellers","Central Connecticut Blue Devils",50.6185496262483
"Shawna Robinson","Jarvis Christian Bulldogs",50.6119569710219
"Sanaiya Edmond","Virginia-Lynchburg Dragons",50.6045821583658
"Megan Wagner","Western Michigan Broncos",50.6011110289403
"Tierney Kelsey","Jackson State Lady Tigers",50.5981240303052
"Jade Goynes","Western New Mexico Mustangs",50.5962260739786
"Jazlen Green","San Diego State Aztecs",50.5957811834698
"Jordan Green-Wallace","Walla Walla Wolves",50.5751647471548
"Lexi Salazar","American University Eagles",50.5673723942222
"Gracie Barnes","South Carolina Upstate Spartans",50.561899193073
"Isis Fitch","UNC Wilmington Seahawks",50.5499688581737
"Alyssa Jimenez","Richmond Spiders",50.5493283520607
"Janelisse Marrero","Florida National Conquistadors",50.5472401527392
"Helena Friend","Pepperdine Waves",50.5217924050257
"Skyler Furr","Guilford Quakers",50.5056436727582
"Maya Chocano","UC Riverside Highlanders",50.4977795543221
"Ashlyn Watkins","South Carolina Gamecocks",50.4838924859726
"Aaliyah Moore","Texas Longhorns",50.480808490048
"Halle Wright","Idaho State Bengals",50.4720235506035
"Anna Mooney","College of Idaho Yotes",50.4681547026589
"Brooke Murrell","Denver Pioneers",50.4616640089935
"Kyra Taylor","Sul Ross State Lobos",50.4465239384186
"Messiah Hunter","Seton Hall Pirates",50.4442271071429
"Talaiyah Andrews","Texas A&M-San Antonio Jaguars",50.4073161132558
"Calista Arzaga","Life Pacific Warriors",50.3886831014669
"Madi Gewirtz","New Mexico State Aggies",50.3827375600738
"Dalanna Carter","Coastal Carolina Chanticleers",50.371089417636
"Mya Zaccagnini","Iona Gaels",50.3698261469451
"Tasia Johnson","UNC Greensboro Spartans",50.3570165882797
"Tyra Kennedy","Hampton Lady Pirates",50.3213607915427
"Alexsia Rose","Minnesota Golden Gophers",50.3150122459732
"Gizelle Carreto","Westminster (MO) Blue Jays",50.3045097158371
"Rosa Revueltas Pareja","Mount St. Mary's Mountaineers",50.3026931212754
"D'Myjah Bolds","Western Michigan Broncos",50.3016125783897
"Maddy Tauro","Cal State Fullerton Titans",50.2962024177604
"Sa'Nya Green","Arlington Baptist Patriots",50.2908258751318
"McKinley Dickerson","Wyoming Cowgirls",50.2885720422483
"Kaiden Glenn","Long Island University Sharks",50.2775485855479
"Nicole Leff","Texas State Bobcats",50.2701987843905
"Serenity Echols","Mississippi Valley State Devilettes",50.2686229394828
"Breelyn Robinson","Colorado-Colorado Springs Mountain Lions",50.2630914340995
"Sydney Boone","Delaware Blue Hens",50.2430301534529
"Amaris Betts","Cedarville Yellow Jackets",50.2250467369698
"Nadia Moore","Duquesne Dukes",50.2180662550036
"Madison Huhn","UT Rio Grande Valley Vaqueros",50.2094435732079
"Kya Bradshaw","Schreiner Mountaineers",50.1972932624953
"Journey Hildebrand","Kent State Golden Flashes",50.1560334109654
"Malia Samuels","USC Trojans",50.150991896271
"Lauren Glazier","Pacific Tigers",50.1502460338341
"Zikeyah Carter","Florida A&M Rattlers",50.1081061136721
"Reagan Chigas","Westminster (MO) Blue Jays",50.1007066457085
"Sierra Chambers","Southern Utah Thunderbirds",50.0898897630401
"Kendall Dudley","UCLA Bruins",50.0793292951002
"Sophie Bussard","Southeast Missouri State Redhawks",50.0582211930196
"Kadence Stoner","Maryville College (TN) Fighting Scots",50.040942368577
"Nika Lokica","Idaho State Bengals",50.0315427413903
"Summer Davis","Georgia Lady Bulldogs",50.0234793968107
"Layken Cox","Memphis Tigers",50.0175586492125
"Mikaela Parris","Mississippi Valley State Devilettes",49.9991843592334
"Damara Allen","UTSA Roadrunners",49.9949725600268
"Anna Ostlie","Grand Canyon Lopes",49.9816466258534
"Danika Galea","Arkansas Razorbacks",49.9738176121416
"Sarah Thompson","King (TN) Tornado",49.9387573759232
"Sydney Burris","UNC Asheville Bulldogs",49.938207062433
"Evyn Carrier","Western Michigan Broncos",49.9247171850388
"Mahogany Chandler-Roberts","UCF Knights",49.9177149182226
"Jada Wynn","Texas Tech Lady Raiders",49.9170741202046
"Heaven Samayoa-Mathis","UTEP Miners",49.8846167884564
"Adeang Ring","UCF Knights",49.8820845760692
"Anna Kunzwiler","Bucknell Bison",49.8743045528552
"Caitlyn Rayl","Cleary University Cougars",49.8463213735607
"Irene Fernandez de Caleya","Wagner Seahawks",49.8374471245733
"Gentry Baldwin","Oral Roberts Golden Eagles",49.7897135958509
"Bree Salenbien","Gonzaga Bulldogs",49.7790329730894
"Emma Bruwer","Kentucky Wesleyan Panthers",49.7638271766711
"Bella Toomey","Fairleigh Dickinson Knights",49.7099027241626
"Marija Markovic","Georgian Court University Lions",49.7035329602448
"Asjah Inniss","App State Mountaineers",49.702310939686
"Jada Patton","IU Indianapolis Jaguars",49.694435590675
"Ty'Renisha Bowers","La Salle Explorers",49.6865243987495
"Jasmine Peaks","Wichita State Shockers",49.661462881973
"Tia Harvey","Alabama A&M Bulldogs",49.6555218240518
"Kennedi Jackson","Boston College Eagles",49.6550819714017
"Brooke Wilson","Army Black Knights",49.6493898526827
"Elana Weisman","Bucknell Bison",49.631475835447
"Meghan Casey","Binghamton Bearcats",49.6197023159754
"Hannah Cleveland","Sewanee Tigers",49.6191906046542
"Molly Manion","Merrimack Warriors",49.608427576361
"Darrionna Howard","North Carolina A&T Aggies",49.6031238525013
"Imani Ivery","St. Mary's (TX) Rattlers",49.5965610769432
"Christin Callens","St. Mary's (TX) Rattlers",49.5928291090015
"Ramie Reid","Montevallo Falcons",49.5830356470907
"Grace Kingery","Ball State Cardinals",49.5717116016526
"Lamya Alexander","Arlington Baptist Patriots",49.560536785713
"Emma Imevbore","Troy Trojans",49.533993891083
"Alaina Payne","Little Rock Trojans",49.5328441280752
"Keiryn McGuff","Bowling Green Falcons",49.5280808613507
"Erin Houpt","San Diego State Aztecs",49.5276837585282
"Jackie Wright","Davis & Elkins Senators",49.5143156764924
"Karyn Sanford","Tarleton State Texans",49.5121648645311
"Delaney Snyder","Cincinnati Bearcats",49.5044007343527
"Mauriana Hashemian-Orr","Saint Mary's Gaels",49.4974825099802
"Silvia Gonzalez","Bryant Bulldogs",49.49427682234
"Meghan Murray","Kent State Golden Flashes",49.4926835500559
"Jami Hill","Charleston Cougars",49.4898108374803
"Mia Curtis","Santa Clara Broncos",49.4838703450702
"Brecken Snotherly","East Tennessee State Bucs",49.4795225744005
"Adara Groman","South Dakota Coyotes",49.4643826918805
"Layla Davis","Cal State Fullerton Titans",49.4619465326848
"Kerith Renihan","Ohio Christian Trailblazers",49.4609046331683
"Emily Jones","Morgan State Lady Bears",49.4566039462389
"Chloe Oliver","Stony Brook Seawolves",49.4519345171927
"Kaili Chamberlin","SE Louisiana Lady Lions",49.4459455403402
"Olivia Lambrigtsen","Viterbo V-Hawks",49.4399535288377
"Destine Duckworth","Central Arkansas Sugar Bears",49.4354605827677
"Arielle-Vadrelle Belinga","Coppin State Eagles",49.4232093177633
"Daejah Phillips","Hawai'i Rainbow Wahine",49.4170503872934
"Jordan Hunter","Auburn Tigers",49.4054378263329
"Jillian Torres","Our Lady Of The Lake Saints",49.3873261441692
"Dani McTeer","Coppin State Eagles",49.3796758889106
"Jaci Bolden","Longwood Lancers",49.3666531103771
"Aniya Palmer","Alabama A&M Bulldogs",49.3634889319736
"Molly O'Riordan","Dayton Flyers",49.3473147204585
"Jordyn Merritt","Texas Tech Lady Raiders",49.3275519991427
"Kristyna Jeskeova","Grand Canyon Lopes",49.3116005918918
"Jordan Peete","Charlotte 49ers",49.3044953552318
"Danni Scully","Ohio Bobcats",49.294089831077
"Katie Burton","Detroit Mercy Titans",49.2891519882627
"Blanca Thomas","North Carolina Tar Heels",49.2689173286749
"Ana Beatriz Passos Alves da Silva","Idaho Vandals",49.259123816405
"Kourtney Rittenberry","Alabama A&M Bulldogs",49.2500254147879
"Belle Bramer","Lehigh Mountain Hawks",49.2375337915301
"Kortney Doman","Southern Utah Thunderbirds",49.2225271394947
"Jade Campbell","St. Francis (PA) Red Flash",49.2209603542849
"Anna Badosa","Liberty Flames",49.2086048951709
"Macy Chapman","Ohio Dominican Panthers",49.1952011004439
"Izzy Pugh","Milwaukee Panthers",49.1828704607897
"Sharmanye Finley","Alcorn State Lady Braves",49.1726589804517
"Norah Clark","UT Martin Skyhawks",49.1402172737588
"Sanaa' St. Andre","Tennessee State Lady Tigers",49.1255292388318
"Taylor Cullinan","Kennesaw State Owls",49.1201740213782
"Hannah Humphrey","East Texas A&M Lions",49.1149330188154
"Kristin Sterling","Bowie State Bulldogs",49.1117199197772
"Alexandria Warren","Winston-Salem Rams",49.1066360728655
"McCall King","UNC Wilmington Seahawks",49.1059701590768
"Cori Lard","Miami (OH) RedHawks",49.0946508925782
"Micaela Carter","Hofstra Pride",49.0914103449582
"Meliah Van-Otoo","Loyola Maryland Greyhounds",49.0898966495086
"Lizzie Holder","Navy Midshipmen",49.0898368069192
"Tyonna Bailey","Charleston Southern Buccaneers",49.0897697283676
"Aaliyah Guyton","Iowa Hawkeyes",49.0761979499029
"Uriah Jennings","Arkansas-Pine Bluff Golden Lions",49.0591235060329
"Alyssa Nielsen","Lindenwood Lions",49.0562978706966
"Siobhan Ryan","Georgetown Hoyas",49.0486090458188
"Leyocha Marigney","Marshall Thundering Herd",49.0441517914175
"Lyla Kahrimanovic","McNeese Cowgirls",49.0184577236613
"Sky Castro","Southern Jaguars",49.0027675322031
"Eve Alexander","Florida A&M Rattlers",48.9801826881346
"Lara Langermann","New Mexico Lobos",48.9687564859964
"Isobel Bunyan","Montana State Bobcats",48.9572512679326
"Valeria Castro","Florida National Conquistadors",48.9476547878256
"Jesslynn Jalomo","Nicholls Colonels",48.9459595130849
"Isabella Jaramillo","Our Lady Of The Lake Saints",48.94042514681
"Caroline Strande","Butler Bulldogs",48.9396167091114
"Nicole Carreno","North Florida Ospreys",48.9261817398009
"Judit Valero Rodriguez","Florida International Panthers",48.9256763315539
"Lili Booker","Longwood Lancers",48.8645413680223
"Sanaa Redmond","Rider Broncs",48.862216783155
"Ella Karst","UVA Wise Cavaliers",48.8565753958738
"Faith Harris","Life Pacific Warriors",48.852962203823
"Kayla Morris","Towson Tigers",48.8468752755254
"Olivia Schmitt","Syracuse Orange",48.8383937279199
"Kyra Gardner","Washington State Cougars",48.821199054335
"Shawnee Nordstrom","California Baptist Lancers",48.800987291792
"Jillian Huerter","Fairfield Stags",48.7952503947178
"Paris Kirk","Eastern Washington Eagles",48.766553624119
"Liliani Krause","Salem University Tigers",48.7452963175551
"Taija Sta. Maria","Fresno State Bulldogs",48.7427202054718
"Ciara Harris","Winthrop Eagles",48.7370188196673
"Athena Tomlinson","Boston College Eagles",48.7190573141411
"Arina Nikishina","Hampton Lady Pirates",48.7182090182829
"Jennica Suggs","Robert Morris Colonials",48.7146905492558
"Courtney Wristen","San Diego Toreros",48.7061202602766
"Mariah Moody","Erskine Flying Fleet",48.6885978242903
"Ale'jah Douglas","Grand Canyon Lopes",48.6854091896544
"Blake Matthews","Texas State Bobcats",48.6430145363453
"Sydney Lusher","New Hampshire Wildcats",48.6395141767952
"Lauren Beach","Fairfield Stags",48.636776293104
"Bailey Ford","Kentucky State Thorobreds",48.6221810742947
"Jayda Mosley","Central Michigan Chippewas",48.6092801948396
"Nevaeh Rivera","Centenary (LA) Gentlemen",48.5991679855248
"McKynnlie Dalan","Gonzaga Bulldogs",48.5928929335403
"Denae Skelton","Utah State Aggies",48.5748249619364
"Kendall Coley","Nebraska Cornhuskers",48.5715688106099
"Mara Braun","Minnesota Golden Gophers",48.5568653424342
"Irene Rey Pineda","Canisius Golden Griffins",48.5549455841197
"Rylee Sagester","Wright State Raiders",48.5512882215356
"Brooke Littrell","Creighton Bluejays",48.5382629295669
"Sydney McLaughlin","Stonehill Skyhawks",48.5143846796496
"Teayona Hoard","Corban University Warriors",48.5136481850095
"Cheyenne Holloman","Georgia State Panthers",48.5065688136183
"Krystal Haddock","Tennessee State Lady Tigers",48.494099581515
"Haley Walker","DePaul Blue Demons",48.4816811318667
"Starasia Bell-Freeman","Johnson C Smith Golden Bulls",48.4629392304593
"Avery Simmons","Loyola Maryland Greyhounds",48.4616441681926
"Lovisa Asbrink Hose","Florida Atlantic Owls",48.4430943739439
"Angelica Velez","Syracuse Orange",48.4427513823181
"Amelia Pfeiffer","Tennessee Tech Golden Eagles",48.4250680174495
"Lucia Sotelo","VCU Rams",48.4199549413504
"Morgan Dillard","Kennesaw State Owls",48.4193623963705
"Mackenzie Leahy","Brown Bears",48.415651505317
"Ashley Chevalier","Houston Cougars",48.3972592641485
"Ciera Toomey","North Carolina Tar Heels",48.3685884359375
"Briah Hampton","Southeast Missouri State Redhawks",48.3660464278375
"Avery Sussex","UC Davis Aggies",48.3566131221712
"Bailey Williams","Northeastern Huskies",48.342018031137
"Sierra Dickson","Texas State Bobcats",48.3391187873376
"Hannah Hicks","West Georgia Wolves",48.3369436764733
"Abbie Riddle","Wright State Raiders",48.3255498023416
"Mya Wardle","Eastern Kentucky Colonels",48.3164257842725
"Jael Hall","Guilford Quakers",48.3133939990474
"Keira Scott","Syracuse Orange",48.2555359544749
"Celia Riviere","West Virginia Mountaineers",48.2540101065172
"Lily Esparza","Denver Pioneers",48.2446589088893
"Ava Watson","Ohio State Buckeyes",48.2415835579041
"Monajah Ford","South Carolina State Lady Bulldogs",48.2300116563706
"Tiana Mathis","Texas Southern Tigers",48.2211978148679
"De'Myla Brown","Missouri Tigers",48.2211400753656
"Ituau Tuisaula","Stephen F. Austin Ladyjacks",48.198941425837
"Trinity Slocum","Cal State Bakersfield Roadrunners",48.1981263822211
"Ryanne Allen","Villanova Wildcats",48.1953295402156
"Angela Williams","James Madison Dukes",48.1868350553304
"Erin Rodgers","Florida Atlantic Owls",48.185460868197
"Leonor Paisana","Winthrop Eagles",48.15685340912
"Mjracle Sheppard","LSU Tigers",48.1537022603924
"Ashton Elley","UAB Blazers",48.1471602164016
"Ayanna Franks","Rhode Island Rams",48.1463293103058
"Arene Iyekekpolor","Alcorn State Lady Braves",48.1361976054019
"Grace Ellis","Cleveland State Vikings",48.1315945949221
"Julia Garcia Roig","Xavier Musketeers",48.1299959398949
"Evalyse Cole","Toledo Rockets",48.1291662016361
"Emma Shields","Lafayette Leopards",48.1267741318961
"Peppi Lohko","Siena Saints",48.0983524608309
"Kaitlyn McCarn","UT Martin Skyhawks",48.0719934949729
"Orlagh Gormley","Providence Friars",48.0540353530036
"Kaila Kelley","Sam Houston Bearkats",48.0383999402131
"Jayla Owen","North Dakota Fighting Hawks",48.0233924037107
"Kendal Robinson","UT Arlington Mavericks",48.0082382463994
"Karissa Antoine","Fordham Rams",47.991457073883
"Ellie Gabel","Tiffin Dragons",47.9905889542818
"Kensley Feltner","Belmont Bruins",47.96087457243
"Kayla Beckwith","William & Mary Tribe",47.9375540163571
"Aili Tanke","Iowa State Cyclones",47.9338335670616
"Angelina Smith","DePaul Blue Demons",47.9231222073019
"Jasmine Dupree-Hebert","Oakland Golden Grizzlies",47.916828590436
"Aby Shubert","Montana Lady Griz",47.914439792617
"Yonta Vaughn","Virginia Cavaliers",47.9110541232311
"Alaisha Brown","Denver Pioneers",47.9098973462901
"Makenzie Hill","Delta State Statesmen",47.9094138608099
"Kimmie Hicks","Loyola Maryland Greyhounds",47.8927780767978
"Audia Young","Auburn Tigers",47.8835303392722
"Sheridan Kavanagh","St. Mary's (TX) Rattlers",47.8710823568979
"Daniela Ciscar","St. Mary's (TX) Rattlers",47.8483352469047
"Jzaniya Harriel","Stanford Cardinal",47.8157311123059
"Kaitlyn Duhon","Auburn Tigers",47.808856253402
"Madison Roshelle","Charlotte 49ers",47.80869525095
"Sofia Alonso","Sacramento State Hornets",47.8066882466966
"Kaelyn Hamilton","San Diego State Aztecs",47.7969495702667
"Jadyn Fife","Colorado State Rams",47.7891510987149
"Estie Varga","Long Island University Sharks",47.7827774774308
"Ari Long","Oregon Ducks",47.7709437073357
"Somer Johnson","Brevard Tornados",47.766995287928
"Toby Nweke","Princeton Tigers",47.7641373233588
"Sam Tillson","Army Black Knights",47.761972488701
"Teniesha Clarke","Akron Zips",47.7380106858733
"Devin Coppinger","Washington Huskies",47.7361729014686
"Tamia Moody","Schreiner Mountaineers",47.7069963505701
"Lexie Ransom","Southern Wesleyan Warriors",47.7034183158846
"Kaylan Jack","Southern-New Orleans Knights",47.6999703045162
"Kyndal Lewis","Eastern Michigan Eagles",47.6957112090132
"Daria Nestorov","Pacific Tigers",47.6882825922492
"Jessica Farrell","Central Connecticut Blue Devils",47.6839480109691
"Donavia Hall","SMU Mustangs",47.6833819439646
"Ella Uriarte","Idaho Vandals",47.6719886896365
"Lexie Sinclair","Roosevelt Lakers",47.6641196474812
"Maya Hunkin-Claytor","Alcorn State Lady Braves",47.6524856392362
"Candela Perez-Castellanos","Warren Wilson Owls",47.6400845791996
"Anaiah Jenkins","Towson Tigers",47.638093476612
"Mia Bergstrom","Saint Louis Billikens",47.6354485491228
"Emma Koabel","Duke Blue Devils",47.6313235521313
"Last-Tear Poa","LSU Tigers",47.6079605875739
"Faith Alston","Richmond Spiders",47.6010600990438
"Mariona Planes Fortuny","George Washington Revolutionaries",47.5982194566132
"Izzy Dugal","Cleary University Cougars",47.5871016626272
"Niyah Gaston","Coppin State Eagles",47.5721146856882
"Adlee Blacklock","Texas Tech Lady Raiders",47.5624732054707
"Leila Wells","Virginia Tech Hokies",47.5505580776207
"Sa'lah Hemingway","Howard Bison",47.5443983419813
"Izela Arenas","Louisville Cardinals",47.5442300640224
"Nuria Jurjo","Miami (OH) RedHawks",47.5380378955712
"Micah O'Dell","Robert Morris Colonials",47.5331743831076
"Bella Samz","Youngstown State Penguins",47.529125447509
"Trinity Gooden","Rice Owls",47.5268636781777
"Maggie Taylor","Drake Bulldogs",47.5206137167484
"Addison Melton","Lipscomb Bisons",47.5179374621986
"Taylor Lauterbach","Virginia Cavaliers",47.5147723344752
"Grace Clary","Mercyhurst Lakers",47.4942830788165
"Nneka Obiazor","Grand Canyon Lopes",47.4875931843421
"Syriah Daniels","Auburn Tigers",47.4821146369736
"Jamie Kent","Pacific Tigers",47.4514215915765
"Kate Clarke","DePaul Blue Demons",47.4466523530159
"Rachael Rose","Wofford Terriers",47.4466101029124
"Kennedi Alexander","Tulsa Golden Hurricane",47.4449834331245
"Jade Peacock","Hawai'i Rainbow Wahine",47.4380610759629
"April Rummery-Lamb","Northern Colorado Bears",47.3971215705006
"Maya Woodson","Morgan State Lady Bears",47.3905073623111
"MacKayla Scarlett","Providence Friars",47.3874615501122
"Mary Moses Amaniyo","UTEP Miners",47.3603089246264
"Reina Green","Duquesne Dukes",47.3390007375249
"Kylee Lewandowski","Samford Bulldogs",47.3240310582349
"Eris Lester","Alabama Crimson Tide",47.3093985051304
"Kennedy Claybrooks","Southeast Missouri State Redhawks",47.3056077815661
"Ana Guillen","Yale Bulldogs",47.2992413892307
"Brooke Walker","Utah Utes",47.2978227958456
"Tyler Jackson","Tarleton State Texans",47.2972812704641
"Cady Pauley","Missouri State Lady Bears",47.291017501358
"Kayla Hopson","Cal State Northridge Matadors",47.283741593306
"Kristian Jackson","Alabama State Lady Hornets",47.2755536318921
"Kenzie Hare","Iowa State Cyclones",47.2753437169905
"Ajok Madol","Dayton Flyers",47.2637062955689
"Jada Bediako","Marquette Golden Eagles",47.2620464712337
"Soleil Montrose","Army Black Knights",47.2438334484141
"Tamya Smith","Memphis Tigers",47.2325669063263
"Dalayja Hurt-Floyd","Alcorn State Lady Braves",47.2236240561815
"Madison Mckenzie","Christopher Newport University Captains",47.1904038779087
"Nyaluak Dak","East Texas A&M Lions",47.1813299723876
"Skye Robinson","Norfolk State Spartans",47.1478263884703
"Madysen Vlastuin","South Dakota State Jackrabbits",47.1445432369249
"Shy Hawkins","Syracuse Orange",47.1277467593096
"Teagan Brown","Washington Huskies",47.1170319731453
"Olivia Leung","Dayton Flyers",47.0963818455481
"Ruthie Mbugua","Jackson State Lady Tigers",47.0938541861152
"Kaylee Headrick","Colorado State Rams",47.0645882308735
"Taylor Janssen","Montana State Bobcats",47.037912528738
"Macy Donarski","Montana Lady Griz",47.0353554361823
"Micah Cooper","Southern Miss Lady Eagles",47.0251216314394
"Carlie Vick","Bradley Braves",47.0071842564535
"Patricia Sherrill","Long Island University Sharks",46.9996179524292
"Andjela Bigovic","Tarleton State Texans",46.9929249386896
"Waiata Jennings","Baylor Bears",46.9703046910143
"Mya Pratcher","Western Kentucky Lady Toppers",46.9698294217348
"Shailyn Pinkney","Seton Hall Pirates",46.957410621245
"Khalia Bryant","Kentucky State Thorobreds",46.9358084632568
"Makira Cook","Illinois Fighting Illini",46.9270255017096
"Kallie Peppler","Milwaukee Panthers",46.9249793724273
"Makayla Moore","Arizona State Sun Devils",46.9192930946258
"Calyn Dallas","Utah Tech Trailblazers",46.91352378568
"KC Carter","Wagner Seahawks",46.8826064328661
"Libby Hutton","Boise State Broncos",46.88242653028
"Morgan Cheli","UConn Huskies",46.8799212114447
"Amani Lipscomb","Christian Brothers Buccaneers",46.8654278601017
"Kayla Preston","Valparaiso Beacons",46.8563607804861
"Makaiya Thomas","Defiance Yellow Jackets",46.8498183068308
"Brooklin Dailey","Drake Bulldogs",46.8484226488054
"Bria Shine","UC Davis Aggies",46.8312828523746
"Niamya Holloway","Minnesota Golden Gophers",46.8260117603398
"Amelia Storm","Cleary University Cougars",46.8183040451071
"Rakiyah Jackson","Nevada Wolf Pack",46.7918990200919
"Sydney Mccaig","Cleary University Cougars",46.7918159318753
"Anaya Barney","Coastal Carolina Chanticleers",46.7863971766284
"Nyodie Guerard","Mount St. Mary's Mountaineers",46.7764070396655
"Sahnya Jah","Arizona Wildcats",46.7457464496097
"Elif Istanbulluoglu","Louisville Cardinals",46.7436781288819
"Singo Lekeuneu","Mercyhurst Lakers",46.7422402213489
"Taylor Dunn","Guilford Quakers",46.7368912455779
"Ayanna Thompson","Ole Miss Rebels",46.7357123449069
"Taliyah Wyche","East Carolina Pirates",46.7304735241136
"Zyaire Hairston","Virginia-Lynchburg Dragons",46.7198689604549
"Jocelyn Land","Butler Bulldogs",46.7051462128209
"Nicole Azar","Western Carolina Catamounts",46.6974112519554
"Claire Simmons","Grambling Lady Tigers",46.6960376638132
"Avery Treadwell","Florida State Seminoles",46.6871699510452
"Melesungu Afeaki","Saint Mary's Gaels",46.6789134734633
"Kylee Sheppard","Providence Friars",46.6710749381628
"Tiziana Huici","Queens University Royals",46.645256504043
"Valeria Brewer","Westcliff Warriors",46.641038365458
"Kayana Armbrister","UT Martin Skyhawks",46.6344219856383
"Hannah Linthacum","Missouri Tigers",46.6315827563264
"Rosalie Mercille","Loyola Chicago Ramblers",46.6229207636979
"Avery Young","McNeese Cowgirls",46.6214156171263
"Mya Jones","Wiley Wildcats",46.6211316119026
"Rusne Augustinaite","Georgia Tech Yellow Jackets",46.619830647178
"Morgan Borgstadt","UT Martin Skyhawks",46.603722362045
"Amiyah Reynolds","Purdue Boilermakers",46.5897167528008
"Toni Warren","Wofford Terriers",46.5827742548435
"Alana Goosby","Cal Poly Mustangs",46.571291530615
"Grace Carstensen","DePaul Blue Demons",46.5622778254725
"Freda Moore","College Of Saint Mary Flames",46.5594803843552
"Jazmyn Sostand","Arkansas-Pine Bluff Golden Lions",46.5577736673331
"Peyton McCabe","Drake Bulldogs",46.5297824692757
"Breana Delaney","Stonehill Skyhawks",46.5013228531978
"Jaycie Christopher","Maine Black Bears",46.498967798458
"Devyn Scott","Stony Brook Seawolves",46.4975209855902
"Jada Williams","Eastern Michigan Eagles",46.4914469101161
"Vivienne Knee","Cornell Big Red",46.4577533009718
"Kaylee Krysztof","Binghamton Bearcats",46.4477483281655
"Aubrey Griffin","UConn Huskies",46.4432608409844
"Reiven Douglas","North Carolina A&T Aggies",46.4294237522549
"Jaylyn James","Louisiana Ragin' Cajuns",46.4257563184115
"Claudia Acin","Liberty Flames",46.4235753976358
"Da'Kariya Jackson","Southeast Missouri State Redhawks",46.4186591398629
"Sydney Erikstrup","Grand Canyon Lopes",46.4008202250855
"Annika Gustafson","Wisconsin-La Crosse Eagles",46.4007995977684
"Allison Weidner","Nebraska Cornhuskers",46.3815713532114
"Samyha Suffren","Virginia Tech Hokies",46.3603088756119
"Raiane Dias Dos Santos","Florida State Seminoles",46.3583222913832
"Martha Pietsch","UC Santa Barbara Gauchos",46.3205160258452
"Lizzy Groetsch","Pennsylvania Quakers",46.3195010269435
"Melissa Mwanza","Louisiana Tech Lady Techsters",46.3112268230235
"Dianne Crespo Lopez","Sacred Heart Pioneers",46.3076250832012
"Racky Kane","Long Island University Sharks",46.3011951574461
"Katerina Dakos","Christopher Newport University Captains",46.2911759227117
"Bridget Utberg","Marquette Golden Eagles",46.2817676327454
"Raven Sims","Memphis Tigers",46.2766235213887
"Diamond Wiggins","Hampton Lady Pirates",46.2703266201412
"Dyani Ananiev","Portland Pilots",46.2684145912222
"Bobbi Smith","East Carolina Pirates",46.2621808685206
"Lydie Mwamba","New Mexico Lobos",46.2448144882118
"Kristina Godfrey","Florida Atlantic Owls",46.241870779932
"Tilda Sjokvist","Missouri Tigers",46.2403565324357
"TreShondra Williams","Marshall Thundering Herd",46.2254875280982
"Audrey Taylor","Northern Arizona Lumberjacks",46.2180921826031
"Aaliyah Ellis","New Orleans Privateers",46.2130373148653
"Olivia Bowes","Longwood Lancers",46.1989873920477
"Ellie Magestro-Kennedy","Wright State Raiders",46.188941313242
"Takeira Ramey","Texas State Bobcats",46.188209301011
"Gracie Johnson","Utah State Aggies",46.1814210890484
"Allie Cummins","Northern Arizona Lumberjacks",46.1811799079081
"Elle Snyder","Evansville Purple Aces",46.1803505475568
"Macy Spencer","UNLV Lady Rebels",46.1740643778676
"Mariana Valenzuela","Florida State Seminoles",46.1579774492424
"Julianna LaMendola","Indiana Hoosiers",46.1570144493941
"Alisa Knight","Texas Southern Tigers",46.1424439832104
"Alyssa Andrews","Wake Forest Demon Deacons",46.1244575809009
"Una Jovanovic","TCU Horned Frogs",46.1210344107517
"Allison Cannon","NJIT Highlanders",46.1204316226408
"Erica Hall","Mercyhurst Lakers",46.1150458379926
"Lexie Green","Southern Indiana Screaming Eagles",46.0995457219719
"Henna Sandvik","Indiana Hoosiers",46.0892666132284
"Katie Thiers","Princeton Tigers",46.0823479450657
"Joseana Vaz","Colorado State Rams",46.0799351317834
"Justine Pissott","Vanderbilt Commodores",46.0735414137435
"Emily Counsel","Denver Pioneers",46.071055355428
"Jaeda Wilson","Georgetown Hoyas",46.0513090891631
"Kendal George","SIU Edwardsville Cougars",46.0388710501893
"Zaria Glover","Jackson State Lady Tigers",46.0325448072072
"Laila Hull","North Carolina Tar Heels",46.0318419468214
"Pinja Paananen","Arkansas Razorbacks",46.031365936
"Ellie Pingree","American University Eagles",46.0183639069526
"Grace Ardito","Union Garnet Chargers",46.0111742173852
"Lauren Gerken","Bowling Green Falcons",45.9977213242553
"Lexie Foutch","Tulsa Golden Hurricane",45.9858505867687
"Ella Brow","SMU Mustangs",45.9795984698426
"Caroline Thiel","Charlotte 49ers",45.9746718244743
"Dia Denes","Long Island University Sharks",45.9683982139113
"Ramiyah Byrd","Cincinnati Bearcats",45.9608762197909
"Madisyn Jordan","Wake Forest Demon Deacons",45.9569115208259
"Kyera Thornsbury","Jacksonville State Gamecocks",45.949392183522
"Lauryn Madsen","UC Irvine Anteaters",45.9491145034728
"Nasi Simmons","Columbia Lions",45.9473626629423
"Maggie Stutelberg","Western Michigan Broncos",45.9394093581401
"Marta Alsina","Washington State Cougars",45.9322241406249
"Ali Hardwell","South Carolina State Lady Bulldogs",45.9316801821071
"Jacee Busick","Belmont Bruins",45.9194641914985
"Emilia Tenbrock","Coastal Carolina Chanticleers",45.9167179795803
"Kaziah Akinniyi","Lincoln (PA) Lions",45.9087314243971
"Amelie Sitterud","Loyola Marymount Lions",45.9078819782699
"Alexis Burce","Erskine Flying Fleet",45.9076402207726
"Maya Hyacienth","Saint Peter's Peacocks",45.8861045651988
"Gretchen Dolan","Illinois Fighting Illini",45.8847724330893
"Shirel Nahum","UC Irvine Anteaters",45.883627764052
"Madi Hawk","Wofford Terriers",45.8836112739818
"Alani Fluker","Tarleton State Texans",45.8795099922364
"Audrey Biggs","Pittsburgh Panthers",45.8771997634506
"Alexa Mikeska","William & Mary Tribe",45.8634955478574
"Lele Tanuvasa","South Carolina Upstate Spartans",45.862628744221
"Se'Quoia Allmond","Southern Illinois Salukis",45.8590886407736
"Lexi Blue","Kentucky Wildcats",45.8479636254977
"Taylor Woodson","Minnesota Golden Gophers",45.8472599999901
"Kam'Ren Rhodes","Akron Zips",45.8450926337055
"Ellie Colbeck","South Dakota State Jackrabbits",45.8400922129337
"Aasia Sam","Louisiana Ragin' Cajuns",45.8392619022673
"Anna Lassan","Detroit Mercy Titans",45.8248493103674
"Savannah Davis","Middle Tennessee Blue Raiders",45.8202072741755
"Chloe Siegel","North Alabama Lions",45.8027782011825
"Samantha Crispe","Utah Utes",45.7998486108555
"Savannah Curry","Temple Owls",45.7917453102491
"Sapphire Jones","La Sierra Golden Eagles",45.7906851351466
"Camron Blank","IU Indianapolis Jaguars",45.7526640328457
"Lauryn Stover","Mercyhurst Lakers",45.7446928788053
"Raeven Raye-Redmond","Valparaiso Beacons",45.7268339164899
"Zoe Jackson","Abilene Christian Wildcats",45.7248429057679
"Jayden Rhodes","San Diego Toreros",45.7218344185397
"Sara Aumer","Virginia-Lynchburg Dragons",45.6986645748388
"Zuri Ransom","Ball State Cardinals",45.6662398408535
"Quinn Borroni","Mercyhurst Lakers",45.6657170425715
"Victoria Morris","North Carolina Central Eagles",45.6578508957467
"Alyssa Berry","Morehead State Eagles",45.6540719328196
"Tally Williams","Chicago State Cougars",45.6420399288654
"Gabby Razzano","Northern Kentucky Norse",45.6250700883669
"Allison Heathcock","Creighton Bluejays",45.6227495250411
"Caleigh-Rose West","Western Kentucky Lady Toppers",45.6221963420346
"Anna Hager","High Point Panthers",45.6219091577189
"Zahira Arizmendi Rubio","Florida Atlantic Owls",45.6175708241285
"Emily Bennett","Virginia-Lynchburg Dragons",45.6125380609906
"Kennedy Lee","Nevada Wolf Pack",45.6082986001937
"Indiya Clarke","Wofford Terriers",45.6067986257156
"Jenna Cook","Central Arkansas Sugar Bears",45.5901397895534
"Raymi Coueta","Duquesne Dukes",45.585500887261
"Elizabeth Lavoie","New Hampshire Wildcats",45.5852935056466
"Rubi Gray","Sacramento State Hornets",45.57555439746
"Taylor Ross","UTSA Roadrunners",45.5680155247158
"Leyah Houston","Alcorn State Lady Braves",45.566286621485
"Shanihya Brown","New Orleans Privateers",45.5595618746699
"Sofie Lowis","SIU Edwardsville Cougars",45.5572981824945
"Danielle Roberts","Bethesda University Flames",45.5351909297533
"Kendall Hendrix","Loyola Chicago Ramblers",45.5330748330518
"Abby Graham","North Dakota State Bison",45.5220582090372
"Olivia Forster","South Carolina Upstate Spartans",45.5138920132729
"Anjelicia Del Valle","Southeast Missouri State Redhawks",45.5105787640218
"Kathleen Birmingham","SUNY Geneseo Knights",45.5089757087671
"Maryam Dauda","South Carolina Gamecocks",45.5011247641704
"Bella Perkins","Pittsburgh Panthers",45.499445157099
"Frode Flos van der Schans","Chattanooga Mocs",45.4926236825002
"Jada Williams","Milwaukee Panthers",45.4839316848044
"Kaitlyn Adams","Queens University Royals",45.4790420103797
"Kenadee Winfrey","UNLV Lady Rebels",45.457824095794
"Summer Yancy","UCF Knights",45.4549669125705
"Payton Miller","Northwestern State Lady Demons",45.4533276233301
"Janet Arias","Park University Gilbert Buccaneers",45.4519347594523
"Camille Jackson","Miami (OH) RedHawks",45.4515342404234
"Cassidy Lafler","Ohio Bobcats",45.447346363761
"Kharyssa Richardson","Ole Miss Rebels",45.4438100460723
"Mackenzie Wright-Rawls","NJIT Highlanders",45.4393227274345
"Shadasia Brackens","North Texas Mean Green",45.4335601770166
"Keshia Vitalicio","Lehigh Mountain Hawks",45.4314007655858
"Aga Makurat","Vanderbilt Commodores",45.4292998498501
"Camryn Hill","Old Dominion Monarchs",45.4182440825494
"Dawson Jemerson","Coastal Carolina Chanticleers",45.4168702655793
"Anastasija Veljovic","Fordham Rams",45.4162798953501
"Karsen Marshall","Cal State Northridge Matadors",45.4132308572557
"Andraya Dimas","Park University Gilbert Buccaneers",45.4084779953386
"Jazmyne Jackson","Georgia Southern Eagles",45.4072079794059
"Paris Whitfield","Champion Christian Tigers",45.3938014887588
"Clara Glad","UC Davis Aggies",45.3925224548364
"Kaelyn Flowers","Florida Gulf Coast Eagles",45.3885230803334
"Mackenzie Joseph","New Orleans Privateers",45.3774095577655
"Malaka Cobb","Hampton Lady Pirates",45.3745787099348
"Yasmin Ott","UMBC Retrievers",45.3738996384897
"Kendall Beck","Houston Christian Huskies",45.3707955887374
"Karianna Woods","Bethune-Cookman Wildcats",45.3625751434498
"Janelle Brown","Fairfield Stags",45.3613250254674
"Teagan Mallegni","Iowa Hawkeyes",45.3439551144743
"Brianna Hill","Southeast Missouri State Redhawks",45.3429670623071
"Reagan Trumm","Western Carolina Catamounts",45.3352100757828
"Casey Valenti-Paea","Virginia Cavaliers",45.3344991097074
"Annemarie Batista","Little Rock Trojans",45.3341632979463
"Ellie Southards","Presbyterian Blue Hose",45.3337928410127
"Nora Perez","Cal Poly Mustangs",45.3301082450558
"Leah Philpotts","Charleston Cougars",45.3288162938147
"Eszter Turi","Siena Saints",45.3247537581294
"Kali Haizlip","UT Arlington Mavericks",45.3215656068681
"Cassidy Rowe","Kentucky Wildcats",45.3189442153922
"Jada Cook","Murray State Racers",45.3188606881153
"Hama'ya Fielder","Old Dominion Monarchs",45.3149962984494
"Justice Ross","Lamar Cardinals",45.292172729574
"Salma Khedr","Western Kentucky Lady Toppers",45.2886649519999
"Torie Sevier","Texas A&M-Corpus Christi Islanders",45.2698671542264
"Ja'Shelle Johnson","UT Rio Grande Valley Vaqueros",45.2671825603484
"Page Greenburg","George Mason Patriots",45.2625609338712
"Maele Van Houtert","Central Baptist College Mustangs",45.2278193719188
"Malia Tharpe","San Diego Toreros",45.2205536541275
"Te'Yala Delfosse","Michigan Wolverines",45.2141968750718
"Jada Richard","LSU Tigers",45.2139781190753
"Victoria Suarez","Puerto Rico-Mayaguez Bulldogs",45.2099540815421
"Sinai Douglas","Michigan State Spartans",45.2052022044482
"Jordan Boddie","Austin Peay Governors",45.2047119892432
"Brooklyn Taylor","Sacramento State Hornets",45.2028278771799
"Courtney Taylor","Coker Cobras",45.1961513515276
"Taylor Holohan","Northeastern Huskies",45.1802809845549
"Grace Knutson","Drake Bulldogs",45.1712922568142
"Janyah Bohanon","Howard Bison",45.1645448750162
"Ashna Tambe","Pennsylvania Quakers",45.1619891175061
"Emiyah Cobb","SIU Edwardsville Cougars",45.1592789259511
"Bailey Gilmore","Memphis Tigers",45.15698725263
"Lola Donez","California Golden Bears",45.1340846650911
"Sarah Lazar","Vermont Catamounts",45.1303905826598
"Taedyn Gray","Drake Bulldogs",45.1286752489396
"Saniah Tyler","Kentucky Wildcats",45.1267249338436
"Aspen Johnson","Mercer Bears",45.1247561085334
"Caitlyn Stanley","LeTourneau Yellow Jackets",45.1157275192892
"J'Unti Franklin","East Texas A&M Lions",45.1145348687442
"Abby Sharpe","Pennsylvania Quakers",45.1127813147159
"Noelle Hubert","Northern Kentucky Norse",45.1122292734954
"Nicki Polocheck","UC San Diego Tritons",45.1118206213681
"Gabby Robinson","Cal Poly Mustangs",45.1103377498724
"Nariah Scott","Providence Friars",45.1103229399663
"Jade Tillman","East Carolina Pirates",45.1076493182486
"Latazia Williamson","Memphis Tigers",45.0892479827383
"Allie Ziebell","UConn Huskies",45.0830204486855
"Janie Bachmann","Holy Cross Crusaders",45.0785315605479
"Emily Siesel","Bowling Green Falcons",45.0720222036495
"Marley Long","William & Mary Tribe",45.0695252062726
"Blau Tor","Columbia Lions",45.0692770113691
"Tianna Thompson","Georgia Tech Yellow Jackets",45.065357645427
"Stephanie Utomi","Mercer Bears",45.062645966554
"Makenna Earnest","College Of Saint Mary Flames",45.0572361157167
"Lauren Thompson","UMBC Retrievers",45.0460619292483
"Audrey Kormann","NJIT Highlanders",45.0400111305497
"Abbigail Stephens","UT Martin Skyhawks",45.0280676224239
"Success Prysock","Morgan State Lady Bears",45.0269970429163
"Charlece Ohiaeri","DePaul Blue Demons",45.0260802443991
"Regina Walton","Elon Phoenix",45.0256919259801
"Kendra Gillispie","BYU Cougars",45.0217864081897
"Morgan Holland","Faulkner Eagles",45.0217032997505
"Kiersten Johnson","Oklahoma Sooners",45.0158796286228
"Rylee Langerman","Oklahoma State Cowgirls",45.0135222915721
"Kaylan Deveney","Rider Broncs",45.0060644461672
"Angelina Nice","Radford Highlanders",45.0055311887525
"Reagan Wilson","Iowa State Cyclones",45.0023554343102
"Ayanna Varela","Montreat Cavaliers",45.0015268960044
"Lucy Hood","East Tennessee State Bucs",45.0012138235085
"Cam Mathews","Tulsa Golden Hurricane",45.0004637264833
"Mayla Ham","Central Michigan Chippewas",44.9978955528162
"Mikayla Werner","St. Thomas-Minnesota Tommies",44.9877988357855
"Andheya Aurelio","Jessup University Warriors",44.9877494271736
"Bailey Burns","Jacksonville Dolphins",44.9875617594878
"Mady Calhoun","Brown Bears",44.9790147475321
"Devyn Quigley","NC State Wolfpack",44.9786798806853
"Rosie Scognamiglio","Lafayette Leopards",44.9758866847696
"Sydni Scott","Fairfield Stags",44.9752184104995
"Eghosa Obasuyi","Georgia State Panthers",44.9748891025667
"Camerah Langston","Bethune-Cookman Wildcats",44.9706600294827
"Elizabeth Field","Stony Brook Seawolves",44.9651865193213
"Riley Smith","Central Michigan Chippewas",44.9328328339449
"Chania Price","North Texas Mean Green",44.9313693343671
"Amiyah Ferguson","Fordham Rams",44.9299427560025
"Audrey Deptula","Loyola Chicago Ramblers",44.9272268054157
"Nisea Burrell","Austin Peay Governors",44.9217018878353
"Nia Chima","UMass Lowell River Hawks",44.9164166340582
"Chantrel Clayton","UIC Flames",44.8968874239183
"Michelina Lombardi","Le Moyne Dolphins",44.8934382335895
"Tove Caesar","Houston Christian Huskies",44.8849160689955
"Ashley Rojas","Arkansas-Pine Bluff Golden Lions",44.8787263477031
"Kamara Mills","Queens University Royals",44.8772827196125
"Sofia Ceppellotti","North Alabama Lions",44.871140045119
"Courtney Turner","Portland State Vikings",44.8674822147949
"Lilah Moore","Northern Colorado Bears",44.8649955159206
"Aubrey Brown","Northeastern State RiverHawks",44.864740259007
"Macy Brown","Michigan Wolverines",44.8583898314977
"Davina Smith","Indiana State Sycamores",44.8475283807405
"Tia Morgan","Purdue Fort Wayne Mastodons",44.842364950356
"Kennedy Moore","Wake Forest Demon Deacons",44.8420695227792
"Lucie Castagne","UCF Knights",44.8416082881857
"Dakota Alston","Morgan State Lady Bears",44.8414854828297
"Judit Oliva Fernandez","Long Beach State Beach",44.8397052370903
"Alieghya Bartholomew","Delaware Blue Hens",44.8376350636047
"Carla Osma","Kansas Jayhawks",44.8360717624399
"Samantha Shanks","Southern Miss Lady Eagles",44.8347338446909
"Natalie Potts","Nebraska Cornhuskers",44.8295352787588
"Vitoria Santana","Penn State Lady Lions",44.8286913006753
"Mariah Knight","Jacksonville Dolphins",44.814025571523
"Reza Po","New Mexico Lobos",44.8050720023146
"Aysia Proctor","UTSA Roadrunners",44.8003765750744
"Grace Booth","Tarleton State Texans",44.7952100854924
"Brooklyn Vaughn","Loyola Chicago Ramblers",44.7947977719379
"Jada Brown","George Mason Patriots",44.7940243768663
"Nia McGee","St. Thomas (TX) Celts",44.7931261133049
"Kennedy Carlyle","Utah Valley Wolverines",44.7901775997556
"Bri Robinson","Northern Iowa Panthers",44.7890393558897
"Mia Beam","Bellarmine Knights",44.7864250206064
"JaKayla Thompson","Boston College Eagles",44.7751525325731
"Sydney White","California Baptist Lancers",44.7702671975901
"Avery O'Connor","New Hampshire Wildcats",44.7633724953172
"Mackenzie Thomas","SE Louisiana Lady Lions",44.7565961452872
"Isabel Tillett","Saint Louis Billikens",44.7524550563696
"Rakiyah Beal","North Dakota Fighting Hawks",44.751111303805
"Mahri Petree","Purdue Boilermakers",44.7496646565244
"Mallory Daly","Buffalo Bulls",44.7466053771888
"Leah Harmon","Miami Hurricanes",44.7457893200545
"Artemis Kouki","Western Michigan Broncos",44.744860031329
"Isabella Tanedo","Utah State Aggies",44.7429929900814
"Malea Egan","Marist Red Foxes",44.741575922664
"Maria McConnell","Mercyhurst Lakers",44.7367267718706
"Emma Barnett","Ohio Bobcats",44.7340405156755
"Sam Dewey","Richmond Spiders",44.7275681038198
"Amy Kurkowski","Saint Mary's Gaels",44.723890893971
"Jaelyn Acker","Furman Paladins",44.7144362337906
"Katie Fiso","Oregon Ducks",44.7086751024992
"Ruby Willard","Elon Phoenix",44.685670838918
"Laycee Drake","UAlbany Great Danes",44.6736784702107
"Landry Allen","Oklahoma Sooners",44.653841949696
"Lyric Barr","Houston Christian Huskies",44.6527434583148
"Peyton Gerdes","High Point Panthers",44.651342825507
"Ava Knipstein","Schreiner Mountaineers",44.6474227728211
"Destinee Salgado","Iona Gaels",44.645391626245
"Timia Ware","East Carolina Pirates",44.6441534719591
"Katelyn Chomko","Robert Morris Colonials",44.6421035486816
"Kayla Mount","Chicago State Cougars",44.6339678898054
"Lexi Castator","Valparaiso Beacons",44.6325485650803
"Kiarra Kennedy","Maryland Eastern Shore Hawks",44.6322096984495
"Diana Eliasson","New Hampshire Wildcats",44.6156164381695
"Kalise Hill","Morehead State Eagles",44.6149244887606
"Amelia Osgood","Princeton Tigers",44.6135889215441
"Sophie Benharouga","Seattle U Redhawks",44.6114468206785
"Autumn Smith","Louisiana Tech Lady Techsters",44.6021207667701
"Natalia Sierra-Vargas","George Washington Revolutionaries",44.5981008517514
"Lexi Deden","Montana State Bobcats",44.5966031110016
"Alli Harness","Western Michigan Broncos",44.5936547305351
"Tierney Coleman","North Carolina Central Eagles",44.591977009244
"Ciara Bailey","Norfolk State Spartans",44.58894403031
"Dani Ceseretti","Villanova Wildcats",44.579196808008
"Jayda Clark","Boise State Broncos",44.5777071067915
"Ashley Carrillo","Presbyterian Blue Hose",44.5743878443597
"Candela Garcia-Escribano","Long Island University Sharks",44.5670307383797
"Alondra Lizama","Cal State Northridge Matadors",44.5661976183224
"Kassie Ingram","Marshall Thundering Herd",44.5539762964256
"Hilary Fuller","Belmont Bruins",44.5509885308833
"Kylah Moore","Coppin State Eagles",44.5508565093725
"Madi Symons","Wyoming Cowgirls",44.5507679785711
"Tamia Dolls","Wiley Wildcats",44.5503503862835
"Terren Ward","Mississippi State Bulldogs",44.549374310357
"Nicole Sandifer","Grambling Lady Tigers",44.5406050427102
"Dylan Tse","Cal State Bakersfield Roadrunners",44.534803315461
"Jazmine Klausmeier","Virginia-Lynchburg Dragons",44.533106039287
"Makenna Jarratt","Cleary University Cougars",44.523860025956
"Jordyn Marshall","UC Riverside Highlanders",44.5145467504651
"Maria Doreste","Wagner Seahawks",44.5127740064817
"Eriny Kindred","Florida Gators",44.5081430811209
"Jhaven Meade","South Carolina State Lady Bulldogs",44.5021333327984
"Ayasha Thomas","Bowie State Bulldogs",44.5009459244577
"Charia Smith","Marquette Golden Eagles",44.4984750586113
"Ambah Kowcun","Eastern Kentucky Colonels",44.4981243890135
"Noemi Arvai","Sacramento State Hornets",44.4865016246009
"Amelia Hobson","North Dakota State Bison",44.4832853019186
"Karina Gordon","Florida Gulf Coast Eagles",44.4752005617732
"Myla Benton","Morehead State Eagles",44.4734442420582
"Holly Griffiths","Fresno State Bulldogs",44.4698140730233
"Aislin Malcolm","Pittsburgh Panthers",44.4693568514222
"Sydney Bolden","Ball State Cardinals",44.465537512485
"Isabellah Middleton","St. Bonaventure Bonnies",44.4645065358506
"Nia Brown","North Florida Ospreys",44.4636713022135
"Julia Puente","McNeese Cowgirls",44.4635413097928
"Mya Johnson","Bethune-Cookman Wildcats",44.461631628621
"Olivia Vandergriff","Lipscomb Bisons",44.4605517301973
"Sophie Baydanov","UMass Lowell River Hawks",44.4450070565139
"Keala Johnson","Cheyney (PA) Wolves",44.4442669229688
"Bailey Barnhard","San Diego State Aztecs",44.4386287801409
"Nadechka Laccen","St. Bonaventure Bonnies",44.4366602702789
"Paige Girardi","Quinnipiac Bobcats",44.4315207278972
"Mia Vuksic","San Francisco Dons",44.429272369956
"Abby Holtman","Cincinnati Bearcats",44.4284583532413
"Tyra Myers","Stetson Hatters",44.4254448856848
"Nia Anderson","California Baptist Lancers",44.4249268268016
"Emma Haan","Vermont Catamounts",44.4198915804209
"Sydnei Collier","Texas A&M-San Antonio Jaguars",44.4153179755949
"D'Yanis Jimenez","Wisconsin Badgers",44.4134564181951
"Sania Jenkins","La Salle Explorers",44.4101076509908
"Kyriana Jones","Tarleton State Texans",44.4087982726996
"Jadyn Atchison","Old Dominion Monarchs",44.4033485013952
"Kanani Coon","UC Santa Barbara Gauchos",44.400847226427
"Elizabeth Romer","UT Rio Grande Valley Vaqueros",44.3880795781659
"Ja-Kahla Craft","Seton Hall Pirates",44.3869123773846
"Teagan Erickson","Montana State Bobcats",44.3777017708973
"Abbey Cracknell","Marquette Golden Eagles",44.3776739757835
"Hannah Robbins","Montana State Bobcats",44.3705397489541
"Sarah Baker","Youngstown State Penguins",44.3606401684046
"Ali Stephens","Omaha Mavericks",44.3508097462813
"Angel Hill","Tennessee State Lady Tigers",44.3499319261726
"Jordan Rosier","South Alabama Jaguars",44.3474853273858
"Clara Rosini","Georgia State Panthers",44.3460976549595
"Lily Bottomley","Loyola Maryland Greyhounds",44.3447986033894
"Joniyah Bland-Fitzpatrick","Seton Hall Pirates",44.3417047995329
"Keona Curtis","North Carolina A&T Aggies",44.3395055943263
"Emily McElmurry","Eastern Washington Eagles",44.3371884259403
"Alyssa Christensen","Boise State Broncos",44.3280014846296
"Anna Stromberg","Radford Highlanders",44.3252975598345
"Hana Abdel Aal","Bellarmine Knights",44.3192473177383
"Jamiria Jones","Georgia Southern Eagles",44.3134684648407
"Emerson Thompson","Campbell Fighting Camels",44.3003085585686
"Gabby Betton","Loyola Maryland Greyhounds",44.2964335578739
"Ella Weaver","Toledo Rockets",44.2931939128598
"Cristina Parrella","Princeton Tigers",44.2929244315966
"Emma Donnelly","Iona Gaels",44.2875705142888
"Sydney Postell","Le Moyne Dolphins",44.2813798586624
"Ashtyn Zeigler","Guilford Quakers",44.2732347088386
"Kaitlin Burgess","Weber State Wildcats",44.2721509819771
"Aleah Sorrentino","Massachusetts Minutewomen",44.2698237358031
"Abby Ray","UAlbany Great Danes",44.2670856416363
"Kyara Champagne","Chicago State Cougars",44.2663905114636
"Brianna Ellis","New Orleans Privateers",44.2653649334489
"Kylie Morris","Davis & Elkins Senators",44.2632068279784
"Nasia Powell","UNC Greensboro Spartans",44.2537050134788
"Alanna Phillipo","Eastern Illinois Panthers",44.2465254005215
"Janiyah Tucker","Arkansas-Pine Bluff Golden Lions",44.2444422865246
"McKenna Johnson","Minnesota Golden Gophers",44.2440067218051
"Cori Allen","Illinois Fighting Illini",44.2430182104991
"Xamiya Walton","Northwestern Wildcats",44.2387896693364
"Lucia Martinez Lopez","Xavier Musketeers",44.2339176066761
"Brittany Cambell","Kentucky State Thorobreds",44.2268635914601
"Ale Civera","Iona Gaels",44.2231787673504
"Kylah McCullers","Mississippi Valley State Devilettes",44.2203466405213
"Catelyn Wheeler","Stonehill Skyhawks",44.2062299270189
"Alarice Gooden","Hofstra Pride",44.2039066813979
"Irena Korolenko","Santa Clara Broncos",44.2037389952337
"Laila Harrison","Bowling Green Falcons",44.2009884787034
"Staci Williams","Fairleigh Dickinson Knights",44.1827166480326
"Meghan Fiso","San Diego State Aztecs",44.1820277667618
"Jazzy Owens-Barnett","Rice Owls",44.171507557195
"Madison St. Rose","Princeton Tigers",44.1699760686296
"Syria Butler","New Orleans Privateers",44.1542652937189
"Katarina Knezevic","Arizona Wildcats",44.1495643910029
"Kylee Fears","Merrimack Warriors",44.1474146778894
"Eri Blithikioti","UC San Diego Tritons",44.1357136927048
"Madeline Potts","Syracuse Orange",44.1300174309658
"Ellie Cerf","Dartmouth Big Green",44.1296563895842
"Selma Eklund","North Florida Ospreys",44.1286697111308
"Cierra Pearson","Central Connecticut Blue Devils",44.1271357433487
"DeeDee Shephard","Charlotte 49ers",44.1257984830993
"Esther Kursite","Sacred Heart Pioneers",44.1125083074768
"Julia Webster","Stonehill Skyhawks",44.1121749128826
"Anaya Harris","Gardner-Webb Runnin' Bulldogs",44.1072366653726
"Jordan Zubich","North Carolina Tar Heels",44.0938582935835
"Ivy Fox","La Salle Explorers",44.0929845540653
"Taylor Charles","Princeton Tigers",44.0902790319319
"Paris Lauro","New Mexico Lobos",44.0854858494349
"Maci Quiller","Texas Southern Tigers",44.0816703132972
"Felicia Jacobs","Temple Owls",44.0784118120005
"Taylor Caldwell","Charleston Southern Buccaneers",44.0771287905248
"Ella Wedin","Saint Mary's Gaels",44.0733079694058
"Aimee Flippen","Abilene Christian Wildcats",44.0723371758291
"Magdalena Schmidt","Yale Bulldogs",44.0678419790583
"Rosa Smith","UC San Diego Tritons",44.0676214079124
"Zora Fray-Chinn","South Carolina Upstate Spartans",44.0648864813895
"Kyleigh Welsh","NJIT Highlanders",44.0556155628331
"Lemyah Hylton","Miami Hurricanes",44.0538902140146
"Snowda Watie","Northeastern State RiverHawks",44.0498923897265
"Paula Pique","Abilene Christian Wildcats",44.0498263016983
"Jasmine Nichols","Western Illinois Leathernecks",44.0361618420864
"Ellie Buzzelle","Green Bay Phoenix",44.0303727871904
"Nya Harmon","Texas Southern Tigers",44.0223587160428
"Lila Posthuma","Bradley Braves",44.0169162790649
"Alize Tripp","Detroit Mercy Titans",44.0161796323646
"Mickelle Lowry","Coppin State Eagles",44.0134007676024
"Alejandra Mastral","Robert Morris Colonials",43.9991331995322
"Sophi Hall","Providence Friars",43.9935159918533
"Laila Phelia","Texas Longhorns",43.9905932772228
"Steph Ouderkirk","Richmond Spiders",43.9825090788969
"Caelan Ellis","Charleston Southern Buccaneers",43.978724362471
"Sienna Dauer","Davidson Wildcats",43.9706776216798
"Terriana Gray","North Carolina Central Eagles",43.9625875056807
"Mariyah Brown","Houston Christian Huskies",43.9594277512033
"Jamia Carter","Portland State Vikings",43.9492643163729
"Kehinde Obasuyi","Western Carolina Catamounts",43.9481042131123
"Maria Arrebola","Columbia Lions",43.9459263591152
"Jasmine Fearne","Bowling Green Falcons",43.9373729390875
"Albina Syla","Rhode Island Rams",43.9328982282724
"Remi Sisselman","Lehigh Mountain Hawks",43.9320894177641
"Daviane Mindoudi Ongbakahoumb","Florida Gators",43.9320097029512
"Georgia Heine","Pennsylvania Quakers",43.9271352309358
"Chelsea Graiver","Stonehill Skyhawks",43.9234855603503
"Amarah Streiff","Colgate Raiders",43.9160319633976
"Monna Julkunen","Georgia State Panthers",43.9154592657274
"Jocelyn Chavez","Rider Broncs",43.9111632518775
"Natalie Fraley","Portland Pilots",43.9065810427331
"Morgan Matthews","George Washington Revolutionaries",43.9050459169556
"Shira Elkis","Stonehill Skyhawks",43.9011819027487
"Violette Skipworth","Nicholls Colonels",43.895692873599
"Tatiana Matthews","Colgate Raiders",43.8920248827202
"Katy Reyerson","Northern Iowa Panthers",43.8869342390549
"Mariyah Noel","Ole Miss Rebels",43.8863940832887
"Bianca Juzzo","Kent State Golden Flashes",43.8715299061364
"Sydney Pettis","North Florida Ospreys",43.8689283285597
"Hennessey Luu-Brown","Miami (OH) RedHawks",43.8687542632886
"Milly Sharp","Boise State Broncos",43.8654543872907
"Jalysa Stokes","UIC Flames",43.8610831886738
"Kennedy Blair","Michigan State Spartans",43.8587899623205
"Alva Mofalk","McNeese Cowgirls",43.8562038231568
"Shayla Gillmer","Washington Huskies",43.8550078112992
"Sofia Llanos","Portland State Vikings",43.8469680074236
"Lucy Larson","Seattle U Redhawks",43.8359177150598
"Rhema Pegues","North Alabama Lions",43.8306009404806
"Grace Hunter","North Florida Ospreys",43.8205524298352
"Lara Cook","Colgate Raiders",43.8159741045556
"Khamya McNeal","George Mason Patriots",43.8117732956532
"Macy Smith","St. Bonaventure Bonnies",43.8068995868336
"Olivia O'Meally","NJIT Highlanders",43.8061471619385
"Ali'a Matavao","Loyola Marymount Lions",43.7971959198242
"Brooklyn McDaniel","Jacksonville State Gamecocks",43.7965087740016
"Gemma Gruttner Bacoul","East Tennessee State Bucs",43.796223728349
"Deniz Torgut","VCU Rams",43.7820975185068
"Karina McMillan","Cal Lutheran Kingsmen",43.7803803325906
"KJ Walker","Lamar Cardinals",43.7799688620862
"Isabella Pitta","Lipscomb Bisons",43.7763633718373
"Alexia Araujo-Dagba","Georgetown Hoyas",43.7755664843836
"Jaidyn Harper","East Tennessee State Bucs",43.7714999221391
"Marisa Davis-Jones","San José State Spartans",43.7710292092399
"Rhianna Williams","Kentucky State Thorobreds",43.7710010745684
"Mary Wilson","Denver Pioneers",43.770563457046
"Qadence Samuels","UConn Huskies",43.7675601016759
"Jailah Clark-Jones","UNC Greensboro Spartans",43.765546070434
"Maddie Diabate","Detroit Mercy Titans",43.7591518352627
"Ruby Sweeney-Spitzeck","Idaho State Bengals",43.7575664944021
"Taleiyah Gibbs","Texas State Bobcats",43.7439134641868
"Lily Hansford","Iowa State Cyclones",43.7410560648966
"Madi Ott","Clemson Tigers",43.7407608458386
"Caliana Fenceroy","Niagara Purple Eagles",43.7298643524073
"Zaire Mcneal","Southern-New Orleans Knights",43.7250137284186
"Hope LeMelle","Stephen F. Austin Ladyjacks",43.7245047663443
"Maddie Antenucci","Florida Gulf Coast Eagles",43.7218807557976
"Alaijah Kirk-Veal","Clinton College Golden Bears",43.7072224819242
"Alyssa Crockett","Michigan Wolverines",43.7024359860322
"Maren Westin","Green Bay Phoenix",43.6994213218431
"Aliyah Collins","Mercer Bears",43.6974895545229
"Yana Karamfilova","South Florida Bulls",43.6973417868765
"Kendall Wingler","IU Indianapolis Jaguars",43.6964386188953
"Jess Ross","Massachusetts Minutewomen",43.6907746621883
"Savannah McGowan","Illinois State Redbirds",43.6841125685908
"Lillian Jackson","Grambling Lady Tigers",43.6825004256556
"Tamar Kopilevech","Queens University Royals",43.6706479852791
"Tivona Myles","Brenau University Golden Tigers",43.670622506738
"Bri Bowen","Quinnipiac Bobcats",43.6648826777749
"Maddie Cox","NC State Wolfpack",43.661055072283
"Layla Laws","Saint Peter's Peacocks",43.6442380965691
"Timaya Lewis-Eutsey","VCU Rams",43.644059207943
"Ava McKennie","Maryland Terrapins",43.631059878533
"Eryn McKinzie","Incarnate Word Cardinals",43.625017135142
"Eden Johnson","Georgia State Panthers",43.6143419825378
"Inez Gallegos","Boston University Terriers",43.6141364455923
"Elizabeth Archer","American University Eagles",43.6121895752077
"Jordan Jackson","Wichita State Shockers",43.6094523799167
"Paula Maurina","Saint Joseph's Hawks",43.6051021870595
"Jada Collins","Tennessee State Lady Tigers",43.6007360818404
"Shanelle Smith","Queens University Royals",43.6002471107019
"Maggie Czinano","Minnesota Golden Gophers",43.5990234280414
"Jasmine Matthews","Louisiana Ragin' Cajuns",43.5886795349346
"Jelissa Reese","Prairie View A&M Lady Panthers",43.5828248437301
"Laci Steele","NC State Wolfpack",43.5793077756987
"Madelyne Davis","Houston Christian Huskies",43.5739198552712
"Taliah Scott","Auburn Tigers",43.5738105288361
"Lauren Cohen","Illinois State Redbirds",43.571068776
"Chloe Spreen","Alabama Crimson Tide",43.5626151143962
"Sydney Golladay","Creighton Bluejays",43.5525188440768
"LaKeeyah Barnes","Niagara Purple Eagles",43.5451435364366
"Abbey Kimball","Michigan State Spartans",43.5420624698037
"Nia Henley","Navy Midshipmen",43.5296008787385
"Lexy Linton","Kent State Golden Flashes",43.5163733007137
"Ashley O'Connor","Bucknell Bison",43.511867799717
"Juliann Woodard","Michigan State Spartans",43.5088792853141
"Kiyah Hurst","North Dakota Fighting Hawks",43.505764797314
"Fatou Diakite","South Florida Bulls",43.5019428463112
"Marya Hudgins","BYU Cougars",43.4929397587357
"Anaja Hall","Alabama State Lady Hornets",43.4909806984562
"Tre'Miyah Berry","New Orleans Privateers",43.4900679052689
"Desiree Ware","UAB Blazers",43.4864993803574
"Aubrey Joens","Oklahoma Sooners",43.4845450721751
"Ella Meabon","Colgate Raiders",43.4833625408357
"Corrie McLaughlin","UNC Wilmington Seahawks",43.4809583993827
"Serina Quezada","Bethesda University Flames",43.4808179055164
"Draya Wacker","Montana Lady Griz",43.47521014829
"Mariama Sow","Western Kentucky Lady Toppers",43.4743372336889
"Ashley Tudor","Marshall Thundering Herd",43.4672169320327
"Tahnyjia Purifoy","Florida A&M Rattlers",43.4647794804114
"Stella Sgro","San José State Spartans",43.4544585993834
"Ellie Boni","Eastern Washington Eagles",43.4524678116001
"Latifa Amzil","Detroit Mercy Titans",43.4467771376404
"Rachel Griffin","North Carolina A&T Aggies",43.4408887328358
"Caroline Waite","Illinois State Redbirds",43.4392756740555
"Jordan Tuff","UNC Asheville Bulldogs",43.4363522879343
"Heather Baymon","Texas State Bobcats",43.4269743806767
"Semie Brar","Indiana State Sycamores",43.4254020723823
"Kelowna Ngoyi","Southern Illinois Salukis",43.4244086125181
"Kayla Hampton","Tulane Green Wave",43.4232118958759
"Mikiya House","Queens University Royals",43.4226168199064
"Mia Hardin","Mississippi Valley State Devilettes",43.4203106489022
"Jeniah Thompson","Southern Illinois Salukis",43.4168684301862
"Kayce Hyman","Bellarmine Knights",43.4068424302999
"Ja'Miyah Bryant","Grambling Lady Tigers",43.4033862500687
"Margarita Satini","Weber State Wildcats",43.3998563303957
"Adriana Jones","Troy Trojans",43.3926628707591
"Alyssa Ervin","Elon Phoenix",43.3856628173641
"Sophia Zufelt","UT Rio Grande Valley Vaqueros",43.3855141933952
"Abigail Long","Yale Bulldogs",43.3829424914504
"Brooke Suttle","Pennsylvania Quakers",43.3817267658331
"Kennan Ka","Long Beach State Beach",43.3758272151066
"Daniela Falcon Hernandez","UC Irvine Anteaters",43.3678594614132
"De'Ahna Richardson","Western Michigan Broncos",43.3559016500996
"Emily Bratton","Miami (OH) RedHawks",43.3533339016825
"Charli Kay","Southern Utah Thunderbirds",43.3527345681819
"Laryn Scott","Nicholls Colonels",43.3496022696294
"Camila De Pool","Fordham Rams",43.3484952658668
"Maria Messling","Western Illinois Leathernecks",43.3467593198634
"Kelly Boyle","UNC Greensboro Spartans",43.3453170041339
"Nalani Simmons","Longwood Lancers",43.3424060967674
"Aaliyah Gayles","USC Trojans",43.3398113069329
"Kira-May Filemu","Hawai'i Rainbow Wahine",43.338837621509
"Meegan Fahy","SIU Edwardsville Cougars",43.3346974742671
"Raina Tomasicka","South Florida Bulls",43.3340287752456
"Kelian Cedano","Temple Owls",43.3285380971356
"Lauren Perry","Omaha Mavericks",43.321692919625
"Sarang West","North Alabama Lions",43.3154518512501
"Paulina Hernandez","Cleveland State Vikings",43.2990807019332
"Maggie Besselink","Arizona State Sun Devils",43.2872308684398
"Kaylee Corbin","Northern Iowa Panthers",43.2856275616158
"Monica Williams","Ohio Bobcats",43.2854101275695
"Madisyn Moore-Nicholson","American University Eagles",43.2806318401099
"Jada Gyamfi","Iowa Hawkeyes",43.2762423527413
"Kennedy Flanagan","Western Illinois Leathernecks",43.2633690744604
"Destiny Agubata","West Virginia Mountaineers",43.2597561200343
"Sara Zabrecky","UIC Flames",43.2548947131358
"Grace Strickland","Mercyhurst Lakers",43.2235005363096
"Zoe Stewart","Missouri State Lady Bears",43.2222146147338
"Claire Gallagher","San Diego Toreros",43.2123877256244
"Savanna Jones","Seton Hall Pirates",43.1996428786974
"Nyayongah Gony","UTSA Roadrunners",43.1904262368419
"Avery Strickland","Tennessee Lady Volunteers",43.1884658773936
"Payton Fields","St. Bonaventure Bonnies",43.1867870449979
"Jada Knight","Samford Bulldogs",43.1845362546207
"Madison O'Dell","Robert Morris Colonials",43.1827159979334
"Amari DeBerry","Maryland Terrapins",43.1696999998752
"Gisella Maul","California Golden Bears",43.167069710345
"Brenna Burk","Little Rock Trojans",43.1538840305067
"Rachel Shropshire","Bellarmine Knights",43.1488746812563
"Madison Bartley","Baylor Bears",43.1477703671962
"Seneya Martinez","App State Mountaineers",43.1457270410731
"Claudia Marina Gonzalez","Florida International Panthers",43.1405930047839
"Jessica Woods","Campbell Fighting Camels",43.1378459755695
"Kristina Rakotobe","UNC Greensboro Spartans",43.0976957727364
"Kastyn Young","Utah Tech Trailblazers",43.0959257523479
"Ar'Mani Reid","Winthrop Eagles",43.0910610648931
"Cloe Vecina","Oregon State Beavers",43.0826168810873
"Jessie Ozzauto","Lehigh Mountain Hawks",43.0716028626003
"Jayda Johnson","Dayton Flyers",43.0697128729289
"Kylie Waytashek","Valparaiso Beacons",43.06099389902
"Emilie Bessell","Davidson Wildcats",43.0574328520408
"Journee McDaniel","East Carolina Pirates",43.0574316938134
"Aanaya Harris","Charlotte 49ers",43.0574098934544
"Tahira Muhammad","Dartmouth Big Green",43.0548767427305
"Isabella Casey","Bucknell Bison",43.0532293927123
"Alyssa Febres","Kansas City Roos",43.0450819050569
"Ariel Little","St. John's Red Storm",43.0408713842387
"Sophia LeGoullon","William & Mary Tribe",43.0229379625732
"Hildur Gunnsteinsdottir","Boston University Terriers",43.0198676999522
"Tanajah Hayes","Florida International Panthers",43.0132653639425
"Kierra Morrow","Elon Phoenix",43.012548268557
"Mar'Cyah Willis","Tarleton State Texans",43.0077849014911
"Stella Szabo","Pacific Tigers",43.0032166703352
"Kiylynn Dawkins","Northern Illinois Huskies",42.9909914355323
"Amiaya Morgan","Maryland Eastern Shore Hawks",42.9835614809288
"Joselyn Johnson","Virginia-Lynchburg Dragons",42.9738719569324
"Maddie Vizza","Northeastern Huskies",42.9686971445731
"Rebecca Moors","Hawai'i Rainbow Wahine",42.9648701334111
"Aubrey Reid","UT Arlington Mavericks",42.9622928225191
"Tara Daye","St. John's Red Storm",42.9621264126766
"Takiela Jones","Mississippi University For Women Owls",42.9602021913243
"Jada Bates","Arkansas Razorbacks",42.9547658298004
"MacKenzie Givens","Xavier Musketeers",42.9394389907234
"Asha Sra","Grand Canyon Lopes",42.9059706150975
"Natalie Herrin","Presbyterian Blue Hose",42.9001188690849
"Alyssa Tarpley","Samford Bulldogs",42.8964477089652
"Cadence Johnson","Merrimack Warriors",42.8869819457121
"Morgan Boyd","Presbyterian Blue Hose",42.8859661487005
"Morgan Tompkins","Marist Red Foxes",42.8687434186345
"Veronaye Charlton","North Alabama Lions",42.8637004604727
"Lena Walz","St. Bonaventure Bonnies",42.8615733376223
"Jayda Brown","St. John's Red Storm",42.8271124218767
"Lorena Barbosa","San Francisco Dons",42.8262305277234
"Anastasia Drosouni","California Golden Bears",42.8255386417512
"Maria Serracanta","Northern Illinois Huskies",42.818283425807
"Alicia Newell","Richmond Spiders",42.798392573551
"Allie Hueckman","Boise State Broncos",42.7959419443688
"Teresa Mbemba","Presbyterian Blue Hose",42.7821437503893
"Mya Dotson","Charleston Southern Buccaneers",42.773086766722
"Xanthippi Karatasiou","Canisius Golden Griffins",42.7710862939929
"Mona Zaric","Harvard Crimson",42.7698548635817
"Isabella Gonzalez","Virginia-Lynchburg Dragons",42.7696452452609
"Sh'Diamond McKnight","Mississippi Valley State Devilettes",42.7662199148764
"Taylor Moffat","Portland State Vikings",42.7657927894197
"Ona Alarcon","Maine Black Bears",42.7600877136806
"Kaley Perkins","Kent State Golden Flashes",42.7575217851856
"Kamryn Mafua","California Golden Bears",42.7564765893455
"Susana Yepes","Oregon State Beavers",42.7542960961231
"Emma Lytle","Air Force Falcons",42.738943196544
"Kylee Norkus","Evansville Purple Aces",42.7376130075107
"Julene Royale","Jacksonville Dolphins",42.7305303277789
"Diarrah Sissoko","New Mexico State Aggies",42.727391378883
"Vinyet Morato","Western Michigan Broncos",42.7266337420618
"Shannon Blacher","Northern Illinois Huskies",42.71648783591
"Leah Bullard","Oakland Golden Grizzlies",42.7158367882233
"Emily Fisher","Maryland Terrapins",42.7127875626439
"Kelis Grant","Sam Houston Bearkats",42.7038124271229
"Avery O'Roke","NJIT Highlanders",42.6994900834971
"Emily Monson","Middle Tennessee Blue Raiders",42.6824700960656
"Audrey Annee","Army Black Knights",42.6679414522461
"Ashala Moseberry","West Virginia Mountaineers",42.6586022401044
"Nyla Cooper","Howard Bison",42.6464094826186
"Kayanna Cox","SMU Mustangs",42.6407398366408
"Trinity Barnes","UNC Asheville Bulldogs",42.6332922006206
"Hannah Riddick","Memphis Tigers",42.6328394644853
"Erin Powell","Colorado Buffaloes",42.6290617997095
"Brianna Sanchez","UT Rio Grande Valley Vaqueros",42.6215242532633
"JaNai Coleman","UT Rio Grande Valley Vaqueros",42.6053961555838
"Raven LeXander","Stetson Hatters",42.5916320309668
"Arlisha Boston","Hampton Lady Pirates",42.5809881886306
"Alisa Blalock","La Salle Explorers",42.5803683088137
"Georgia Cox","Eastern Illinois Panthers",42.5745255729561
"Stanislava Kabernick","Middle Tennessee Blue Raiders",42.5703299797137
"Daylee Dunn","Cincinnati Bearcats",42.5686466639798
"Ines Gnahore","UC Irvine Anteaters",42.5648664790667
"Kyana Weir","Omaha Mavericks",42.5596694779882
"Logann Alvar","Wyoming Cowgirls",42.5546541565911
"JoJo Nworie","Colorado Buffaloes",42.5450921956738
"Aalayah Wilson","Lindenwood Lions",42.5435189193534
"Liz Murphy","Akron Zips",42.5349946868184
"De'Shawnti Thomas","Illinois State Redbirds",42.5344534360596
"Dayshawna Carter","Monmouth Hawks",42.5334605926474
"Ellie Colson","Eastern Illinois Panthers",42.5326857179467
"Kailyn Farrell","Chattanooga Mocs",42.5210440119846
"Isamery Telleria","Jacksonville Dolphins",42.516292898302
"Jeanee Anderson","Alcorn State Lady Braves",42.512226248263
"Jessica Wangolo","Le Moyne Dolphins",42.5110237526163
"Audrey Meyers","High Point Panthers",42.5062814796288
"Jayda Johnston","Eastern Illinois Panthers",42.5046039159742
"Jamia Blake","Rider Broncs",42.4995076183634
"Wyvette Mayberry","Kansas Jayhawks",42.4897628177431
"Izzy McPherson","Chattanooga Mocs",42.4850727120877
"Ternadoo Agatha Agba","Southern Illinois Salukis",42.4663446652066
"Jovana Spasovski","Wisconsin Badgers",42.4590117247185
"Alice Dart","Washington State Cougars",42.4545504165413
"Rachel Kuhl","Monmouth Hawks",42.4536458357416
"Sarah Hammack Fitzgerald","Old Dominion Monarchs",42.450702332647
"Kassidy Thompson","Hofstra Pride",42.4478633150575
"Gabriella Kelley","Pennsylvania Quakers",42.4302222680357
"Gal-la Font","West Georgia Wolves",42.4275318323893
"Taylor Rietveld","Louisiana Tech Lady Techsters",42.4193359474792
"Lauren Crocker","Utah Tech Trailblazers",42.4191449592409
"Caya Smith","Oklahoma Sooners",42.4181464968401
"Sophia Rueppell","Kennesaw State Owls",42.411061217221
"Saran Moschella","Navy Midshipmen",42.4102148397624
"Alena Fusetti","Mercyhurst Lakers",42.4012253252733
"Jordana Codio","Texas Longhorns",42.3945458854091
"Kennedy Clifton","Rice Owls",42.3808202283771
"Amany Lopez","Rider Broncs",42.378187512802
"Sophia Lee","Sacramento State Hornets",42.3663148503888
"Riley Wright","St. Thomas-Minnesota Tommies",42.3609103062993
"Jayda Holiman","UT Rio Grande Valley Vaqueros",42.3605504933272
"Noga Haran","Stetson Hatters",42.3437826439211
"Makolla Bagayegou","Houston Christian Huskies",42.335068128933
"Mataeya Mathern","North Dakota Fighting Hawks",42.3142969886555
"Jada Harrison","Middle Tennessee Blue Raiders",42.3097124117199
"Dacia Jones","Louisiana Ragin' Cajuns",42.3069437754663
"Natalie Mazurek","TCU Horned Frogs",42.2987557082878
"Eliza Buerk","Davidson Wildcats",42.2940417315117
"Alba Garcia","Charleston Southern Buccaneers",42.2868377187135
"Imani Warren","New Mexico State Aggies",42.2774955180782
"Ava Toone","Loyola Marymount Lions",42.2612062719006
"Madison Watts","Loyola Marymount Lions",42.2534888811738
"Kennadi Archibald","Sacramento State Hornets",42.2444362980723
"Jasmine Timmerson","Davidson Wildcats",42.24041583995
"Aubrie Kierscht","South Carolina Upstate Spartans",42.217426543347
"Katie Hurt","Lehigh Mountain Hawks",42.2106073324664
"Anna Rodgers","Bellarmine Knights",42.2037954225404
"Elle Johansson","Wagner Seahawks",42.1998803352035
"Zahra King","California Golden Bears",42.19967897772
"Jade Moore","Chattanooga Mocs",42.1965215890539
"Anna Csenyi","New Mexico State Aggies",42.1942107630241
"Shelby Bowman","Western Illinois Leathernecks",42.1913184162008
"Lucy Lynn","Yale Bulldogs",42.1876258696809
"Elliott Jessup","North Carolina A&T Aggies",42.1859089711553
"Shantavia Dawkins","Dayton Flyers",42.1853622889022
"Arianna Durrell","Jackson State Lady Tigers",42.1736323857014
"Lauren Rust","Pittsburgh Panthers",42.1447294666177
"Rebecca Dwomoh","Robert Morris Colonials",42.1414573068449
"Ella Riggs","Purdue Fort Wayne Mastodons",42.1373212793048
"Kellyn Preira","Monmouth Hawks",42.1274077129208
"Naiya Carney","Texas A&M-Corpus Christi Islanders",42.125492911218
"Genesis Harris","Tennessee State Lady Tigers",42.1100219341997
"Hilary Behrens","South Dakota State Jackrabbits",42.1042744955428
"Kenya Ramsey","UMBC Retrievers",42.0932036633114
"Allysan Tse","Cal State Bakersfield Roadrunners",42.0771398804087
"LaNiya Scales","North Carolina Central Eagles",42.0739469609468
"Tylie Jones","New Mexico State Aggies",42.0702461832317
"Heather Middleton","Mount St. Mary's Mountaineers",42.0675286174723
"Hilke Feldrappe","Missouri Tigers",42.0645765131341
"Samiana Suguturaga","Utah State Aggies",42.0594355294059
"Asa Snyder","Furman Paladins",42.0391247786656
"Jean Chiu","Washington State Cougars",42.0357528923106
"Momina Kassim","Northwestern State Lady Demons",42.0337530177536
"Josie Grosdidier","Colorado Christian Cougars",42.0320848169389
"Hilary Englert","Furman Paladins",42.018638943972
"Chelsea Bishop","Eastern Michigan Eagles",42.0178369036295
"Jenesis Hill","Norfolk State Spartans",42.014940668765
"Mackenzie Marenchin","Idaho State Bengals",41.9867783497633
"Xyllize Harrison","Southern Jaguars",41.9824738729637
"Jaidyn Koerdt","Coastal Carolina Chanticleers",41.9802121862248
"Valentyna Kadlecova","Indiana Hoosiers",41.9797295746323
"Alexis Parker","UTSA Roadrunners",41.9765587430299
"Hekla Nokkvadottir","App State Mountaineers",41.969368596698
"Addison Klosterbuer","South Dakota Coyotes",41.9631620247875
"Mary Ferrito","UNC Wilmington Seahawks",41.9625559363098
"Taylor Norris","Chicago State Cougars",41.9595427738727
"Dara Capaldi","Eastern Michigan Eagles",41.9541288801211
"Josee Steadman","Boise State Broncos",41.9478533903949
"Kaia Ponder","Kansas City Roos",41.930207382444
"Genevive Wedemeyer","UAB Blazers",41.929319185479
"Kristen Kelley","Merrimack Warriors",41.9240469042396
"Sydney Barker","North Carolina Tar Heels",41.915162478933
"Mary McGrath","Lindenwood Lions",41.904911131032
"Maya Anderson","Detroit Mercy Titans",41.9045601402982
"Adiana Pacheco","Marshall Thundering Herd",41.9019941210515
"Kylie Favours","Lafayette Leopards",41.8976212373904
"Laila Lewis","North Carolina Central Eagles",41.8966373497359
"Anya McKenzie","Tarleton State Texans",41.8853492764797
"Kaylen Reed","Western Illinois Leathernecks",41.8694504568833
"Sara Deidda","Wofford Terriers",41.8537983992614
"Maddy Saracco","Tennessee Tech Golden Eagles",41.8463644134535
"Samia Greene","Northeastern Huskies",41.8435272986261
"Dejah Jenkins","Merrimack Warriors",41.8413287415624
"Faith Pappas","Sacred Heart Pioneers",41.8409642412072
"Claudia Jimenez","Manhattan Jaspers",41.8314511819505
"Denver Anderson","Southern Utah Thunderbirds",41.8180930328639
"Cristina Garcia","Loyola Maryland Greyhounds",41.8050549158733
"Tia Shelling","Western Kentucky Lady Toppers",41.8018870382952
"Sheyene Neale","Bradley Braves",41.8013429012348
"Teagan Colvin","UNLV Lady Rebels",41.771325788346
"Dallas Pierce","Massachusetts Minutewomen",41.7483751055381
"Ariana Williams","Penn State Lady Lions",41.741708529083
"Payton Dunbar","Virginia Cavaliers",41.7395169121157
"Tristan Spearman","Southeast Missouri State Redhawks",41.739374346236
"Aarionna Redman","Marshall Thundering Herd",41.7156636533836
"Hailey Smith","Ball State Cardinals",41.7045686001063
"Jaelyn Brown","Longwood Lancers",41.6959306967785
"Caitlin Washington","Bradley Braves",41.6704222594134
"Ramani Parker","Seton Hall Pirates",41.6646972647256
"Kianni Westbrook","Tulane Green Wave",41.6419502515588
"Paris Miller","Nicholls Colonels",41.6367030604085
"Avary Cain","UCLA Bruins",41.6275149478519
"Adebukola Akomolafe","VCU Rams",41.6269855415321
"Grace Lomen","Milwaukee Panthers",41.6231576734711
"Grace Billington","Murray State Racers",41.5971445318026
"Faith Okorie","George Mason Patriots",41.5886946975647
"Kimora Smith","South Carolina State Lady Bulldogs",41.5846005673496
"Lucija Banovic","Dartmouth Big Green",41.5821719199679
"Siena Guttadauro","UTSA Roadrunners",41.5755705967014
"Nyla Allen","Alabama A&M Bulldogs",41.5700140813228
"Marie Kenembeni","Old Dominion Monarchs",41.5689473622986
"Genna Wienecke","Cal State Fullerton Titans",41.5633844069132
"Riley Black","West Georgia Wolves",41.5565948973203
"Laila Acox","Radford Highlanders",41.5562965199265
"Hanna Miller","Arizona State Sun Devils",41.5470190439705
"Mia Galbraith","Texas State Bobcats",41.5433414523413
"Vivien Nejasmic","Xavier Musketeers",41.5427522098314
"Raneem ElBarky","Wagner Seahawks",41.5423198552874
"Avery Watkins","Fresno State Bulldogs",41.537845329918
"Fatou Sane","Duquesne Dukes",41.5330364122228
"Shelomi Sanders","Alabama A&M Bulldogs",41.5328497537966
"Jada Brown","Vanderbilt Commodores",41.5316619826204
"Chanteese Craig","Detroit Mercy Titans",41.5215930316195
"Stella Gougoufkas","Holy Cross Crusaders",41.5186570217164
"Khalis Whiting","Stony Brook Seawolves",41.5160199144257
"Kimora Lopez","Morgan State Lady Bears",41.5068262015781
"Mary Hollensteiner","Harvard Crimson",41.4888469533937
"Tayla Thomas","Northwestern Wildcats",41.4877958495466
"Laney Amundsen","Fresno State Bulldogs",41.4853431853465
"Emma Lucio","UTSA Roadrunners",41.4604304764657
"Knisha Godfrey","TCU Horned Frogs",41.4592281763747
"Shaelyn Steele","Penn State Lady Lions",41.4591826235063
"Irene Noya Catoira","Illinois Fighting Illini",41.4580613410006
"Emily Montes","Columbia Lions",41.4566027361701
"Maya Robinson","Charleston Southern Buccaneers",41.4448269694549
"Reniya Jones","Radford Highlanders",41.437084779788
"Caydence Hadley","Towson Tigers",41.4356497340516
"Bradyn Griffin","North Carolina Central Eagles",41.4075912980819
"Allie McGinn","Fairleigh Dickinson Knights",41.3969557688022
"Taylor Scohy","UT Martin Skyhawks",41.3619607513344
"Elli Guiney","UNLV Lady Rebels",41.3598239239497
"Courtney Davis","Charleston Southern Buccaneers",41.3575462893326
"Alie Bisballe","Wisconsin Badgers",41.3517448346211
"Piper Engelby","NJIT Highlanders",41.3505684472827
"Tiffany Barbosa","Portland Pilots",41.3504326786491
"Adriana Arroyo","Eastern Illinois Panthers",41.3483412504269
"Paris Santacaterina","San Diego Toreros",41.3401898173835
"Daniela Abies","Miami Hurricanes",41.3337296614455
"Makeili Ika","Utah Tech Trailblazers",41.3178328844707
"Ayanna Jackson","UNC Greensboro Spartans",41.3152521154862
"Piper Risdon","Vermont Catamounts",41.2949600978886
"Diora Ressaissi","La Salle Explorers",41.2791514318918
"Amy Thompson","South Florida Bulls",41.2716810369156
"ZaNiya Nelson","Eastern Michigan Eagles",41.2620233695047
"Aryelle Stevens","Marquette Golden Eagles",41.241383506099
"Grace Munt","Holy Cross Crusaders",41.234101038882
"Zayla Tinner","Grambling Lady Tigers",41.2292717787868
"Emma West","William & Mary Tribe",41.2131997581713
"Lex Therien","Loyola Maryland Greyhounds",41.1972150713271
"Lexi Sepulveda","Southern Indiana Screaming Eagles",41.1950570759871
"Danijela Kujovic","Hawai'i Rainbow Wahine",41.183859695221
"Morgan Moseley","East Carolina Pirates",41.1759203351266
"Sarah Cernugel","Notre Dame Fighting Irish",41.1529740379773
"Dacia Lewandowski","Youngstown State Penguins",41.1399210567453
"Emma Dasovich","New Mexico State Aggies",41.1272234632632
"Leah Brooks","Alabama Crimson Tide",41.1260472202935
"Alayna Kraus","Oral Roberts Golden Eagles",41.1184811318125
"Hanna Knoll","Mercer Bears",41.1183334686976
"Jermesha Frierson","Northwestern State Lady Demons",41.1166810631863
"Jaida Brooks","UC Irvine Anteaters",41.0649042216951
"Amanda Ajobiewe","Georgetown Hoyas",41.0643243175815
"Olivia Medford","High Point Panthers",41.0581400232664
"Nika Kurdija","Vermont Catamounts",41.0368223780415
"Ariana Perry","South Carolina State Lady Bulldogs",41.0138879251105
"Carla Subirats","UMass Lowell River Hawks",40.9957510368574
"Janeya Grant","St. John's Red Storm",40.990060571166
"Priscila Varela","Idaho State Bengals",40.9849752689562
"Quinn Eubank","Belmont Bruins",40.9831887570889
"Jennesse Byrd","South Carolina State Lady Bulldogs",40.9738943083579
"Zya Nugent","West Virginia Mountaineers",40.9730758173725
"Denika Lightbourne","Dayton Flyers",40.9449141045112
"Eva Bradshaw","Stetson Hatters",40.9425155983911
"Katy Wade","Bradley Braves",40.9238860908605
"Daria Shelby","Omaha Mavericks",40.9226380932513
"Marta Morales Romero","VCU Rams",40.9156647702194
"Laura Molnarova","James Madison Dukes",40.9087993836825
"Emma Arca","Stonehill Skyhawks",40.8867722341424
"Kat Righeimer","Northwestern Wildcats",40.8852557699798
"Ellie Foster","Northern Iowa Panthers",40.8775724879551
"Naia Tanuvasa","BYU Cougars",40.8677827687021
"Kasey Bretones","Massachusetts Minutewomen",40.863872488137
"Kennedy Brandt","Rutgers Scarlet Knights",40.8626161664976
"Olivia Delancy","Florida A&M Rattlers",40.8549029603671
"Keona McGee","Chicago State Cougars",40.8536521588913
"Kassandra Martinez","University of The Southwest Mustangs",40.853510900067
"Paula Reus Piza","Loyola Marymount Lions",40.8278311331021
"Cameron Dill","Lamar Cardinals",40.8231272293155
"Jordyn Poole","Purdue Boilermakers",40.8103982067511
"Bre'Aria Cannon","Eastern Kentucky Colonels",40.8044399112778
"Audrey Chen","Cornell Big Red",40.8006103991323
"Shakirah Edwards","Mississippi State Bulldogs",40.7804436294627
"Malaya LeSueur","Fresno State Bulldogs",40.7670582974696
"TT Hill-Brown","UC Riverside Highlanders",40.760336676741
"Colbi Maples","Cleveland State Vikings",40.7522918839966
"Ashley Iiams","Drake Bulldogs",40.7093228035831
"Aaliyah Holmes","Morehead State Eagles",40.699306447412
"Kiana Wilson","Southern Jaguars",40.6868003419765
"Meena Tate","Dartmouth Big Green",40.66825929512
"Nia Young","Charlotte 49ers",40.6559777446193
"Aja Austin","Ohio Bobcats",40.6289151545907
"Anaisha Carriere","Mississippi State Bulldogs",40.6271638690983
"Briyanna Sapp","Davis & Elkins Senators",40.6268402945865
"Aina Roque Sucarrats","New Hampshire Wildcats",40.614831946194
"Christabel Osarobo","Gonzaga Bulldogs",40.6101392240087
"Maya Bokunewicz","Rice Owls",40.6041124965623
"Satori Griffin","Central Michigan Chippewas",40.599032967142
"Mia Hammonds","UTSA Roadrunners",40.5983943017522
"Solangelei Akridge","Alabama State Lady Hornets",40.5874751405877
"Jayda Pinder","Furman Paladins",40.5844725864524
"Amiya Jenkins","Pittsburgh Panthers",40.5785460522272
"Aurore Eyango","St. Bonaventure Bonnies",40.5491358546958
"Madison French","Northern Kentucky Norse",40.5434126066611
"Amaya Evans","Iona Gaels",40.5228811042099
"Kendra Hicks","Nevada Wolf Pack",40.5089091643051
"Alonna Poole","James Madison Dukes",40.5004646411394
"Hailey Long","California Baptist Lancers",40.498497483958
"Ndate Ndiaye","Florida International Panthers",40.4933162712804
"Olivia Anderson","Washington Huskies",40.4843852870604
"Sophia Rampulla","Milwaukee Panthers",40.4814484316186
"Gwendlyn McGrew","North Texas Mean Green",40.4735427002832
"Kaliyah Dillard","San José State Spartans",40.4679780336123
"Jade Blagrove","St. John's Red Storm",40.4592794925681
"Gabbie Grooms","Georgia Tech Yellow Jackets",40.4462504636425
"Nicole Melious","Seton Hall Pirates",40.4335742247751
"Daria Shishkina","Merrimack Warriors",40.4313376701001
"Reagan Barkema","Northern Illinois Huskies",40.4299151084757
"Emmie Streams","Maine Black Bears",40.4239931169177
"Simone Morris","Robert Morris Colonials",40.3963415914538
"Jemma Amoore","Sacramento State Hornets",40.3865882597028
"Lanae Riley","Akron Zips",40.3768353581088
"Maria Andorinho","Saint Peter's Peacocks",40.3698564275888
"Cassandra Hawthorne","Bethune-Cookman Wildcats",40.3501994922304
"Taylor Meyners","UT Rio Grande Valley Vaqueros",40.3428426815875
"Marissa Hargrave","Air Force Falcons",40.3256818173915
"Makayla Minshall","UC Riverside Highlanders",40.318670893749
"Karoline Lundin","Wyoming Cowgirls",40.3160400965407
"Kaya Weiskopf","Central Connecticut Blue Devils",40.3159976034319
"Rakisha Ballinger","Jackson State Lady Tigers",40.2837832278319
"Drew Alexander","Temple Owls",40.2827166345533
"Sydney Roundtree","Air Force Falcons",40.2768272179873
"Jill Jekot","Penn State Lady Lions",40.2757526963092
"Rian Forestier","USC Trojans",40.273169087633
"Kellie McConnell","Duquesne Dukes",40.2664483204193
"Erin Stack","Western Carolina Catamounts",40.265242377905
"Payton Muma","Wyoming Cowgirls",40.255008267606
"Aspen Caldwell","Utah Valley Wolverines",40.2499467207986
"Emma Larios","High Point Panthers",40.2369892677093
"Esther Rodellar","Sam Houston Bearkats",40.2346101347868
"Brooke Jarvis","Marist Red Foxes",40.2310320098774
"Anna Eddy","Portland Pilots",40.2308535124878
"Mackenzie Curtis","Idaho Vandals",40.2307410729649
"Gabby Harris","Santa Clara Broncos",40.2273309939596
"Indya Davis","Georgia Lady Bulldogs",40.2050251194319
"Kennedy Klick","Minnesota Golden Gophers",40.2024793143068
"Mecca Alexander","San José State Spartans",40.1965710302768
"Maryn Archer","Arkansas Razorbacks",40.1945785489455
"Shanaii Gamble","Long Island University Sharks",40.191864715608
"Arial Ford","New Orleans Privateers",40.186000563491
"Perina Lieme","Little Rock Trojans",40.1831153890993
"Filipa Barros","California Baptist Lancers",40.1717005290694
"Adrianna Gonzalez","Iona Gaels",40.1671411848754
"Skyler Volmer","North Dakota Fighting Hawks",40.1654896383969
"Miya Giles-Jones","Fordham Rams",40.1626923363827
"Laney Bone","UNC Asheville Bulldogs",40.1485422210797
"Olivia Smith","Ball State Cardinals",40.134031766516
"Grace John","Sacred Heart Pioneers",40.1134999467325
"Hailee Brennen","Charleston Southern Buccaneers",40.0891451529943
"Leah Mackenzie","North Dakota State Bison",40.0711149430422
"Nya Bostic","Florida A&M Rattlers",40.0650435952575
"Tasha Lima","UMass Lowell River Hawks",40.0608917637852
"Alex Moses","Canisius Golden Griffins",40.0451557542992
"Deja Lumsden","Incarnate Word Cardinals",40.0414089751649
"Jaidyn Elam","Oakland Golden Grizzlies",40.0181751431549
"Kristiana Kulackovska","Bowling Green Falcons",40.0140775303808
"Modesti McConnell","Georgetown Hoyas",40.0095667022934
"Corniya Clay","Canisius Golden Griffins",40.0033558266319
"Marina Hernandez","San Francisco Dons",39.9844656193402
"McKenna Rife","Marist Red Foxes",39.9816223960475
"Carlota Gomez","Abilene Christian Wildcats",39.9699492377719
"Maddie Pounds","Hofstra Pride",39.9537632490177
"Cia Eklof","Rhode Island Rams",39.9523399798181
"Chariot Johnson","Bethune-Cookman Wildcats",39.9464466781609
"Alexis Black","VCU Rams",39.9377640557739
"Mar Vidal","Omaha Mavericks",39.9240451095307
"Favor Ayodele","Tennessee Lady Volunteers",39.9097048078776
"Sydnee Eggleton","Seton Hall Pirates",39.8787498947905
"RyAnne Walters","Louisiana Ragin' Cajuns",39.8655151338704
"Macy Wike","South Carolina Upstate Spartans",39.8557075323804
"Madelyn Geers","Purdue Fort Wayne Mastodons",39.8276059642043
"Nevaeh Wingate","St. John's Red Storm",39.8254492359234
"Zenia Palaska","Mercer Bears",39.8248700829817
"Laia Oliva","Northwestern State Lady Demons",39.8092459469978
"Kimora Jenkins","East Carolina Pirates",39.7986989781414
"Ella Hopkins","Gonzaga Bulldogs",39.7906632421694
"Gemma Walker","St. Francis (PA) Red Flash",39.7837454877776
"Aina Subirats","Florida A&M Rattlers",39.781533409171
"Ayen Angoi","Hofstra Pride",39.7745158709696
"Maca Retamales","Florida Gulf Coast Eagles",39.7638330625885
"Luisa Anderegg","Pacific Tigers",39.7600731663309
"Destinee Wells","Tennessee Lady Volunteers",39.7495350087583
"Gabriela Bendeck-Giron","Kennesaw State Owls",39.716801391491
"Alyssa Lewis","Queens University Royals",39.7002723314393
"Mariam Traore","Arkansas-Pine Bluff Golden Lions",39.6803060131681
"Kaylynn Janes","Northern Iowa Panthers",39.6513303992751
"Adriana Blazquez","Murray State Racers",39.6384387016473
"Lea-line Romain","Eastern Washington Eagles",39.6382909949031
"Louann Battiston","Duke Blue Devils",39.6359988005458
"Makaela Quimby","Wake Forest Demon Deacons",39.629305920713
"Adout Ring","Presbyterian Blue Hose",39.6195458788791
"McKayla Miller","Tulsa Golden Hurricane",39.6094733146455
"Gracie Grzesk","Wisconsin Badgers",39.5906803786503
"Reagan Bender","Louisville Cardinals",39.587049670589
"Bella Hasan","Southern Utah Thunderbirds",39.5870407637325
"Ava Smith","Utah State Aggies",39.5799055128937
"Idan Shlush","Maine Black Bears",39.5748908767495
"Nahndi Smith","North Carolina A&T Aggies",39.5701755071639
"Asjha Leake","UL Monroe Warhawks",39.5630999414998
"Justina Hernandez","Milwaukee Panthers",39.5608121992445
"Caiside Snapp","Mississippi Valley State Devilettes",39.5596606084221
"Kendall Braden","Toledo Rockets",39.5524478494745
"Sophie Singleton","UT Martin Skyhawks",39.5412175285031
"Olivia Ziolkowski","Marshall Thundering Herd",39.523800712122
"Lucija Milkovic","Missouri Tigers",39.5032361434892
"Ioanna Stefanaki","Mercer Bears",39.4705133755917
"Jennah Johnson","UMass Lowell River Hawks",39.455966065634
"Noah Garcia","New Mexico State Aggies",39.4463672281377
"Lexi Kerstein","Vermont Catamounts",39.4442655627891
"Kailyn Peters","Nicholls Colonels",39.4261675345043
"Nicole Benini","Seattle U Redhawks",39.4083434696614
"Sophia Kelly","Mercyhurst Lakers",39.3916289807622
"Aislinn Gibson","William & Mary Tribe",39.3750620660936
"Kaylee Van Eps","Lehigh Mountain Hawks",39.36525817269
"Cristina Gil Abad","Stetson Hatters",39.3515572362499
"Kadidia Toure","Arizona State Sun Devils",39.3252036409416
"Oralye Kiefer","Northeastern Huskies",39.3042149916429
"Adaora Nwokeji","Princeton Tigers",39.2875521168475
"Lucia Navarro","Oregon State Beavers",39.2848983683507
"Londyn Oliphant","Missouri Tigers",39.1823960824408
"Elizabeth Gentry","Creighton Bluejays",39.1692896181137
"Tara Green","South Alabama Jaguars",39.1239453557179
"Capria Brown","Eastern Kentucky Colonels",39.1022092808701
"Arshiya Ranjitkar","UC Santa Barbara Gauchos",39.0974043142819
"Ava Sawi","Radford Highlanders",39.0758084810192
"Morgan Blackford","Navy Midshipmen",39.0753160172072
"Cydney Curtis","Delaware State Hornets",39.0696883459242
"Kamryn Grant","Dayton Flyers",39.0636695036242
"Kimora Daly","Morgan State Lady Bears",39.0484597309778
"Adalyn Koelling","Murray State Racers",39.0424245107627
"Emily Eadie","Princeton Tigers",39.033303659685
"Mariam Coulibaly","Bradley Braves",39.0244538700301
"Eliana Sheplee","Northern Iowa Panthers",39.0127109930113
"Stephanie Mosley","Norfolk State Spartans",38.9951753457298
"Stavi Papadaki","Stanford Cardinal",38.9880988263921
"Tiani Abrams","Hampton Lady Pirates",38.9862039376325
"Sydney Piekny","North Dakota Fighting Hawks",38.968752081376
"Kyraha Parnell","George Washington Revolutionaries",38.9455283941514
"Jenna Hampton","Morehead State Eagles",38.9150738319893
"Gabrielle Sweeney","Bryant Bulldogs",38.8725183681237
"Aminata Hernandez","Loyola Maryland Greyhounds",38.8477655630803
"Zoey Washington","St. Thomas-Minnesota Tommies",38.8336504038249
"Sandrine Clesca","Monmouth Hawks",38.8052400365633
"Bird Martin","Texas Tech Lady Raiders",38.7887703450148
"Amari Smith","Norfolk State Spartans",38.7798103195025
"Sahana Kanagasabay","UC Davis Aggies",38.7622900299206
"Skye Miller","Northwestern State Lady Demons",38.7285223826153
"Erin Tack","Arizona Wildcats",38.7127715627921
"Kierra Middleton","Tulane Green Wave",38.7065112789213
"Azailah Funches","Oral Roberts Golden Eagles",38.6902197831132
"Ariana Peagler","Southern Illinois Salukis",38.6864193377841
"Kaitlyn Elsholz","Grand Canyon Lopes",38.6353650685664
"Kionna Gaines","Kennesaw State Owls",38.601306332079
"Mary Bolesky","American University Eagles",38.5512907353729
"Emma Soldis","Liberty Flames",38.5352916037807
"LeAire Nicks","George Mason Patriots",38.5273545943395
"Alexis Stewart","Monmouth Hawks",38.5196541609537
"Linsey Lovrovich","Boise State Broncos",38.4925176434777
"Sofia Decierdo","St. Francis (IL) Fighting Saints",38.466045405443
"Monique Judge","Florida A&M Rattlers",38.4237629658003
"Samira Khalil","Elon Phoenix",38.3855302226979
"Macy Hanzlick","Denver Pioneers",38.3530093422538
"Brooke Hollawell","Dartmouth Big Green",38.3498035707793
"Aaliyah Davis","UTEP Miners",38.347497661744
"Ashlee Shaw","Elon Phoenix",38.3006538698622
"Lexi Bugajski","Wright State Raiders",38.2951827595927
"Irene Garcia","La Salle Explorers",38.2751352161659
"Mauryah Jones","UT Martin Skyhawks",38.2590744708537
"Haley Wright","Long Beach State Beach",38.1440956008219
"Angelina Banas","NJIT Highlanders",38.121152893274
"Sasha Murphy","Saint Mary's Gaels",38.0230171183144
"Alyssa Green","Bethune-Cookman Wildcats",37.9671660305381
"Alyssa Costigan","Manhattan Jaspers",37.9110698367118
"Fatumata Djalo","Ole Miss Rebels",37.9104135843099
"Emani Wofford","Alabama State Lady Hornets",37.9050266420264
"Amelia Raidaveta","Nevada Wolf Pack",37.9026241428065
"Brenna Perez","Incarnate Word Cardinals",37.8903233021414
"Louise Dykstra","Northern Colorado Bears",37.8491492356228
"Desirae Ashton","Bucknell Bison",37.7934027274959
"Natalie Jasper","Boston University Terriers",37.7746037718046
"Tamera Maple","Delaware State Hornets",37.7696460203679
"Milaan Moore","Alcorn State Lady Braves",37.7682915851612
"Kirstine Munk","Portland State Vikings",37.6739632260146
"Lilly Amor","San Diego Toreros",37.1437795899016
"Candela Sabater Sanchez","Maryland Eastern Shore Hawks",37.1260458133343
"Vanessa Wright","Viterbo V-Hawks",37.1090094114999
"Erica Carr","San Diego Toreros",36.9858308879351
"Jayda Bowen","Alcorn State Lady Braves",36.9333246653545
"Marta Jaama","Columbia Lions",36.9035805146118
"Claire Fraser","Northern Colorado Bears",36.8308349228513
"Miriam Vilafranca","Texas A&M-Corpus Christi Islanders",36.5938001289804
"Asha Parker","Northeastern Huskies",36.1516357859593
"Kiara Smith","Lindenwood Lions",35.8928519134214
"Jenessa Cotton","Duke Blue Devils",35.5448545794562
