Name,School,Rating
Paige Bueckers,UConn Huskies,99
Serena Sundell,Kansas State Wildcats,98
Georgia Amoore,Kentucky Wildcats,98
Olivia Miles,Notre Dame Fighting Irish,97
Kymora Johnson,Virginia Cavaliers,97
Payton Verhulst,Oklahoma Sooners,97
Katie Dinnebier,Drake Bulldogs,96
Sarah Strong,UConn Huskies,96
Emily Ryan,Iowa State Cyclones,96
Kiki Rice,UCLA Bruins,96
Tonie Morgan,Georgia Tech Yellow Jackets,96
Hailey Van Lith,TCU Horned Frogs,95
O'Mariah Gordon,Florida State Seminoles,95
Ta'Niya Latson,Florida State Seminoles,95
Addy Brown,Iowa State Cyclones,94
Jada Walker,Baylor Bears,94
Megan McConnell,Duquesne Dukes,93
Saniya Rivers,NC State Wolfpack,93
Samara Spencer,Tennessee Lady Volunteers,93
Ally Becki,Ball State Cardinals,92
Harmoni Turner,Harvard Crimson,92
Lacy Stokes,Missouri State Lady Bears,92
Haven Ford,Murray State Racers,92
Sarah Andrews,Baylor Bears,92
Jaelyn Glenn,Kansas State Wildcats,92
Chloe Moore-McNeil,Indiana Hoosiers,92
Hannah Hidalgo,Notre Dame Fighting Irish,92
JuJu Watkins,USC Trojans,92
Zoe Brooks,NC State Wolfpack,92
Melannie Daley,Northwestern Wildcats,92
Paula Suarez,George Mason Patriots,91
Kitty Henderson,Columbia Lions,91
Jordan Harrison,West Virginia Mountaineers,91
Lucy Olsen,Iowa Hawkeyes,91
Rori Harmon,Texas Longhorns,91
Liv McGill,Florida Gators,91
Sonia Citron,Notre Dame Fighting Irish,91
Madison Scott,Ole Miss Rebels,91
Zaay Green,Alabama Crimson Tide,91
Josie Gilvin,Western Kentucky Lady Toppers,90
Katelyn Young,Murray State Racers,90
Cecelia Collins,Columbia Lions,90
Maya McDermott,Northern Iowa Panthers,90
Lauren Jensen,Creighton Bluejays,90
Haley Cavinder,Miami Hurricanes,90
Sedona Prince,TCU Horned Frogs,90
Makayla Timpson,Florida State Seminoles,90
Te-Hina Paopao,South Carolina Gamecocks,90
Grace Larkins,South Dakota Coyotes,89
Kelsie Siegner,Eastern Oregon Mountaineers,89
Emilia Long,Alaska Anchorage Seawolves,89
Makyra Tramble,Oral Roberts Golden Eagles,89
Alexis Mead,Western Kentucky Lady Toppers,89
Tori McKinney,Minnesota Golden Gophers,89
Amaya Battle,Minnesota Golden Gophers,89
Sarah Ashlee Barker,Alabama Crimson Tide,89
Serah Williams,Wisconsin Badgers,89
Grace Grocholski,Minnesota Golden Gophers,89
Dalayah Daniels,Washington Huskies,89
Jayden Marable,Coastal Carolina Chanticleers,88
Kiara Jackson,UNLV Lady Rebels,88
Noelani Cornfield,Buffalo Bulls,88
Jessica Bollwahn,Regis (CO) Rangers,88
Sara Guerreiro,Cleveland State Vikings,88
Isabel Grimes,Montevallo Falcons,88
Alexis Mark,Portland Pilots,88
Laura Ziegler,Saint Joseph's Hawks,88
Maggie Doogan,Richmond Spiders,88
Jasmine Bascoe,Villanova Wildcats,88
Gianna Kneepkens,Utah Utes,88
S'Mya Nichols,Kansas Jayhawks,88
Madison Booker,Texas Longhorns,88
Sayvia Sellers,Washington Huskies,88
Khamil Pierre,Vanderbilt Commodores,88
Mikaylah Williams,LSU Tigers,88
Mikayla Blakes,Vanderbilt Commodores,88
Sira Thienou,Ole Miss Rebels,88
Clara Strack,Kentucky Wildcats,88
Aneesah Morrow,LSU Tigers,88
Yarden Garzon,Indiana Hoosiers,88
Britt Prince,Nebraska Cornhuskers,88
Emilee Hope,Oakland City Mighty Oaks,87
En'Dya Buford,Old Dominion Monarchs,87
Addie Budnik,Richmond Spiders,87
Anaya James,Pacific Tigers,87
Tara Wallack,Washington State Cougars,87
Naudia Evans,Loyola Marymount Lions,87
Jorie Allen,DePaul Blue Demons,87
Ber'Nyah Mayo,St. John's Red Storm,87
Delaney Gibb,BYU Cougars,87
Aziaha James,NC State Wolfpack,87
Elise Williams,Wake Forest Demon Deacons,87
Adalia McKenzie,Illinois Fighting Illini,87
Liatu King,Notre Dame Fighting Irish,87
Ronnie Porter,Wisconsin Badgers,87
Trinity San Antonio,Grand Canyon Lopes,86
Paige Meyer,South Dakota State Jackrabbits,86
Kirsten Lewis-Williams,Buffalo Bulls,86
Emma Ronsiek,Colorado State Rams,86
Derrica McCall,Shorter Hawks,86
Malene Pedersen,Wyoming Cowgirls,86
Hannah Spainhour,Emory & Henry Wasps,86
Anhelica Shanrock,Dickinson State (ND) Blue Hawks,86
Yvonne Ejim,Gonzaga Bulldogs,86
Emme Shearer,Portland Pilots,86
Tuti Jones,Belmont Bruins,86
Leah Earnest,Valparaiso Beacons,86
Molly Mogensen,Creighton Bluejays,86
Madison Conner,TCU Horned Frogs,86
Jerkaila Jordan,Mississippi State Bulldogs,86
Flau'jae Johnson,LSU Tigers,86
Hannah Stines,Washington Huskies,86
Stailee Heard,Oklahoma State Cowgirls,86
Talaysia Cooper,Tennessee Lady Volunteers,86
Jaloni Cambridge,Ohio State Buckeyes,86
Kendall Bostic,Illinois Fighting Illini,86
Chloe Clardy,Stanford Cardinal,86
Asia Avinger,Georgia Lady Bulldogs,86
Zyanna Walker,Kansas State Wildcats,86
Karly Weathers,Alabama Crimson Tide,86
Amelia Hassett,Kentucky Wildcats,86
DeYona Gaston,Auburn Tigers,86
Lexi Donarski,North Carolina Tar Heels,86
Elena Bosgana,Stanford Cardinal,86
Teonni Key,Kentucky Wildcats,86
Julia Ayrault,Michigan State Spartans,86
Avery Brittingham,UT Arlington Mavericks,85
Lachelle Austin,Ball State Cardinals,85
Amy Velasco,Bowling Green Falcons,85
Paige Kohler,Bowling Green Falcons,85
Peyton McDaniel,James Madison Dukes,85
Alice Recanati,Eastern Kentucky Colonels,85
Bella Vinson,Lipscomb Bisons,85
Lili Wilken,Alabama-Huntsville Chargers,85
Kylie Horstmeyer,San Diego Toreros,85
Emani Jefferson,Florida Gulf Coast Eagles,85
Zahirah Walton,George Mason Patriots,85
Ashtyn Barrett,Alice Lloyd College Eagles,85
Liz Smith,Pacific Tigers,85
Grace Arnolie,Brown Bears,85
Anna Miller,Drake Bulldogs,85
Kelsey Ransom,Georgetown Hoyas,85
Halle Vice,Marquette Golden Eagles,85
JJ Quinerly,West Virginia Mountaineers,85
Khadija Faye,Pittsburgh Panthers,85
Skylar Forbes,Marquette Golden Eagles,85
Izzy Higginbottom,Arkansas Razorbacks,85
Deja Kelly,Oregon Ducks,85
Genesis Bryant,Illinois Fighting Illini,85
Amari Whiting,BYU Cougars,85
Carys Baker,Virginia Tech Hokies,85
Latasha Lattimore,Virginia Cavaliers,85
Shyanne Sellers,Maryland Terrapins,85
Kiki Iriafen,USC Trojans,85
Mila Holloway,Michigan Wolverines,85
Olivia Olson,Michigan Wolverines,85
Darianna Littlepage-Buggs,Baylor Bears,85
Kennedy Todd-Williams,Ole Miss Rebels,85
Kayla Williams,California Golden Bears,85
Gabriela Jaquez,UCLA Bruins,85
Taylor Barbot,Charleston Cougars,84
Ashlyn Traylor-Walker,Stephen F. Austin Ladyjacks,84
Anaiyah Tu'ua,California Baptist Lancers,84
Jade Hill,St. Thomas-Minnesota Tommies,84
Amarachi Kimpson,UNLV Lady Rebels,84
Avery Koenen,North Dakota State Bison,84
Jenna Batsch,Kent State Golden Flashes,84
Amellia Bromenschenkel,Purdue Fort Wayne Mastodons,84
Lauren Sansano,Texas Lutheran Bulldogs,84
Sophie Glancey,Northern Arizona Lumberjacks,84
Meghan Mayotte,Ohio Dominican Panthers,84
Esmeralda Morales,Montana State Bobcats,84
Briana Marquez,Northern New Mexico Eagles,84
Emily Mellema,Wyoming Cowgirls,84
Alasia Smith,Memphis Tigers,84
Nevaeh Thomas,Illinois State Redbirds,84
Ta'Mia Scott,Middle Tennessee Blue Raiders,84
Ava Learn,Murray State Racers,84
Ryley Goebel,Northern Iowa Panthers,84
Maya Hernandez,Loyola Marymount Lions,84
Megan Olbrys,Massachusetts Minutewomen,84
Katie Collins,Pennsylvania Quakers,84
Yaya Felder,Baylor Bears,84
Taylor Thierry,Ohio State Buckeyes,84
Faith Masonius,Seton Hall Pirates,84
Ioanna Krimili,California Golden Bears,84
Georgia Woolley,Syracuse Orange,84
Loyal McQueen,Clemson Tigers,84
Essence Cody,Alabama Crimson Tide,84
Skylar Vann,Oklahoma Sooners,84
Kara Dunn,Georgia Tech Yellow Jackets,84
Elle Ladine,Washington Huskies,84
Temira Poindexter,Kansas State Wildcats,84
Laniah Randle,Missouri Tigers,84
Chance Gray,Ohio State Buckeyes,84
Zanai Jones,SMU Mustangs,84
Destiny Adams,Rutgers Scarlet Knights,84
Peyton Carter,Tennessee Tech Golden Eagles,83
Kaitlyn Flanagan,Holy Cross Crusaders,83
Sabria Dean,Lamar Cardinals,83
Kate Novik,Morehead State Eagles,83
Bella Earle,Abilene Christian Wildcats,83
Mya Blake,Northwestern State Lady Demons,83
Koi Love,UT Arlington Mavericks,83
Tiarra Brown,Grand Canyon Lopes,83
Chellia Watson,Buffalo Bulls,83
Taylor Feldman,Northern Arizona Lumberjacks,83
Sydney Freeman,Purdue Fort Wayne Mastodons,83
Kayla Presley,Texas Lutheran Bulldogs,83
Emma Smith,Denver Pioneers,83
Allyson Fertig,Wyoming Cowgirls,83
Benthe Versteeg,Sacramento State Hornets,83
Molly Heard,Lipscomb Bisons,83
Nina De Leon Negron,UTSA Roadrunners,83
Hannah Ronsiek,Colorado State Rams,83
Amber Tretter,Miami (OH) RedHawks,83
Chelby Koker,Northern Illinois Huskies,83
Hope Hassmann,Idaho Vandals,83
Kennedy Johnson,Saint Mary's Gaels,83
Mihjae Hayes,Virginia St Trojans,83
Charity Gallegos,North Alabama Lions,83
Shawntenna Tillman,Coker Cobras,83
Emilee Weakley,Frostburg State Bobcats,83
Ruby Santos,Saint Michael's Purple Knights,83
Abrie Cabana,Grand Valley State Lakers,83
Angelina Dimarsico,Dominican (NY) Chargers,83
Jayda McNabb,Air Force Falcons,83
Halli Poock,Murray State Racers,83
Mataya Gayle,Pennsylvania Quakers,83
Fadima Tall,Princeton Tigers,83
Ashley Chea,Princeton Tigers,83
Jalynn Gregory,Middle Tennessee Blue Raiders,83
Kennedy Calhoun,Saint Louis Billikens,83
Maisie Burnham,Portland Pilots,83
Kendal Cheesman,Belmont Bruins,83
Lee Volker,Marquette Golden Eagles,83
Lashae Dwyer,St. John's Red Storm,83
Sydney Shaw,West Virginia Mountaineers,83
Jillian Hayes,Cincinnati Bearcats,83
Alyssa Ustby,North Carolina Tar Heels,83
Anna Gret Asi,Oklahoma State Cowgirls,83
Kilyn McGuff,Butler Bulldogs,83
Morgan Maly,Creighton Bluejays,83
Theryn Hallock,Michigan State Spartans,83
Kaylene Smikle,Maryland Terrapins,83
Shay Ciezki,Indiana Hoosiers,83
Dazia Lawrence,Kentucky Wildcats,83
Sydney Affolter,Iowa Hawkeyes,83
Teya Sidberry,Boston College Eagles,83
Jayda Curry,Louisville Cardinals,83
Alexis Markowski,Nebraska Cornhuskers,83
Rayah Marshall,USC Trojans,83
Sydney Parrish,Indiana Hoosiers,83
Madison Hayes,NC State Wolfpack,83
Jaddan Simmons,Michigan State Spartans,83
Ny'Ceara Pryor,Sacred Heart Pioneers,82
Ali Saunders,Southern Indiana Screaming Eagles,82
Tate Walters,Furman Paladins,82
Jordyn Dorsey,North Carolina A&T Aggies,82
Crystal Henderson,Georgia State Panthers,82
Stefanie Ingram,Florida Atlantic Owls,82
Mia Jacobs,Fresno State Bulldogs,82
Catherine Or,Carnegie Mellon Tartans,82
La'Nya Foster,Austin Peay Governors,82
Sarah Lamet,Saint Martin's Saints,82
Avery Collins,Concordia-Ann Arbor Cardinals,82
Grace Cave,Omaha Mavericks,82
Lexi Fleming,Bowling Green Falcons,82
Leia Beattie,Northern Arizona Lumberjacks,82
Amyah Moore Allen,Colorado-Colorado Springs Mountain Lions,82
Jordyn Jenkins,UTSA Roadrunners,82
Amiya Joyner,East Carolina Pirates,82
Kate Ellis,Findlay Oilers,82
Lexie Givens,Nevada Wolf Pack,82
Kaitlyn Costner,Eastern Kentucky Colonels,82
Skylar Treadwell,Bellarmine Knights,82
Aaliyah McQueen,Detroit Mercy Titans,82
Allie Turner,Gonzaga Bulldogs,82
Leah Mafua,Central Arkansas Sugar Bears,82
Kiera Pemberton,North Dakota Fighting Hawks,82
Olivia Pollerd,Santa Clara Broncos,82
Anastasiia Boldyreva,Middle Tennessee Blue Raiders,82
Raelyn Kelty,Concordia Nebraska Bulldogs,82
Samiyah Nasir,Shepherd Rams,82
Ainhoa Cea,Lipscomb Bisons,82
Sidney Love,UTSA Roadrunners,82
Desiree Wooten,North Texas Mean Green,82
Sydne Tolbert,West Georgia Wolves,82
Maia Jones,Saint Mary's Gaels,82
Emily Robinson,Oral Roberts Golden Eagles,82
Kennedy Harris,George Mason Patriots,82
Tatum Thompson,Boise State Broncos,82
Nevaeh Jackson,Valparaiso Beacons,82
Jailyn Banks,Belmont Bruins,82
Paris Bradley,Louisiana Tech Lady Techsters,82
Stefanie Kulesza,Massachusetts Minutewomen,82
Courtney Blakely,Middle Tennessee Blue Raiders,82
Riley Weiss,Columbia Lions,82
Kyrah Daniels,Missouri State Lady Bears,82
Kayla Cooper,Southern Illinois Salukis,82
Olivia Olsen,Providence Friars,82
Azzi Fudd,UConn Huskies,82
Jada Eads,Seton Hall Pirates,82
Oluchi Okananwa,Duke Blue Devils,82
Syla Swords,Michigan Wolverines,82
Tyi Skinner,Arizona State Sun Devils,82
Maye Toure,Utah Utes,82
Rashunda Jones,Purdue Boilermakers,82
Carleigh Wenzel,Virginia Tech Hokies,82
Matilda Ekh,Virginia Tech Hokies,82
Tajianna Roberts,Louisville Cardinals,82
Sophie Burrows,Syracuse Orange,82
Destini Lombard,Purdue Boilermakers,82
Audi Crooks,Iowa State Cyclones,82
Hannah Stuelke,Iowa Hawkeyes,82
Ashlon Jackson,Duke Blue Devils,82
Chloe Kitts,South Carolina Gamecocks,82
Gabby Elliott,Penn State Lady Lions,82
Sarah Te-Biasu,Maryland Terrapins,82
Kaety L'Amoreaux,Fairfield Stags,81
Anna Foley,Quinnipiac Bobcats,81
Zanai Barnett-Gay,Navy Midshipmen,81
Kayla Cooper,UAlbany Great Danes,81
Macy McGlone,Eastern Illinois Panthers,81
Caia Elisaldez,Chattanooga Mocs,81
Ashley Sofilkanich,Bucknell Bison,81
Trinity Moore,Stephen F. Austin Ladyjacks,81
Mia Nicastro,Western Illinois Leathernecks,81
A'Vyonna Kinsey,Miami (OH)-Hamilton Harriers,81
Enjulina Gonzalez,Miami (OH) RedHawks,81
Imani Rothschild,Dillard Blue Devils,81
Hannah Spitzley,Western Michigan Broncos,81
Sammi Mikonowicz,Toledo Rockets,81
Fiona Snashall,Regis Rangers,81
Jaaucklyn Moore,North Texas Mean Green,81
Cheyanne Bonilla,Sul Ross State Lobos,81
Jade Upshaw,Central Arkansas Sugar Bears,81
Jakayla Johnson,UL Monroe Warhawks,81
Mickayla Perdue,Cleveland State Vikings,81
Taleyah Jones,Oral Roberts Golden Eagles,81
Jasmine Kondrakiewicz,Green Bay Phoenix,81
Kacey Spink,Idaho State Bengals,81
Mya Babbitt,Kent State Golden Flashes,81
Zada Porter,App State Mountaineers,81
Brianne Foley,Johnson & Wales (RI) Griffins,81
Alyssa Brown,UNLV Lady Rebels,81
Lauren Ross,Purdue Fort Wayne Mastodons,81
Alyssa Hargrove,New Mexico Lobos,81
Kendra Parra,Weber State Wildcats,81
Veronica Sheffey,San Diego State Aztecs,81
Madison Smith,Air Force Falcons,81
Jordan Durant,Johnson & Wales (NC) Wildcats,81
Molly Kaiser,New Mexico State Aggies,81
Truitt Reilly,San Diego Toreros,81
Adia Dormu,Paine Lions,81
Rory Hetrick,Cal State San Marcos Cougars,81
Brooklyn Meyer,South Dakota State Jackrabbits,81
Jayla Murray,Wichita State Shockers,81
Bella Smuda,Liberty Flames,81
Kendall Sneed,Tulane Green Wave,81
Silkiari Vazquez-Troche,Tennessee Southern Firehawks,81
Mack Konig,Montana Lady Griz,81
Kayba Laube,Northern Iowa Panthers,81
Rachel Ullstrom,Richmond Spiders,81
Emma Koons,Ohio Christian Trailblazers,81
Delanie Crawford,Tulsa Golden Hurricane,81
Angeliki Ziaka,San Francisco Dons,81
Elyce Knudsen,Illinois State Redbirds,81
Elena Rodriguez,Harvard Crimson,81
Eleonora Villa,Washington State Cougars,81
Camryn Runner,Evansville Purple Aces,81
Fanta Kone,Sam Houston Bearkats,81
Mackenzie Egger,Yale Bulldogs,81
Courtney Becker,Drake Bulldogs,81
Astera Tuhina,Washington State Cougars,81
Emily La Chapell,Belmont Bruins,81
Soleil Barnes,Bradley Braves,81
Jaidynn Mason,Marquette Golden Eagles,81
Ariel Jenkins,Georgetown Hoyas,81
Alli Campbell,Penn State Lady Lions,81
Mar'shaun Bostic,Auburn Tigers,81
Dontavia Waggoner,Boston College Eagles,81
Jewel Spear,Tennessee Lady Volunteers,81
Micah Gray,Oklahoma State Cowgirls,81
Ashlynn Shade,UConn Huskies,81
Aaliyah Nye,Alabama Crimson Tide,81
Emma Calvert,BYU Cougars,81
Jeriah Warren,Florida Gators,81
Cotie McMahon,Ohio State Buckeyes,81
Bella Fontleroy,Baylor Bears,81
Chazadi Wright,Georgia Tech Yellow Jackets,81
Elle Evans,Kansas Jayhawks,81
Ines Vieira,Utah Utes,81
Joyce Edwards,South Carolina Gamecocks,81
MiLaysia Fulwiley,South Carolina Gamecocks,81
Paris Clark,Virginia Cavaliers,81
Diamond Johnson,Norfolk State Spartans,80
Nitzan Amar,Manhattan Jaspers,80
Meghan Andersen,Fairfield Stags,80
Gal Raviv,Quinnipiac Bobcats,80
Maddie Albrecht,Lehigh Mountain Hawks,80
Chloe Hodges,Drexel Dragons,80
Camryn Tade,Army Black Knights,80
Gemma Nunez,Campbell Fighting Camels,80
Abby Antognoli,Lafayette Leopards,80
Saniah Parker,Tennessee State Lady Tigers,80
Jada Burton,Western Carolina Catamounts,80
Bella Vito,Vermont Catamounts,80
Brooke Coffey,Lindenwood Lions,80
Vanessa Shafford,Southern Indiana Screaming Eagles,80
Ellie Brueggemann,Lindenwood Lions,80
Faith Blackstone,Stephen F. Austin Ladyjacks,80
Chardonnay Hartley,Utah Tech Trailblazers,80
Alexius Horne,SE Louisiana Lady Lions,80
Jalencia Pierre,SE Louisiana Lady Lions,80
Meredith Mayes,Abilene Christian Wildcats,80
Emily Isaacson,Utah Tech Trailblazers,80
Tahlia White,Utah Valley Wolverines,80
Marina Asensio,Western Michigan Broncos,80
Marie Kiefer,Ball State Cardinals,80
Rachel Leggett,South Alabama Jaguars,80
Savannah Brooks,Coastal Carolina Chanticleers,80
Bridget Dunn,Kent State Golden Flashes,80
Jaiden Ross,Webber International Warriors,80
Liz Freihofer,Eastern Kentucky Colonels,80
Nyah Moran,Northern Arizona Lumberjacks,80
Bailey Tabeling,Ohio Bobcats,80
Carlie Latta,Utah State Aggies,80
Jade Weathersby,UAB Blazers,80
Haleigh Timmer,South Dakota State Jackrabbits,80
Sherese Pittman,Tulane Green Wave,80
Kylee Fox,Fresno State Bulldogs,80
Mikyla Tolivert,Georgia State Panthers,80
Jalei Oglesby,Oral Roberts Golden Eagles,80
Mady Cartwright,Tulsa Golden Hurricane,80
Acacia Hayes,Western Kentucky Lady Toppers,80
Cayla Howard,Dominican (NY) Chargers,80
Emaia O'Brien,Detroit Mercy Titans,80
Alexus Mobley,Akron Zips,80
Dolly Cairns,Florida Gulf Coast Eagles,80
Avery Waddington,Montana Lady Griz,80
Skye Belker,Princeton Tigers,80
Cali Clark,San Diego State Aztecs,80
Rolanda Robinson,Adelphi Panthers,80
Freja Werth,San Francisco Dons,80
Olivia Nelson,Idaho Vandals,80
Haleigh Releford,Asbury Eagles,80
Taylor Smith,Weber State Wildcats,80
Bailey Butler,Green Bay Phoenix,80
Jaydia Martin,Sacramento State Hornets,80
Mary-Anna Asare,VCU Rams,80
Emma Trawally Porta,San Francisco Dons,80
Sarina Nagra,UC Merced Bobcats,80
Dominique Ennis,Rice Owls,80
Hadley Periman,Tulsa Golden Hurricane,80
Althea Kara Angeles,Eastern Kentucky Colonels,80
Jordyn Weaver,Queens University Royals,80
Hope Sivori,Bellarmine Knights,80
Keslyn Secrist,Indiana State Sycamores,80
McKelle Meek,Portland Pilots,80
Emma Hess,Liberty Flames,80
Sophia Gregory,Youngstown State Penguins,80
Arielle Dabu,Kentucky Wesleyan Panthers,80
Jordan Jones,Denver Pioneers,80
Kayla Lee,Fisk Bulldogs,80
Amber Scalia,St. Thomas-Minnesota Tommies,80
Ivy Wolf,Dayton Flyers,80
Chloe Sotell,Pepperdine Waves,80
Yahmani McKayle,Massachusetts Minutewomen,80
Destiny Salary,Western Kentucky Lady Toppers,80
Talya Brugler,Saint Joseph's Hawks,80
Addison Martin,Illinois State Redbirds,80
I'yanna Lops,Seton Hall Pirates,80
Mallory Brake,Creighton Bluejays,80
Meri Kanerva,Xavier Musketeers,80
Olivia Cochran,Louisville Cardinals,80
Marta Suarez,California Golden Bears,80
Raegan Beers,Oklahoma Sooners,80
Kaitlyn Chen,UConn Huskies,80
Eniya Russell,Mississippi State Bulldogs,80
Ruby Whitehorn,Tennessee Lady Volunteers,80
Kierra Merchant,Houston Cougars,80
Angela Dugalic,UCLA Bruins,80
Brooke Demetre,Stanford Cardinal,80
Jalyn Brown,Arizona State Sun Devils,80
Jordan Hobbs,Michigan Wolverines,80
Jasmine Shavers,Texas Tech Lady Raiders,80
Jordyn Oliver,Vanderbilt Commodores,80
Aaronette Vonleh,Baylor Bears,80
JoJo Lacey,Rutgers Scarlet Knights,80
Jasmyne Roberts,Miami Hurricanes,80
Eylia Love,Houston Cougars,80
Kyah Watson,West Virginia Mountaineers,80
Skylar Jones,Arizona Wildcats,80
Donovyn Hunter,TCU Horned Frogs,80
Isis Beh,Arizona Wildcats,80
Mia Moore,Clemson Tigers,80
Kennady McQueen,Utah Utes,80
Kennedy Smith,USC Trojans,80
Tameiya Sadler,Ole Miss Rebels,80
Angel Jones,Coppin State Eagles,79
Fatmata Janneh,Saint Peter's Peacocks,79
Jackie Grisdale,Quinnipiac Bobcats,79
Caroline Bornemann,Maine Black Bears,79
Taisha Exanor,Monmouth Hawks,79
Savannah Tucker,Long Beach State Beach,79
Anne Bair,Colgate Raiders,79
Deja Lee,UC Irvine Anteaters,79
Allie Meadows,Western Illinois Leathernecks,79
Sumayah Sugapong,UC San Diego Tritons,79
Tyja Beans,Western Carolina Catamounts,79
Reghan Grimes,Tennessee Tech Golden Eagles,79
Trinity Hardy,Army Black Knights,79
Sigrun Olafsdottir,Chattanooga Mocs,79
Bella Pucci,Binghamton Bearcats,79
Tova Sabel,UC Davis Aggies,79
Jordan Holman,Little Rock Trojans,79
Alexandra Zelaya,UNC Wilmington Seahawks,79
Taryn Barbot,Charleston Cougars,79
Anaya Brown,UT Martin Skyhawks,79
Mireia Aguado,Texas A&M-Corpus Christi Islanders,79
Kenley McCarn,UT Martin Skyhawks,79
Gianna Corbitt,Chattanooga Mocs,79
Evangelia Paulk,Wofford Terriers,79
Kade Hackerott,UT Rio Grande Valley Vaqueros,79
Candy Edokpaigbe,Seattle U Redhawks,79
Laura Erikstrup,Grand Canyon Lopes,79
Maddie Walsh,UAB Blazers,79
Amaya Staton,Wright State Raiders,79
Shelbee Brown,Akron Zips,79
Lauryn Taylor,Florida Gulf Coast Eagles,79
Peyton Howard,Eastern Washington Eagles,79
Brianna Furch,Saint Michael's Purple Knights,79
Ava Cirigliano,Misericordia Cougars,79
Katelynn Martin,Montana State Bobcats,79
Nevaeh Foster,IU Indianapolis Jaguars,79
Nyla Jean,Southern Miss Lady Eagles,79
Angelina Robles,Denver Pioneers,79
Khera Goss,Toledo Rockets,79
Cameron Thomas,Stetson Hatters,79
Destiny Jones,West Georgia Wolves,79
Sakyia White,UL Monroe Warhawks,79
Courtney McMillan,Guilford Quakers,79
Sisi Eleko,Eastern Michigan Eagles,79
Raigan Head,Central Baptist College Mustangs,79
Maddy Skorupski,Oakland Golden Grizzlies,79
Prencis Harden,Kennesaw State Owls,79
Taniyah Finney,Cheyney (PA) Wolves,79
Kennedie Shuler,Oregon State Beavers,79
Hannah Simental,Colorado State Rams,79
Jaslyn Woods,Lincoln (CA) Oaklanders,79
Kristin Williams,Coastal Carolina Chanticleers,79
Jada Moore,Florida Atlantic Owls,79
Indya Green,Georgia Southern Eagles,79
Stina Almqvist,Pennsylvania Quakers,79
Jaylin Foster,Texas State Bobcats,79
Jerni Kiaku,Duquesne Dukes,79
Robyn Lee,Louisiana Tech Lady Techsters,79
Dani Bartsch,Montana Lady Griz,79
Natalie McNeal,Green Bay Phoenix,79
Brooke Carlson,Colorado State Rams,79
Shannon Dowell,Illinois State Redbirds,79
Elly Schmitz,Bethel (MN) Royals,79
Arianna Smith,Dayton Flyers,79
Aysia Ward-Strong,Sam Houston Bearkats,79
Mackenzie Smith,Saint Joseph's Hawks,79
Maya Wong,Illinois State Redbirds,79
Ava Ranson,San Diego Toreros,79
Irene Murua Txintxurreta,Fordham Rams,79
Brooklyn Gray,Saint Louis Billikens,79
Catarina Ferreira,Oregon State Beavers,79
Allie Palmieri,Massachusetts Minutewomen,79
Kelsey Rees,Oregon State Beavers,79
Denae Carter,Villanova Wildcats,79
Keimari Rimmer,UIC Flames,79
Deja Jones,Indiana State Sycamores,79
Taryn Sides,Kansas State Wildcats,79
Kaitlin Peterson,UCF Knights,79
Jada Williams,Arizona Wildcats,79
Paulina Paris,Arizona Wildcats,79
Moriah Murray,Penn State Lady Lions,79
TK Pitts,SMU Mustangs,79
Lior Garzon,Colorado Buffaloes,79
Trinity Turner,Georgia Lady Bulldogs,79
KK Deans,Ole Miss Rebels,79
Izabel Varejao,Syracuse Orange,79
Tineya Hylton,Cincinnati Bearcats,79
Kiani Lockett,Creighton Bluejays,79
Sydney Bowles,Florida State Seminoles,79
Matyson Wilke,Utah Utes,79
Iyana Moore,Vanderbilt Commodores,79
Demeara Hinds,Wake Forest Demon Deacons,79
Rose Micheaux,Virginia Tech Hokies,79
Taina Mair,Duke Blue Devils,79
Marley Washenitz,Pittsburgh Panthers,79
Talia von Oelhoffen,USC Trojans,79
Kierra Wheeler,Norfolk State Spartans,78
Teresa Seppala,Siena Saints,78
Erin Leary,Iona Gaels,78
Morgan Lee,Marist Red Foxes,78
Gracie Gallegos,UC San Diego Tritons,78
Megan Norris,UC Davis Aggies,78
Molly Masingale,Wofford Terriers,78
Anna Olson,Vermont Catamounts,78
Mya Skoff,Lindenwood Lions,78
Keeley Carter,Tennessee Tech Golden Eagles,78
Damaris Rodriguez,Monmouth Hawks,78
Tara Cousins,Delaware Blue Hens,78
Taylor Golembiewski,Colgate Raiders,78
Jasha Clinton,Hampton Lady Pirates,78
Anna Walker,Tennessee Tech Golden Eagles,78
Vernell Atamah,Northwestern State Lady Demons,78
Paige Allen,Texas A&M-Corpus Christi Islanders,78
Koi Sims,Loyola Maryland Greyhounds,78
Taliyah Clark,UT Arlington Mavericks,78
Raven Preston,Elon Phoenix,78
Ella Wanzer,Delaware Blue Hens,78
Charlotte O'Keefe,UT Rio Grande Valley Vaqueros,78
Raegan McCowan,Western Illinois Leathernecks,78
Jorja Elliott,Incarnate Word Cardinals,78
Alyssa Durazo-Frescas,Grand Canyon Lopes,78
Emma Troxell,Abilene Christian Wildcats,78
Arieona Rosborough,Tarleton State Texans,78
Jessenia Lawson,Central Michigan Chippewas,78
Mahogany Matthews,Georgia State Panthers,78
Kamy Peppler,Milwaukee Panthers,78
Marah Dykstra,Montana State Bobcats,78
Bree Stephens,Central Arkansas Sugar Bears,78
Josiany Canales,Davis & Elkins Senators,78
Ereauna Hardaway,North Texas Mean Green,78
Mia Smith,Bowie State Bulldogs,78
Aislynn Hayes,Marshall Thundering Herd,78
Noa Givon,Robert Morris Colonials,78
Tristen Taylor,Temple Owls,78
Cassie Schiltz,Green Bay Phoenix,78
Macey Blevins,Northern Kentucky Norse,78
Miyah Brown,Bellarmine Knights,78
Kendall Carruthers,Toledo Rockets,78
Taneshia Tucker,Bloomfield Deacons,78
Sable Burnside,UVA Wise Cavaliers,78
Kassie Monday,Cumberland (KY) Indians,78
Viane Cumber,New Mexico Lobos,78
Natalia Trevino,Texas A&M-San Antonio Jaguars,78
Daniela Gonzalez,South Alabama Jaguars,78
Hayley Harrison,Bellarmine Knights,78
Jocelyn Schiller,North Dakota Fighting Hawks,78
Carly Coleman,Immaculata Mighty Macs,78
Myah Coleman,Dallas Christian Crusaders,78
Paige Yasukochi,Occidental Tigers,78
Destinee Hooks,New Mexico Lobos,78
Olivia Moran,Northern Arizona Lumberjacks,78
Jewel Watkins,Youngstown State Penguins,78
Hulda Joaquim,New Mexico Lobos,78
Nicole Gwynn,Georgia Southern Eagles,78
Keyarah Berry,Kennesaw State Owls,78
Cheyenne Stubbs,Utah State Aggies,78
Milahnie Perry,Air Force Falcons,78
Anissa Rivera,Temple Owls,78
Alayna Contreras,Kansas City Roos,78
Melyia Grayson,Southern Miss Lady Eagles,78
Vittoria Blasigh,South Florida Bulls,78
Alancia Ramsey,Coastal Carolina Chanticleers,78
CC Mays,Marshall Thundering Herd,78
Ashlyn Rean,Alaska Anchorage Seawolves,78
Gabby Casey,Saint Joseph's Hawks,78
Ally Sweeney,Richmond Spiders,78
Khamari Mitchell-Steen,Florida Gulf Coast Eagles,78
Olivia Austin,Dartmouth Big Green,78
McKinna Brackens,UNLV Lady Rebels,78
Kayla Dickey,North American Stallions,78
Sa'Mya Wyatt,Austin Peay Governors,78
Kaitlyn O'Connell,Adelphi Panthers,78
Mama Dembele,South Florida Bulls,78
Bella Antonacci,Allegheny Gators,78
Ro Scott,James Madison Dukes,78
Audra Emmerson,Purdue Fort Wayne Mastodons,78
Victoria Page,Dartmouth Big Green,78
Anaelle Dutat,Rhode Island Rams,78
Aaliyah Alexander,UNLV Lady Rebels,78
Maya Chandler,Miami (OH) RedHawks,78
Summer Parker-Hall,Cornell Big Red,78
Kiley Bess,Missouri State Lady Bears,78
Carla Brito,South Florida Bulls,78
Halle Idowu,Northern Kentucky Norse,78
Tarriyonna Gary,Temple Owls,78
Grace Jeffrey,Johnson & Wales (RI) Griffins,78
Emma Yost,Dakota Wesleyan Tigers,78
Marisa Frost,North Dakota State Bison,78
Trista Hull,Portland Pilots,78
Destiny Ryles,Bowie State Bulldogs,78
Faith Stinson,IU Indianapolis Jaguars,78
Julia Palomo,Evansville Purple Aces,78
Taylor Donaldson,Fordham Rams,78
Mya Meredith,Northern Kentucky Norse,78
Avery Broughton,Dakota Wesleyan Tigers,78
Kourtney Grossman,Eastern Washington Eagles,78
Alexis Bynum,Pfeiffer Falcons,78
Maggie Hartwig,Evansville Purple Aces,78
Brandi Williams,Loyola Marymount Lions,78
Charlise Dunn,Davidson Wildcats,78
Sophia Vital,Rhode Island Rams,78
Tierra Simon,Saint Louis Billikens,78
Dani Haskell,St. Bonaventure Bonnies,78
Katie Donovan,Davidson Wildcats,78
Carly Hooks,Kennesaw State Owls,78
Gift Uchenna,Southern Illinois Salukis,78
Taylor Johnson-Matthews,DePaul Blue Demons,78
Rylie Theuerkauf,Wake Forest Demon Deacons,78
Celia Sumbane,Auburn Tigers,78
Zee Spearman,Tennessee Lady Volunteers,78
Nyla Hampton,Michigan State Spartans,78
Hanna Cavinder,Miami Hurricanes,78
Nya Robertson,SMU Mustangs,78
Raven Johnson,South Carolina Gamecocks,78
Sahara Williams,Oklahoma Sooners,78
Saylor Poffenbarger,Maryland Terrapins,78
Ja'Leah Williams,Louisville Cardinals,78
Shay Holle,Texas Longhorns,78
Ashton Judd,Missouri Tigers,78
Bailey Maupin,Texas Tech Lady Raiders,78
Reagan Jackson,Cincinnati Bearcats,78
De'Mauri Flournoy,Georgia Lady Bulldogs,78
Nunu Agara,Stanford Cardinal,78
Lulu Twidale,California Golden Bears,78
Alberte Rimdal,Nebraska Cornhuskers,78
Avery Howell,USC Trojans,78
Mackenzie Nelson,Virginia Tech Hokies,78
Aylasia Fantroy,Texas Southern Tigers,77
Destiny Brown,Alcorn State Lady Braves,77
Saniyah King,Howard Bison,77
Laila Lawrence,Coppin State Eagles,77
Izabela Nicoletti Leite,Fairfield Stags,77
Alejandra Zuniga,NJIT Highlanders,77
Jadyn Weltz,Binghamton Bearcats,77
Karson Martin,Quinnipiac Bobcats,77
Reese Ericson,Army Black Knights,77
Ines Gimenez Monserrat,Manhattan Jaspers,77
Ella Stemmer,Lehigh Mountain Hawks,77
Rachel Loobie,Long Beach State Beach,77
Colleen McQuillen,Lehigh Mountain Hawks,77
Patricia Chung,Long Beach State Beach,77
Claire Johnson,Samford Bulldogs,77
Harmaine Dominguez,Stephen F. Austin Ladyjacks,77
Sabrina Ma,UC San Diego Tritons,77
Fiona Hastick,Army Black Knights,77
Zoe Best,Southeast Missouri State Redhawks,77
Nya Epps,UC Davis Aggies,77
Helen Matthews,Wofford Terriers,77
Nora Francois,New Orleans Privateers,77
Lilly Phillips,UAlbany Great Danes,77
Avyonce Carter,Western Carolina Catamounts,77
Jayla Brooks,Little Rock Trojans,77
Madison Schiller,Colgate Raiders,77
Jayde Gamble,UNC Greensboro Spartans,77
Bella Nascimento,William & Mary Tribe,77
Emma Johansson,California Baptist Lancers,77
Addi Brownfield,Western Illinois Leathernecks,77
Dorian Norris,Incarnate Word Cardinals,77
Cora Horvath,East Texas A&M Lions,77
Meredith Raley,Southern Indiana Screaming Eagles,77
Shae Littleford,UT Martin Skyhawks,77
Kennedie Montue,Arkansas State Red Wolves,77
Ashanti Barnes,James Madison Dukes,77
Jakoriah Long,Tarleton State Texans,77
Brooke Stonebraker,Northern Illinois Huskies,77
Caroline Lucas,Brescia Bearcats,77
Micah Hart,Bethel (TN) Wildcats,77
Kim Villalobos,San Diego State Aztecs,77
Abbie Draper,North Dakota State Bison,77
Lindsey Pirkle,Union (KY) Bulldogs,77
Priscilla Williams,Jacksonville Dolphins,77
Madison Royal-Davis,Oakland Golden Grizzlies,77
Kyren Whittington,Tulane Green Wave,77
Simaru Fields,Old Dominion Monarchs,77
Daysha Reid,Tennessee Southern Firehawks,77
Amira Mabry,Tulane Green Wave,77
Victoria Perez,Colorado Christian Cougars,77
Da'Myiah Lewis,Stanislaus State Warriors,77
Destiny Leo,Cleveland State Vikings,77
Ruthia Smith,Faulkner Eagles,77
Zoe Kennedy,Clarke University Pride,77
Carley Duffney,South Dakota Coyotes,77
Tiarra East,Temple Owls,77
Mya Perry,Florida Atlantic Owls,77
Samantha Muller,Molloy Lions,77
Jasmine McGinnis-Taylor,Eastern Kentucky Colonels,77
Ava Hairston,Pfeiffer Falcons,77
Zay Dyer,Troy Trojans,77
Anna Lutz,Milwaukee Panthers,77
Brooke Donnelly,Cal State East Bay Pioneers,77
Amalya Sales,Warner Pacific Knights,77
Lina Falk,Sacramento State Hornets,77
Jennifer Aadland,Idaho Vandals,77
Tyler Pyburn,Texas College Steers,77
Perri Page,Columbia Lions,77
Rhema Ogele,Portland State Vikings,77
Tamiah Robinson,Louisiana Ragin' Cajuns,77
Tanyuel Welch,Memphis Tigers,77
Edyn Battle,Jacksonville Dolphins,77
Callie Cowan,West Alabama Tigers,77
Jazzpher Evans,Alaska Anchorage Seawolves,77
Victoria Flores,Rice Owls,77
Carmaya Bowman,Shepherd Rams,77
Ashley Baez,Troy Trojans,77
Maddie Kellione,Marshall Thundering Herd,77
Alli Carlson,Western Michigan Broncos,77
Briana Peguero,Troy Trojans,77
Victoria Keenan,Tulane Green Wave,77
Kacee Baumhower,Milwaukee Panthers,77
Kennedi Watkins,Ohio Bobcats,77
Hayleigh Breland,Charlotte 49ers,77
Kyla Deck,North Texas Mean Green,77
Kemia Ward,Queens University Royals,77
Ana Barreto,Queens University Royals,77
Claira McGowan,Lipscomb Bisons,77
Crislyn Rose,Arkansas State Red Wolves,77
Antoniette Emma-Nnopu,Weber State Wildcats,77
Brianna Jackson,Troy Trojans,77
Katie Peneueta,Sacramento State Hornets,77
Tasia Jordan,Idaho State Bengals,77
Jaylo Bello,Walla Walla Wolves,77
Ciani Montgomery,Lincoln (PA) Lions,77
Jaisa Gamble,Alaska Anchorage Seawolves,77
Anovia Sheals,Austin Peay Governors,77
Neeley Tilly-Bedick,Nelson Lions,77
Malia Fisher,Rice Owls,77
Cherika Rafan,Lincoln (CA) Oaklanders,77
Jalyn Holcomb,Lipscomb Bisons,77
Ashleigh Connor,La Salle Explorers,77
Calysia Phillips,Mississippi University For Women Owls,77
Mesa Byom,South Dakota State Jackrabbits,77
Meadow Roland,UNLV Lady Rebels,77
Julieta Ceja,Eastern New Mexico Greyhounds,77
Keiara Griffin,Kennesaw State Owls,77
Joan Quinn,La Salle Explorers,77
Emily Pape,Cornell Big Red,77
Parris Atkins,Florida International Panthers,77
Abbie Aalsma,Drake Bulldogs,77
Luana Leite,San Francisco Dons,77
Jaida McCloud,UIC Flames,77
Mya Barnes,Jacksonville State Gamecocks,77
Rikki Harris,Dayton Flyers,77
Grace Efosa,Providence Friars,77
Maddie Webber,Villanova Wildcats,77
Laila Blair,Houston Cougars,77
Jade Masogayo,Colorado Buffaloes,77
T'yana Todd,Boston College Eagles,77
Malaya Cowles,Wake Forest Demon Deacons,77
Kylie Feuerbach,Iowa Hawkeyes,77
Sania Feagin,South Carolina Gamecocks,77
Jyah LoVett,Arizona State Sun Devils,77
Delaney Thomas,Duke Blue Devils,77
Toby Fournier,Duke Blue Devils,77
Reniya Kelly,North Carolina Tar Heels,77
Caroline Lau,Northwestern Wildcats,77
Greta Kampschroeder,Michigan Wolverines,77
Grace Slaughter,Missouri Tigers,77
Grace Sullivan,Northwestern Wildcats,77
Jessica Peterson,SMU Mustangs,77
Zoesha Smith,Georgia Tech Yellow Jackets,77
Jocelyn Tate,Michigan State Spartans,77
Breona Hurd,Virginia Cavaliers,77
Callin Hake,Nebraska Cornhuskers,77
Debreasha Powe,Mississippi State Bulldogs,77
Regan Williams,Kansas Jayhawks,77
Ashley Hawkins,Gardner-Webb Runnin' Bulldogs,76
Sabou Gueye,Florida A&M Rattlers,76
Morgan Callahan,North Carolina Central Eagles,76
Destiny Howell,Howard Bison,76
Judith Gomez,Iona Gaels,76
Jo Raflo,Mount St. Mary's Mountaineers,76
Asta Blauenfeldt,Maine Black Bears,76
Lily Wahinekapu,Hawai'i Rainbow Wahine,76
Annika Shah,Cal Poly Mustangs,76
Aixchel Hernandez,Cal State Fullerton Titans,76
Gabrielle Kennerly,Mount St. Mary's Mountaineers,76
Alyssa Marin,UC Santa Barbara Gauchos,76
Isabella King,Bucknell Bison,76
Reese Zemitis,Bucknell Bison,76
Laura Salmeron,Loyola Maryland Greyhounds,76
Eva DeChent,New Hampshire Wildcats,76
Chloe Larry,Tennessee Tech Golden Eagles,76
Triniti Ralston,Southern Indiana Screaming Eagles,76
Esther Matarranz,UC Riverside Highlanders,76
McKinley Brooks-Sumpter,Charleston Cougars,76
Lindsay Berger,Holy Cross Crusaders,76
Aaliyah Stanton,Cal State Fullerton Titans,76
Catherine Gilwee,Vermont Catamounts,76
Nikola Priede,Vermont Catamounts,76
Kate Hollifield,UNC Wilmington Seahawks,76
Sophia Diehl,Colgate Raiders,76
Britiya Curtis,Nicholls Colonels,76
Jasmine Felton,Campbell Fighting Camels,76
Aoibhe Gormley,Boston University Terriers,76
Sydney Watkins,UMass Lowell River Hawks,76
Makayla Rose,UC Riverside Highlanders,76
Deja Evans,Drexel Dragons,76
Chaniya Clark,North Carolina A&T Aggies,76
Kaci Donovan,UAlbany Great Danes,76
Sierra Lichtie,Cal Poly Mustangs,76
Mary Carter,Cal Poly Mustangs,76
Key Roseby,Stephen F. Austin Ladyjacks,76
Courtney Moore,East Tennessee State Bucs,76
Ary Dizon,Cal State Bakersfield Roadrunners,76
Jessica Tomasetti,UAlbany Great Danes,76
Gianni Boone,Campbell Fighting Camels,76
Enya Maguire,NJIT Highlanders,76
Lyric Cole,Tennessee State Lady Tigers,76
Sydney Ryan,Furman Paladins,76
Halle Nelson,Utah Valley Wolverines,76
Khady Leye,Towson Tigers,76
Jordyn Newsome,East Texas A&M Lions,76
Meg Cahalan,Holy Cross Crusaders,76
Skylar Burke,UC Santa Barbara Gauchos,76
Meghan Downing,East Tennessee State Bucs,76
Taris Thornton,Tennessee Tech Golden Eagles,76
Alex Giannaros,Boston University Terriers,76
Jacei Denley,Lamar Cardinals,76
Raimi McCrary,Incarnate Word Cardinals,76
Nhug Bosch Duran,California Baptist Lancers,76
Avery VanSickle,Stephen F. Austin Ladyjacks,76
Tamia Stricklin,Seattle U Redhawks,76
Brie Crittendon,Utah Tech Trailblazers,76
Zyion Shannon,Arkansas State Red Wolves,76
Ava Uhrich,Southern Utah Thunderbirds,76
Journey Armstead,UAB Blazers,76
Daylani Ballena,Southern Utah Thunderbirds,76
Jo Langbehn,St. Thomas-Minnesota Tommies,76
Eryka Patton,UNT Dallas Trailblazers,76
Tieraney Bolton,Thomas (GA) Night Hawks,76
Maya Simon,Texas A&M-San Antonio Jaguars,76
Meloney Thames,UL Monroe Warhawks,76
Destiny Terrell,Texas State Bobcats,76
Lamaria Estridge,Shepherd Rams,76
Anna Gliatta,Brenau University Golden Tigers,76
Julia Susla,Montevallo Falcons,76
Sammy Opichka,St. Thomas-Minnesota Tommies,76
Kaila Rougier,North Florida Ospreys,76
Mj Simmons,Bethel (TN) Wildcats,76
Emma Riley,Union Garnet Chargers,76
Sara Bershers,UAB Blazers,76
Kseniia Kozlova,James Madison Dukes,76
Sophia Covello,Idaho State Bengals,76
Kyleigh Brown,Portland State Vikings,76
Jaleesa Molina,Temple Owls,76
Kinley Fisher,Central Arkansas Sugar Bears,76
Malia Latu,Santa Clara Broncos,76
Taylor Eldredge,Cal State East Bay Pioneers,76
Harsimran Kaur,Rhode Island Rams,76
Madi Morson,Central Michigan Chippewas,76
Peyton Starks,Macalester Scots,76
Kaylie Monday,Cumberland (KY) Indians,76
Claire Henson,Wright State Raiders,76
Malia Magestro,Youngstown State Penguins,76
Leah Williams,Mount Marty College Lancers,76
Deryanis Colon Velez,Washington Adventist Shock,76
Alexsandra Alvarado,San Francisco State Gators,76
Alaya Fitzgerald,Portland State Vikings,76
Alex Richard,Ball State Cardinals,76
Lauren Knight,St. Francis (IL) Fighting Saints,76
Ja Harvey,Omaha Mavericks,76
Kaemyn Bekemeier,Missouri State Lady Bears,76
Sammie Puisis,South Florida Bulls,76
Ella Gallatin,Eastern Washington Eagles,76
Jo Huntimer,Air Force Falcons,76
Sarah Taub,North Florida Ospreys,76
Quentarra Mitchell,Stetson Hatters,76
Taya Davis,Fordham Rams,76
Tori Smiley,Shorter Hawks,76
Ashlee Harris,Bellarmine Knights,76
Kylie Flippin,McMurry War Hawks,76
Alexi Hempe,South Dakota Coyotes,76
Saniyah Craig,Jacksonville Dolphins,76
Jayla Hearp,East Carolina Pirates,76
Kylee Piche,Bridgewater State (MA) Bears,76
Samantha Hoelscher,Cleary University Cougars,76
Rose Bubakar,Weber State Wildcats,76
Lauren Jones,Westminster (MO) Blue Jays,76
Luisa Vydrova,UTEP Miners,76
Lianna Baxter,Oakland Golden Grizzlies,76
Kaela Martinez,Mount Marty College Lancers,76
Gabi Fields,Northern Colorado Bears,76
Emani Bennett,Kansas City Roos,76
Kendall Holmes,Belmont Bruins,76
Jalyn Sackrider,Evergreen State Geoducks,76
Ashley Dickey,Tennessee Southern Firehawks,76
Tess Barnes,Wyoming Cowgirls,76
Amber Bourgeois,St. Thomas (TX) Celts,76
Destiny Goodwin,Trinity Christian (IL) Trolls,76
Lauren Smith,Tennessee Southern Firehawks,76
Mariah Elohim,Fresno State Bulldogs,76
Madison Mathiowetz,South Dakota State Jackrabbits,76
Naelle Bernard,Loyola Chicago Ramblers,76
Zsofia Telegdy,Western Kentucky Lady Toppers,76
Amani Ball,Washington Adventist Shock,76
Deniya Thornton,Loyola New Orleans Wolfpack,76
Samantha Ballantyne,Bethesda University Flames,76
Cassidy Morris,Brescia Bearcats,76
Savannah Catalon,Seton Hall Pirates,76
Sydney Ward,Pacific Tigers,76
Sophie Phillips,Rhode Island Rams,76
Ayisse Magassa,La Salle Explorers,76
Ivane Tensaie,UTEP Miners,76
Parker Hill,Princeton Tigers,76
KK Arnold,UConn Huskies,76
Victoria Rivera,Georgetown Hoyas,76
Maci Rhoades,Valparaiso Beacons,76
Laia Conesa,Kansas Jayhawks,76
Achol Akot,UCF Knights,76
Brynn Farrell,Providence Friars,76
Elise Jaeger,Northern Iowa Panthers,76
MaKayla Elmore,Pittsburgh Panthers,76
Allie Kubek,Maryland Terrapins,76
Tessa Miller,Clemson Tigers,76
Reigan Richardson,Duke Blue Devils,76
Indya Nivar,North Carolina Tar Heels,76
Kayla Blackshear,Georgia Tech Yellow Jackets,76
Mallory Heyer,Minnesota Golden Gophers,76
Emely Rodriguez,UCF Knights,76
Jenna Johnson,Utah Utes,76
Elisa Mevius,Oregon Ducks,76
Sarengbe Sanogo,Texas Tech Lady Raiders,76
Lauren Ware,Texas A&M Aggies,76
Reese Ross,Utah Utes,76
Karoline Striplin,Indiana Hoosiers,76
Jaleesa Lawrence,High Point Panthers,75
Kiki McIntyre,Longwood Lancers,75
Alisha Wilson,Alabama A&M Bulldogs,75
Cheyenne McEvans,Florida A&M Rattlers,75
Asianae Nicholson,Bethune-Cookman Wildcats,75
Mahogany Lester,Maryland Eastern Shore Hawks,75
Kiarra Mcelrath,Delaware State Hornets,75
Kyla Bryant,North Carolina Central Eagles,75
Safiatu Kolliegbo,Niagara Purple Eagles,75
Thalia Shepard,Merrimack Warriors,75
Madison Roman,Merrimack Warriors,75
Leyla Ozturk,Manhattan Jaspers,75
Da'Brya Clark,Norfolk State Spartans,75
Anna LeMaster,Mount St. Mary's Mountaineers,75
Ahniysha Jackson,Siena Saints,75
Paloma Garcia,Merrimack Warriors,75
Paula Gallego,Maine Black Bears,75
Yirsy Queliz,Northeastern Huskies,75
Hunter Hernandez,UC Irvine Anteaters,75
Ashlee Locke,Mercer Bears,75
Cecilia Kay,American University Eagles,75
Amandine Amorich,Loyola Maryland Greyhounds,75
Jaden Walker,UMBC Retrievers,75
Breauna Ware,Stony Brook Seawolves,75
Gabby Turco,Rider Broncs,75
Amaris Baker,Drexel Dragons,75
Tiffany Tullis,Houston Christian Huskies,75
Courtney Dahlquist,Campbell Fighting Camels,75
Kiyley Flowers,Eastern Illinois Panthers,75
Taylor Henderson,UNC Wilmington Seahawks,75
Chloe Sterling,Hofstra Pride,75
Daejah Richmond,UT Martin Skyhawks,75
Janay Brantley,Stony Brook Seawolves,75
Jordon Lewis,UMBC Retrievers,75
Elli Garnett,Nicholls Colonels,75
Chloe Wilson,Delaware Blue Hens,75
Mykayla Cunningham,Lindenwood Lions,75
Gracy Wernli,Lindenwood Lions,75
Nevaeh Dean,UC Irvine Anteaters,75
Rebecca Demeke,Delaware Blue Hens,75
Abby Jegede,Northeastern Huskies,75
Grace O'Neill,Drexel Dragons,75
Zaida Gonzalez,Stony Brook Seawolves,75
Payton Hull,Abilene Christian Wildcats,75
Kennedy Langham,Samford Bulldogs,75
Sug Williams,Little Rock Trojans,75
Seneca Hackley,UC Riverside Highlanders,75
Amanda Barcello,Utah Valley Wolverines,75
Nya Smith,UNC Greensboro Spartans,75
Somah Kamara,Tennessee State Lady Tigers,75
Deonna Brister,Nicholls Colonels,75
Simone Cunningham,Old Dominion Monarchs,75
Nakiyah Mays-Prince,Georgia Southern Eagles,75
Adryana Quezada,San Diego State Aztecs,75
Dani Grim,Oakland Golden Grizzlies,75
Khia Miller,East Carolina Pirates,75
Ja'Mia Harris,Texas State Bobcats,75
Liv West,Pittsburgh-Johnstown Mountain Cats,75
Nan Garcia,Toledo Rockets,75
Erin Fry,Regis Rangers,75
Alexis Pettis,Eastern Washington Eagles,75
Callie Genke,Green Bay Phoenix,75
Erin Fry,Regis (CO) Rangers,75
Zuriyah Davis,West Georgia Wolves,75
Brenda Fontana,Old Dominion Monarchs,75
Salese Blow,Wichita State Shockers,75
Taylee Chirrick,Montana State Bobcats,75
Jordan Heifner,Johnson University (TN) Royals,75
Meghan Weinrich,Oral Roberts Golden Eagles,75
Tilly Boler,Memphis Tigers,75
Kristol Ayson,Tulsa Golden Hurricane,75
Dana Phelan,Staten Island Dolphins,75
Linzie Wernert,Indiana-Southeast Grenadiers,75
Meredith Maier,Marshall Thundering Herd,75
Anaya Coleman,Southeastern Fires,75
Audrey Jakway,Haverford Fords,75
Ta'Viyanna Habib,George Mason Patriots,75
Brooklyn Thrash,Eastern Michigan Eagles,75
Madison Hart,Bethel (TN) Wildcats,75
Julia Rodriguez,West Alabama Tigers,75
Rebecca Walter,Blue Mountain College Toppers,75
Makayla Jackson,Detroit Mercy Titans,75
Kate Bradley,Oklahoma Christian University Eagles,75
K'Nari Holliday,West Georgia Wolves,75
Fanta Gassama,New Mexico State Aggies,75
Maiya Petit,Fort Lauderdale Eagles,75
Jaci Jones,Northern Kentucky Norse,75
Skyler Gill,Florida Gulf Coast Eagles,75
Layla Gold,Valparaiso Beacons,75
Jazzlyn Linbo,Purdue Fort Wayne Mastodons,75
AJ Marotte,Oregon State Beavers,75
Jamisyn Heaton,Utah State Aggies,75
Alecia Doyle,Northern Illinois Huskies,75
Zoe Shaw,St. Bonaventure Bonnies,75
Erica Lafayette,Louisiana Ragin' Cajuns,75
Emily Foy,Saint Mary's Gaels,75
Tatum West,Northern Colorado Bears,75
Gabby Reynolds,George Washington Revolutionaries,75
Kera Martinez,Dallas Christian Crusaders,75
Fiona Snashall,Regis (CO) Rangers,75
Paige Bradley,Tulsa Golden Hurricane,75
Taja Stephens,Salem University Tigers,75
Morgan Sieper,Southern Miss Lady Eagles,75
Celebria Peacock,Wiley Wildcats,75
Kaleigh Addie,Georgia State Panthers,75
Ta'Ziah Jenks,Florida Atlantic Owls,75
Ariella Goren,Arlington Baptist Patriots,75
Autumn Taylor,Clarion Golden Eagles,75
Keanna Rembert,Charlotte 49ers,75
Ndack Mbengue,UTEP Miners,75
De'Asia Johnson,UNT Dallas Trailblazers,75
Malia Mastora,Pepperdine Waves,75
Lydia Hay,Bethel (MN) Royals,75
Kayla Rice,Illinois-Springfield Prairie Stars,75
Brooke Beresford,College of Idaho Yotes,75
Ivey Schmidt,Western Colorado Mountaineers,75
Macey Fegan,Cleveland State Vikings,75
Makiya Miller,Wright State Raiders,75
Saniyah Neverson,Northern Arizona Lumberjacks,75
Sidney Thue,Mount Marty College Lancers,75
Jianna Morris,Louisiana Tech Lady Techsters,75
Evelyn Lorenzo,Texas A&M-San Antonio Jaguars,75
Rylee Ghent,Johnson C Smith Golden Bulls,75
Betsey Burnett,Johnson C Smith Golden Bulls,75
Kylie Lavelle,St. John's Red Storm,75
Ellie McDermid,Bradley Braves,75
Tkiyah Nelson,Southern Illinois Salukis,75
Mykel Parham,VCU Rams,75
Nalani Kaysia,George Mason Patriots,75
Lani White,Virginia Tech Hokies,75
Kilah Freelon,Texas Tech Lady Raiders,75
Savannah White,Indiana State Sycamores,75
Nevaeh Brown,UCF Knights,75
Halle Douglass,Wisconsin Badgers,75
Dominique Camp,Syracuse Orange,75
Jenna Lawrence,Arkansas Razorbacks,75
Gigi Cooke,Houston Cougars,75
Sahara Jones,Texas A&M Aggies,75
Kemery Congdon,BYU Cougars,75
Vera Ojenuwa,Arkansas Razorbacks,75
Kaylah Ivey,Boston College Eagles,75
Khadee Hession,Georgetown Hoyas,75
Laila Reynolds,Florida Gators,75
Cassandre Prosper,Notre Dame Fighting Irish,75
Andrea Daley,Boston College Eagles,75
Lily Zeinstra,Butler Bulldogs,75
Kindyll Wetta,Colorado Buffaloes,75
Caileigh Walsh,Northwestern Wildcats,75
Ariadna Termis,Georgia Tech Yellow Jackets,75
Lexy Keys,Oklahoma Sooners,75
Destiney McPhaul,Mississippi State Bulldogs,75
Addison O'Grady,Iowa Hawkeyes,75
Leilani Kapinus,Vanderbilt Commodores,75
Brooke Paquette,Stonehill Skyhawks,74
Abaigeal Babore,Fairleigh Dickinson Knights,74
Ava Renninger,Fairleigh Dickinson Knights,74
Teneisia Brown,Fairleigh Dickinson Knights,74
Kishyah Anderson,Presbyterian Blue Hose,74
Joi Williams,Radford Highlanders,74
Catherine Alben,Charleston Southern Buccaneers,74
Malea Brown,Longwood Lancers,74
Kahia Warmsley,Grambling Lady Tigers,74
Paige Kindseth,Presbyterian Blue Hose,74
Taleah Dilworth,Jackson State Lady Tigers,74
Daimoni Dorsey,Bethune-Cookman Wildcats,74
Aniya Gourdine,Southern Jaguars,74
Nile Miller,Howard Bison,74
Amelia Wood,Sacred Heart Pioneers,74
Shakiria Foster,North Carolina Central Eagles,74
Lexie Tarul,Marist Red Foxes,74
Anjanae Richardson,Norfolk State Spartans,74
Mahogany Cottingham,Delaware State Hornets,74
Tiffany Hammond,Coppin State Eagles,74
Ericka Huggins,Delaware State Hornets,74
Mia Mancini,Bryant Bulldogs,74
Jackie Piddock,Marist Red Foxes,74
Jaela Johnson,Canisius Golden Griffins,74
Shamarla King,Stony Brook Seawolves,74
Jaila Lee,UNC Greensboro Spartans,74
Macy Silvey,SIU Edwardsville Cougars,74
Petra Juric,Manhattan Jaspers,74
Giana Hoddinott,Mount St. Mary's Mountaineers,74
Imani Perez,Hawai'i Rainbow Wahine,74
Faith Lee,Little Rock Trojans,74
Tierra Trotter,UT Rio Grande Valley Vaqueros,74
Sharna Ayres,Northwestern State Lady Demons,74
Sydney Burns,UC Davis Aggies,74
MeiLani McBee,Hawai'i Rainbow Wahine,74
Maleia Bracone,North Carolina A&T Aggies,74
Paris Locke,North Carolina A&T Aggies,74
Morgan Demos,Navy Midshipmen,74
Grace Schmidt,California Baptist Lancers,74
Ella Farrelly,Monmouth Hawks,74
Kya Smith,Army Black Knights,74
Mykelle Richards,Long Beach State Beach,74
Yanniah Boyd,Binghamton Bearcats,74
Tanita Swift,Nicholls Colonels,74
Jayda Angel,Elon Phoenix,74
Gracyn Lovette,Lehigh Mountain Hawks,74
Jayla Kimbrough,New Orleans Privateers,74
Chrishawn Coleman,Morehead State Eagles,74
Nahawa Diarra,Mercer Bears,74
Eva Levingston,Cal State Fullerton Titans,74
Miannah Little,Tarleton State Texans,74
Faith Acker,Tarleton State Texans,74
Sadie Stetson,Samford Bulldogs,74
Alexis Calderon,New Orleans Privateers,74
Cara McCormack,Drexel Dragons,74
Alex Rouse,Eastern Illinois Panthers,74
Christeina Bryan,Seattle U Redhawks,74
KK Rodriguez,SIU Edwardsville Cougars,74
Dionna Gray,Kent State Golden Flashes,74
Nina Horvath,East Texas A&M Lions,74
Johnea Donahue,Bowling Green Falcons,74
Alexa Hocevar,IU Indianapolis Jaguars,74
Alexandra Long,Bates College Bobcats,74
Aniah Hall,Northern Colorado Bears,74
Natalie Pasco,Boise State Broncos,74
Jeana Weatherspoon,Kentucky State Thorobreds,74
Rylei Waugh,San José State Spartans,74
Tamar Singer,Miami (OH) RedHawks,74
Shaulana Wagner,Troy Trojans,74
Katie Davidson,IU Indianapolis Jaguars,74
Tamaiya Mims,Sul Ross State Lobos,74
Sydni Summers,San José State Spartans,74
Macy Smith,Oakland Golden Grizzlies,74
Victoria Moore,North American Stallions,74
Mary McMillan,Stetson Hatters,74
Jazmine Spencer,North Florida Ospreys,74
Layla Tillery,Lees-McRae Bobcats,74
Kamrin Babbs,Bloomfield Deacons,74
Ariel Jefferson,Arkansas Baptist Buffaloes,74
Tyler McCliment-Call,Montana Lady Griz,74
Fatoumata Jaiteh,Sacramento State Hornets,74
Emily Carver,App State Mountaineers,74
Alexandria James-Fearon,Chowan Hawks,74
Tiara Bolden,Oregon State Beavers,74
Mariah Mitchem,Coker Cobras,74
Jazzy Klinge,North Alabama Lions,74
Aniyah Johnson,North Texas Mean Green,74
Dymonique Maxie,Nevada Wolf Pack,74
Dara Tokeshi,Occidental Tigers,74
Kelsey Thompson,Old Dominion Monarchs,74
Addison Hudspeth,Central Baptist College Mustangs,74
Asia Boone,Liberty Flames,74
Susie Rafiu,Columbia Lions,74
Gianna Aiello,Brown Bears,74
Maia Rhay,Westminster (UT) Griffins,74
Kendal Brigham,Concordia Nebraska Bulldogs,74
Rylan Moffitt,App State Mountaineers,74
Megan Campbell,Tiffin Dragons,74
Jordan Marshall,Louisiana Tech Lady Techsters,74
Hailey Adams,Rice Owls,74
Tamia Perryman,Bradley Braves,74
Victoria Davis,Nevada Wolf Pack,74
Peyton Kennedy,Saint Louis Billikens,74
Janna Holley,Cal Lutheran Kingsmen,74
Makaia Smith,Bethesda University Flames,74
Anzhane Hutton,East Carolina Pirates,74
Mia Tarver,Utah State Aggies,74
Aleah Snead,Saint Joseph's Hawks,74
Katie Hill,Richmond Spiders,74
Grace Ceseretti,Union Garnet Chargers,74
Idara Udo,UTSA Roadrunners,74
Kaya Ingram,Santa Clara Broncos,74
Shanti Simmons,Georgia Southern Eagles,74
Maggie Hutka,Colorado Christian Cougars,74
McKenna Eddings,Georgia Southern Eagles,74
Elisabeth Aegisdottir,Liberty Flames,74
Abby Wolterman,Northern Kentucky Norse,74
Nicole Bowlin,Colorado Christian Cougars,74
Briley Pena,Murray State Racers,74
Cassandra Smith,Salem University Tigers,74
Zeryhia Aokuso,Saint Mary's Gaels,74
Naja Fenelon,Kentucky State Thorobreds,74
Amari Wright,Seton Hall Pirates,74
Amaya Collins,IU Columbus Crimson Pride,74
D'Ayzha Akinson,Shaw Bears,74
Mary Leday,Wiley Wildcats,74
Hannah Rapp,Santa Clara Broncos,74
Asia Barclay,Jacksonville State Gamecocks,74
Kennedy Collins,Thomas (GA) Night Hawks,74
Carmyn Harrison,Belmont Bruins,74
Olivia Porter,Marquette Golden Eagles,74
Rachel Kaus,Cornell Big Red,74
Jasmynne Gibson,North Florida Ospreys,74
Kirsten Watt,Lees-McRae Bobcats,74
Sana'a Garrett,Jacksonville Dolphins,74
Carmella Hayden,Jarvis Christian Bulldogs,74
Katie Hamill,Missouri-St. Louis Rivermen,74
Abby St. Martin,Worcester State Lancers,74
Nicole Stephens,Dayton Flyers,74
Chae Harris,Fordham Rams,74
Sania Copeland,Kansas Jayhawks,74
Kennedy Basham,Arizona State Sun Devils,74
Amy O'Hara,Bradley Braves,74
Agnes Emma-Nnopu,TCU Horned Frogs,74
Olivia McGhee,Virginia Cavaliers,74
Ines Debroise,Rhode Island Rams,74
Tilda Trygger,NC State Wolfpack,74
Nani Falatea,Oregon Ducks,74
Mikayla Johnson,Pittsburgh Panthers,74
Casey Harter,Northwestern Wildcats,74
Jailah Donald,St. John's Red Storm,74
Elina Aarnisalo,UCLA Bruins,74
Londynn Jones,UCLA Bruins,74
Miyah Verse,Georgia Lady Bulldogs,74
Denae Fritz,Texas Tech Lady Raiders,74
Denim DeShields,Mississippi State Bulldogs,74
Brynn Shoup-Hill,Illinois Fighting Illini,74
Josie Hill,Chicago State Cougars,73
Belle Lanpher,Central Connecticut Blue Devils,73
Jenna Van Schaik,Mercyhurst Lakers,73
Aiyanna Culver,Chicago State Cougars,73
Abby Conklin,Fairleigh Dickinson Knights,73
Kylie Swider,Stonehill Skyhawks,73
Amor Harris,Longwood Lancers,73
Nevaeh Zavala,High Point Panthers,73
Amourie Porter,Winthrop Eagles,73
Mariah Wilson,Longwood Lancers,73
Lauryn Pendleton,Alabama A&M Bulldogs,73
D'Yanna Maxey,Mississippi Valley State Devilettes,73
Aaliyah Collins,High Point Panthers,73
Dakota McCaughan,UNC Asheville Bulldogs,73
Kayla Clark,Bethune-Cookman Wildcats,73
Zennia Thomas,Howard Bison,73
Kalia Walker,Alabama A&M Bulldogs,73
Zamara Haynes,Maryland Eastern Shore Hawks,73
Courtlyn Loudermill,Texas Southern Tigers,73
Alyssa Phillip,Grambling Lady Tigers,73
Cordasia Harris,Alabama State Lady Hornets,73
Makoye Diawara,Norfolk State Spartans,73
Mariona Cos-Morales,Rider Broncs,73
Danielle Williamsen,Marist Red Foxes,73
Niya Fields,Norfolk State Spartans,73
Shelley Duchemin,UC Riverside Highlanders,73
Parker Montgomery,UC San Diego Tritons,73
Zoey Ward,Iona Gaels,73
Emma Kirby,Sacred Heart Pioneers,73
Emina Selimovic,Fairfield Stags,73
Julianna Almeida,Navy Midshipmen,73
India Johnston,Towson Tigers,73
Tuana Coskun,Bucknell Bison,73
Emily Bowman,Samford Bulldogs,73
Lexi McCully,Southeast Missouri State Redhawks,73
Zanoria Cruz,Western Carolina Catamounts,73
Zoe Borter,UC Santa Barbara Gauchos,73
Clara Gomez,New Hampshire Wildcats,73
Myra Bell,Incarnate Word Cardinals,73
Morgan McMahon,Colgate Raiders,73
Harley Paynter,Morehead State Eagles,73
Audrey Ericksen,Boston University Terriers,73
Emma Von Essen,Hofstra Pride,73
Ande'a Cherisier,Delaware Blue Hens,73
NJ Weems,Lamar Cardinals,73
Hana Muhl,Manhattan Jaspers,73
Karsen Murphy,Chattanooga Mocs,73
Meghan O'Brien,Lehigh Mountain Hawks,73
Teresa Kiewiet,Lafayette Leopards,73
Keira Hanson,Vermont Catamounts,73
Jada Crawshaw,Long Beach State Beach,73
Monae' Duffy,Texas A&M-Corpus Christi Islanders,73
Tymberlin Criswell,Texas A&M-Corpus Christi Islanders,73
Chelsea Wooten,Western Carolina Catamounts,73
Aisha Dabo,Hampton Lady Pirates,73
Ariana Bennett,Mercer Bears,73
Danja Stafford Collins,Utah Valley Wolverines,73
Wynter Rogers,Arkansas State Red Wolves,73
Zakia Rasheed,Akron Zips,73
Naomi Panganiban,San Diego State Aztecs,73
Braylyn Milton,East Tennessee State Bucs,73
Desiree Rogers,Our Lady Of The Lake Saints,73
Terah Harness,Buffalo Bulls,73
Kristen Lopez,Whittier Poets,73
Lexi Carlsen,Northern Illinois Huskies,73
Annukka Willstedt,Texas A&M-Corpus Christi Islanders,73
Emani Burks,Nicholls Colonels,73
R'Mani Taylor,Lamar Cardinals,73
Marurdaisha Powell,North American Stallions,73
Abby Cater,Austin Peay Governors,73
Anna Griffin,Arkansas State Red Wolves,73
Lucia Fleta Robles,Florida International Panthers,73
Lanae Billy,Weber State Wildcats,73
Maddy Schreiber,Green Bay Phoenix,73
Mckenna Harris,Southern-New Orleans Knights,73
Alynna Palacios,Park University Gilbert Buccaneers,73
Abby Schulte,North Dakota State Bison,73
Emily Sizemore,Asbury Eagles,73
Karissa Smedley,Georgian Court University Lions,73
Elise Turrubiates,Tarleton State Texans,73
Brilynn Findley,Delta State Statesmen,73
Olivia Smith,Eastern Michigan Eagles,73
Kennedy Moore,College Of Biblical Studies Ambassadors,73
Hayley Berfield,Westcliff Warriors,73
Jordan Harris,Southern-New Orleans Knights,73
Gwen Higdon,IU Columbus Crimson Pride,73
Paige Rocca,Missouri State Lady Bears,73
Sarah Hughes,Bates College Bobcats,73
Taylor Jameson,Wichita State Shockers,73
Elina Arike,Middle Tennessee Blue Raiders,73
Saniyah Glenn-Bello,Harvard Crimson,73
Aaliyah Pitts,Florida International Panthers,73
Raissa Nsabua,Robert Morris Colonials,73
Stephanie Da Silva,Western New Mexico Mustangs,73
Emma Pavelek,Point Park Pioneers,73
Rylee Rosenquist,Dakota Wesleyan Tigers,73
Emari Doby,Illinois-Springfield Prairie Stars,73
Rhe Nae Leach,Whittier Poets,73
Ashley Tucker,Buffalo State Bengals,73
Mary Kay Naro,Boise State Broncos,73
Jaci Powers,Northern New Mexico Eagles,73
Cerina Rolle,Florida Gulf Coast Eagles,73
Maddie Naro,Santa Clara Broncos,73
Audrey Roden,Nevada Wolf Pack,73
Makayla Andrews,George Washington Revolutionaries,73
Joana Magalhaes,New Mexico Lobos,73
Makena Mastora,Pepperdine Waves,73
Brikayla Gray,UL Monroe Warhawks,73
Feliah Greer,Miles Golden Bears,73
Grace Hutson,VCU Rams,73
Skye Owen,St. John's Red Storm,73
Rosie Schweizer,Idaho Vandals,73
Eleyana Tafisi,App State Mountaineers,73
Raphaela Toussaint,Eastern Kentucky Colonels,73
Angelina Donato,Mount Saint Mary (NY) Knights,73
Mackenzie Amalia,Eastern Michigan Eagles,73
Victoria Aguayo,Sul Ross State Lobos,73
Isla Airey,Louisiana Tech Lady Techsters,73
Ni'Kiah Chesterfield,Tusculum Pioneers,73
Carlea Owens,Our Lady Of The Lake Saints,73
Kelby Bannerman,Kansas City Roos,73
Tae'lor Purvis,Xavier Musketeers,73
Yasminah White,Saint Elizabeth Eagles,73
Kha'Niya Evans,Bryant & Stratton Bobcats,73
Aylesha Wade,Queens University Royals,73
Haley Thierry,Youngstown State Penguins,73
London Gamble,Northern Colorado Bears,73
Jessica Bollwahn,Regis Rangers,73
Portia Adams,UTEP Miners,73
Silvia Nativi,Northern Colorado Bears,73
Jenna Brooks,Bob Jones Bruins,73
Nyla Inmon,Sam Houston Bearkats,73
Shania Nichols-Vannett,IU Indianapolis Jaguars,73
Jaila Harding,New Mexico State Aggies,73
Jaecy Eggers,Eastern Washington Eagles,73
Simone Sawyer,Pennsylvania Quakers,73
Dani Carnegie,Georgia Tech Yellow Jackets,73
Brooke Daniels,Michigan Wolverines,73
Mikayla Aumer,North Dakota Fighting Hawks,73
Nevaeh Parkinson,Arizona State Sun Devils,73
Ella Collier,Purdue Boilermakers,73
Taylor McCabe,Iowa Hawkeyes,73
Sitori Tanin,Loyola Chicago Ramblers,73
Sianny Sanchez-Oliver,New Mexico State Aggies,73
Ky Dempsey-Toney,UIC Flames,73
Grace Hall,Penn State Lady Lions,73
Bella Finnegan,Indiana State Sycamores,73
Bronagh Power-Cassidy,Villanova Wildcats,73
Jessica Petrie,Nebraska Cornhuskers,73
Jayme Horan,Creighton Bluejays,73
Kiyomi McMiller,Rutgers Scarlet Knights,73
Logan Nissley,Nebraska Cornhuskers,73
Chandler Prater,Mississippi State Bulldogs,73
Alexia Smith,Oklahoma State Cowgirls,73
A'riel Jackson,Cincinnati Bearcats,73
Jana El Alfy,UConn Huskies,73
Aicha Coulibaly,Texas A&M Aggies,73
Taylor Bigby,TCU Horned Frogs,73
Kelsey Joens,Iowa State Cyclones,73
Brooklynn Miles,Pittsburgh Panthers,73
Kyla Jones,Northwestern Wildcats,73
Julia Fabozzi,Wagner Seahawks,72
Janessa Williams,Long Island University Sharks,72
Sirviva Legions,Long Island University Sharks,72
Bailey Kuhns,Mercyhurst Lakers,72
Sharn Hayward,Stonehill Skyhawks,72
Allyson Ross,Mercyhurst Lakers,72
Haedyn Roberts,Le Moyne Dolphins,72
Cate Carlson,Radford Highlanders,72
Maureen Stapleton,Stonehill Skyhawks,72
Ineivi Plata,St. Francis (PA) Red Flash,72
Elze Motekaityte,Gardner-Webb Runnin' Bulldogs,72
Abigail Wilson,UNC Asheville Bulldogs,72
Nakyah Terrell,High Point Panthers,72
D'Arrah Allen,Arkansas-Pine Bluff Golden Lions,72
Stephanie Okowi,Arkansas-Pine Bluff Golden Lions,72
Aleighyah Fontenot,Southern Jaguars,72
Douthshine Prien,Grambling Lady Tigers,72
Nakia Cheathman,Alcorn State Lady Braves,72
Jaeda Murphy,Mississippi Valley State Devilettes,72
Nyam Thornton,Prairie View A&M Lady Panthers,72
D'Mya Griffin,Florida A&M Rattlers,72
Kirah Dandridge,Radford Highlanders,72
Jailah Pelly,Arkansas-Pine Bluff Golden Lions,72
Jaiyah Harris-Smith,Alabama A&M Bulldogs,72
Jaylia Reed,Mississippi Valley State Devilettes,72
CJ Wilson,Prairie View A&M Lady Panthers,72
Ash'a Thompson,Prairie View A&M Lady Panthers,72
Leianya Massenat,Jackson State Lady Tigers,72
Sydney Hendrix,Florida A&M Rattlers,72
Camryn Collins,Rider Broncs,72
Talia Dial,Niagara Purple Eagles,72
Ashanti Lynch,Maryland Eastern Shore Hawks,72
JaQuoia Jones-Brown,Long Beach State Beach,72
Olivia Rockwood,Maine Black Bears,72
Le'Asia Foreman,Hampton Lady Pirates,72
Sophia Loden,Southern Indiana Screaming Eagles,72
Cassidy Geddes,William & Mary Tribe,72
Jaliena Sanchez,UMBC Retrievers,72
Simone Foreman,Holy Cross Crusaders,72
Ella Fajardo,Iona Gaels,72
Mariam Sanogo,Canisius Golden Griffins,72
Christina Midgette,Colgate Raiders,72
Brielle Williams,Bryant Bulldogs,72
Kaia Goode,Binghamton Bearcats,72
Mazatlan Harris,UC Davis Aggies,72
Rayne Durant,UMass Lowell River Hawks,72
Maia Rosarion,Morehead State Eagles,72
Belle Kranbuhl,Monmouth Hawks,72
Jania Hall,UNC Wilmington Seahawks,72
Brooke Anya,Chattanooga Mocs,72
Lily Fandre,Lehigh Mountain Hawks,72
Lexi Alexander,SE Louisiana Lady Lions,72
Sophia Sabino,Bucknell Bison,72
Ritorya Tamilo,Hawai'i Rainbow Wahine,72
Olivia Williams,UC Irvine Anteaters,72
Maddie Rice,UMass Lowell River Hawks,72
Kayla Rolph,William & Mary Tribe,72
Amyah Reaves,Hampton Lady Pirates,72
Louella Allana,Saint Peter's Peacocks,72
Lovely Sonnier,Long Beach State Beach,72
Sydney Gandy,Southern Utah Thunderbirds,72
Ellie Taylor,Utah Tech Trailblazers,72
Clare Coyle,Furman Paladins,72
Audrey Fuller,Campbell Fighting Camels,72
Anahi-Lee Cauley,William & Mary Tribe,72
Maddie Heiss,Wofford Terriers,72
Marissa Gingrich,NJIT Highlanders,72
Taylor Bell,SE Louisiana Lady Lions,72
Summah Hanson,UC Irvine Anteaters,72
Sarah Ericson,Vermont Catamounts,72
Kloe Froebe,Colorado State Rams,72
Allison Schwertner,Boston University Terriers,72
Mary-Elizabeth Donnelly,Holy Cross Crusaders,72
Jordyn Lamker,St. Thomas-Minnesota Tommies,72
Taylor Caldwell,Cal State Bakersfield Roadrunners,72
Fortuna Ngnawo,Troy Trojans,72
Melody Martinez,Sul Ross State Lobos,72
Samantha Johnston,Southern Utah Thunderbirds,72
Alex Buckley,Bethesda University Flames,72
Chloe Deharo,Northwest Nazarene Nighthawks,72
Camryn Poole,Asbury Eagles,72
Jada Lee,Robert Morris Colonials,72
Ava Gugliuzza,SIU Edwardsville Cougars,72
Keelie O'Hollaren,Air Force Falcons,72
Mckenzie Bestor,Ripon College Red Hawks,72
Nya Threatt,UT Arlington Mavericks,72
Kaitlyn Edmondson,Eastern New Mexico Greyhounds,72
Mya Murray,Robert Morris Colonials,72
Paige Neal,Saint Elizabeth Eagles,72
Trinity Rowe,Southern Miss Lady Eagles,72
Aalyssa Rogers,Virginia-Lynchburg Dragons,72
Jazmine Soto,Hawai'i Hilo Vulcans,72
Sydnee Smith,Macalester Scots,72
Monesjia Harvey,Oakland City Mighty Oaks,72
Alyssa Sand,St. Thomas-Minnesota Tommies,72
Isabella Mauricio,Brown Bears,72
Hallie Rhodes,San Diego Toreros,72
Jayla Reliford,Westcliff Warriors,72
Kyanna Morgan,Arkansas State Red Wolves,72
Olivia Westphal,Eastern Michigan Eagles,72
Lexi Bull,Southern Utah Thunderbirds,72
Mackenzie Pettinelli,St. Bonaventure Bonnies,72
Bella White,Alabama-Huntsville Chargers,72
Colette Duininck,Bethel (MN) Royals,72
Paige Engels,Cornell Big Red,72
Amelia Mackey,Brescia Bearcats,72
Caitlin Frost,St. Bonaventure Bonnies,72
Kristynn Knight,Coker Cobras,72
Kiley Snow,SUNY Geneseo Knights,72
Addy Self,UT Dallas Comets,72
Abigail Shoff,Saint Mary's Gaels,72
Maud Huijbens,Gonzaga Bulldogs,72
Elisha Quinn,Shaw Bears,72
Shateah Wetering,Northern Iowa Panthers,72
Haley Burchhardt,Bridgewater State (MA) Bears,72
Kay Kay Green,Charlotte 49ers,72
Dani Bayes,Boise State Broncos,72
Alline Ballard,Cal Lutheran Kingsmen,72
Neani Stewart,Texas College Steers,72
Sonia Randall,La Sierra Golden Eagles,72
Emma Theodorsson,Loyola Chicago Ramblers,72
Ariyah Smith,Cal State East Bay Pioneers,72
Laura Nickel,Northern Illinois Huskies,72
Marta Leimane,Colorado State Rams,72
DeeDee Hagemann,Memphis Tigers,72
Kailee Meeker,Wisconsin-La Crosse Eagles,72
Samiya Steele,Jacksonville State Gamecocks,72
Sydney Jaynes,Butler Bulldogs,72
Krystina Hagood,Colorado-Colorado Springs Mountain Lions,72
Saga Ukkonen,Fresno State Bulldogs,72
Jorah Eppley,Stetson Hatters,72
Haylee Johnson,Eastern Oregon Mountaineers,72
Raniya White,Jarvis Christian Bulldogs,72
Grace Stapleton,Indiana-Southeast Grenadiers,72
Patience Williams,Georgia State Panthers,72
Misti Zempel,Mayville State Comets,72
Kayla Williams,Texas A&M-Texarkana Eagles,72
Tea Murray,Haskell Jayhawks,72
Bineta Diatta,Florida International Panthers,72
Abby Krzewinski,North Dakota State Bison,72
Coryn Watts,Denver Pioneers,72
Jodi Mullins,Southeastern Fires,72
Casey Santoro,Florida Gulf Coast Eagles,72
Kaylen Nelson,Bradley Braves,72
Isabella Palmqvist,Southern Illinois Salukis,72
Promise Keshi,Stetson Hatters,72
Bree Hall,South Carolina Gamecocks,72
Brinyia Rolax,Fort Lauderdale Eagles,72
Kayla Schroeder,Park University Gilbert Buccaneers,72
Mara Neira,App State Mountaineers,72
Danyel Middleton,UIC Flames,72
Maddie Burke,Villanova Wildcats,72
Claire O'Connor,Gonzaga Bulldogs,72
Tessa Johnson,South Carolina Gamecocks,72
Aaliyah Moore,Omaha Mavericks,72
Zya Vann,Oklahoma Sooners,72
Maria Konstantinidou,Fresno State Bulldogs,72
Yuting Deng,Auburn Tigers,72
Janiah Barker,UCLA Bruins,72
Gabby Anderson,Harvard Crimson,72
Clarke Jackson,Cornell Big Red,72
Alexus Motley,Mount Marty College Lancers,72
Marta Morales Romero,Providence Friars,72
Macy Mayer,Montana Tech Orediggers,72
Natalie Magallnes,Western New Mexico Mustangs,72
Mia Wilson,Christopher Newport University Captains,72
Natalia Martinez,San Diego State Aztecs,72
Carly Heidger,Loyola Marymount Lions,72
Gabby Hutcherson,Duquesne Dukes,72
Olivia Young,Brown Bears,72
Edessa Noyan,Virginia Cavaliers,72
Natalija Marshall,Miami Hurricanes,72
Sophie Swanson,Purdue Boilermakers,72
Tess Myers,Wisconsin Badgers,72
Hannah Kohn,Clemson Tigers,72
Loren Christie,Xavier Musketeers,72
Jadyn Wooten,Oklahoma State Cowgirls,72
Mia Woolfolk,Georgia Lady Bulldogs,72
Tamera Johnson,Penn State Lady Lions,72
Jayla Oden,Penn State Lady Lions,72
Meghan Kenefick,Central Connecticut Blue Devils,71
Dagny Slomack,Central Connecticut Blue Devils,71
Lauren Bailey,Gardner-Webb Runnin' Bulldogs,71
Taylor Napper,Radford Highlanders,71
Lydia Freeman,Grambling Lady Tigers,71
Zoe Cooper,Jackson State Lady Tigers,71
Jaida Belton,Texas Southern Tigers,71
Jaileyah Cotton,Jackson State Lady Tigers,71
Treasure Thompson,Texas Southern Tigers,71
Jeni Levine,South Carolina Upstate Spartans,71
Olivia Wagner,Winthrop Eagles,71
Lauren Scott,High Point Panthers,71
DaKiyah Sanders,Southern Jaguars,71
Laila Fair,Morgan State Lady Bears,71
Brianna Barnes,Maryland Eastern Shore Hawks,71
Franka Wittenberg,Canisius Golden Griffins,71
Aniya Hooker,Siena Saints,71
Tionna Lidge,Southern Jaguars,71
Yasmine Djibril,Canisius Golden Griffins,71
Maranda Nyborg,Bryant Bulldogs,71
Morgan Edwards,Cal State Northridge Matadors,71
Ivy Bales,American University Eagles,71
Linda Amaning,Saint Peter's Peacocks,71
Laila Grant,Saint Peter's Peacocks,71
Sydney Bourland,Cal Poly Mustangs,71
Carmen Richardson,East Tennessee State Bucs,71
Maren Louridas,Navy Midshipmen,71
Erin Maguire,Houston Christian Huskies,71
Nykesha Sanders,East Texas A&M Lions,71
Sydney-James Desroches,Eastern Illinois Panthers,71
Mallory McDermott,Western Illinois Leathernecks,71
Kiayra Ellis,McNeese Cowgirls,71
Ali Brigham,Bryant Bulldogs,71
Maraja Pass,Elon Phoenix,71
Carmen Yanez,UMBC Retrievers,71
Olivia Kulyk,NJIT Highlanders,71
Elena Pericic,App State Mountaineers,71
Talia Harris,Mercer Bears,71
Evan Miller,UNC Wilmington Seahawks,71
Kate Dennis,Ohio Bobcats,71
Nubia Benedith,Louisiana Ragin' Cajuns,71
Erica Adams,Cal State Northridge Matadors,71
Kendal Zeiter,UW-Parkside Rangers,71
Amiyah Barrow,Centenary (LA) Gentlemen,71
Andrea Jovicevic,Jessup University Warriors,71
Krista Andersen,Stanislaus State Warriors,71
Brayli Reimer,Crown College Storm,71
Cherrel Dorton,Arkansas Baptist Buffaloes,71
Zoe Nelson,UT Arlington Mavericks,71
Brooklyn Rewers,Hawai'i Rainbow Wahine,71
Nevaeh Ferrara Horne,North Dakota Fighting Hawks,71
Lauryn Scalice,Nelson Lions,71
Allison Deberry,Evergreen State Geoducks,71
Shelby Ricks,Bowie State Bulldogs,71
Ella Brubaker,Pepperdine Waves,71
Kira Chivers,Loyola Chicago Ramblers,71
Kamryn Jones,Louisiana Ragin' Cajuns,71
Charnita Brooks,Blue Mountain College Toppers,71
Jaylen Ponder,Coastal Carolina Chanticleers,71
Jermany Mapp,Queens University Royals,71
Gabby Moore,Bellevue University Bruins,71
Macie Taylor,Wright State Raiders,71
Bre'Yon White,Wichita State Shockers,71
Laynee Torres-Kahapea,Portland State Vikings,71
Bailey Stewart,Alice Lloyd College Eagles,71
Izzy Sullivan,Nevada Wolf Pack,71
Callie Cooper,Grand Canyon Lopes,71
Erin Woodson,Abilene Christian Wildcats,71
E'Laijah Brown,Edward Waters Tigers,71
Sidney McCrea,Northern Illinois Huskies,71
Alexis Smith,Davis & Elkins Senators,71
Kaydn Mew,La Sierra Golden Eagles,71
Aniyah Offutt,Life University Running Eagles,71
Amy Jackson,Cleary University Cougars,71
Dayana Mendes,Washington State Cougars,71
Amaya Oliver,Temple Owls,71
Amiah Simmons,San José State Spartans,71
Olivia Moore,Seattle U Redhawks,71
Sakhmet Lewis,Old Westbury Panthers,71
Jada Donaldson,Milwaukee Panthers,71
Nya Valentine,UL Monroe Warhawks,71
Mariana Espinosa,LeTourneau Yellow Jackets,71
Mimi McCollister,Arkansas State Red Wolves,71
Kaylah Turner,Temple Owls,71
Breonna Martinez,La Sierra Golden Eagles,71
Louis Volker,George Mason Patriots,71
Shannon Niles,Kentucky State Thorobreds,71
Maria Rodriguez,College Of Biblical Studies Ambassadors,71
Emily Klaczek,Rice Owls,71
Jasmine Pierce,Saint Elizabeth Eagles,71
Cydney Wright,Sewanee Tigers,71
Blessing King,Marshall Thundering Herd,71
Sylena Peterson,New Mexico State Aggies,71
Kenna Gibson,St. Thomas (TX) Celts,71
Rachel Cockman,Western Colorado Mountaineers,71
Zoli Khalil,VCU Rams,71
Isys Grady,Robert Morris Colonials,71
Walker Demers,North Dakota Fighting Hawks,71
Ava Arias,Carnegie Mellon Tartans,71
Faith Fedd-Robinson,Toledo Rockets,71
Tiasia McMillan,Stetson Hatters,71
Aubrie Rademacher,Montana Tech Orediggers,71
Arianna Jackson,Iowa State Cyclones,71
Ciante Downs,UL Monroe Warhawks,71
Olivia Falvey,Sewanee Tigers,71
Jacelyn Starks,IU Columbus Crimson Pride,71
Ni'Rah Clark,Akron Zips,71
Chandler Duncan,Defiance Yellow Jackets,71
Grace O'Gara,West Georgia Wolves,71
Karlee White,Harvard Crimson,71
Zeynep Ozel,Dartmouth Big Green,71
Que Huffman,Miami (OH)-Hamilton Harriers,71
Tamia Ugass,Kansas City Roos,71
Ravyn Ellis,St. Thomas (TX) Celts,71
Katie Beyer,Valparaiso Beacons,71
Kiki Smith,Arkansas Razorbacks,71
Lana Wenger,Portland State Vikings,71
Ashtyn Arnold,Bellevue University Bruins,71
Reagan Bass,Purdue Boilermakers,71
Jaelyn Morrison,Western New Mexico Mustangs,71
Haley Franklin,Millsaps Majors,71
Miah Meyer,Green Bay Phoenix,71
Romi Levy,South Florida Bulls,71
Mallorie Haines,Davidson Wildcats,71
Mackenzie Chatfield,Western Kentucky Lady Toppers,71
Shun'teria Anumele,Saint Louis Billikens,71
Tess Heal,Stanford Cardinal,71
Kennedy Cambridge,Ohio State Buckeyes,71
Julia Plata,Our Lady Of The Lake Saints,71
Taylor Gordon,Jarvis Christian Bulldogs,71
Regan Atkins,Slippery Rock The Rock,71
Marina Radocaj,Pacific Tigers,71
Abby Fleetwood,IU Columbus Crimson Pride,71
Katie Criswell,North Alabama Lions,71
Jala Morgan,Paine Lions,71
Nyamer Diew,Colorado Buffaloes,71
Kristin Vieselmeyer,Concordia Nebraska Bulldogs,71
Saige Stahl,Indiana State Sycamores,71
Kennedi Perkins,Marquette Golden Eagles,71
Delma Zita,UTEP Miners,71
Raegyn Conley,Wake Forest Demon Deacons,71
Lilly Meister,Indiana Hoosiers,71
Trinity White,Murray State Racers,71
Kailyn Gilbert,LSU Tigers,71
Peyton Scott,Oregon Ducks,71
Jenna Villa,Washington State Cougars,71
Madison Greene,Vanderbilt Commodores,71
Kristian Young,UIC Flames,71
Timea Gardiner,UCLA Bruins,71
Ines Sotelo,Michigan State Spartans,71
Jada Malone,Texas A&M Aggies,71
Lily Carmody,Butler Bulldogs,71
Tamia Jones,Wake Forest Demon Deacons,71
Lana McCarthy,Purdue Boilermakers,71
Maddi Cluse,Clemson Tigers,71
Chloe Mann,Cincinnati Bearcats,71
Sole Williams,Texas A&M Aggies,71
Natalie Leuzinger,Wisconsin Badgers,71
Raven Thompson,Clemson Tigers,71
Lilly Parke,Fairleigh Dickinson Knights,70
Kace Urlacher,Chicago State Cougars,70
Brianna Mead,Long Island University Sharks,70
Keana Foz,Wagner Seahawks,70
Cassie Gallagher,South Carolina Upstate Spartans,70
Natalie Johnson,St. Francis (PA) Red Flash,70
LaImani Simmons,UNC Asheville Bulldogs,70
Ronaltha Marc,Winthrop Eagles,70
Jocelyn Tate,Southern Jaguars,70
Kearra Jones,Mississippi Valley State Devilettes,70
Kiarra Henderson,Alcorn State Lady Braves,70
Elle Blatchford,Gardner-Webb Runnin' Bulldogs,70
Keshunti Nichols,Charleston Southern Buccaneers,70
Madison Adamson,Charleston Southern Buccaneers,70
Ciara Croker,Marist Red Foxes,70
Tegan Young,Manhattan Jaspers,70
Madison Ruff,Mount St. Mary's Mountaineers,70
Cire Worley,Coppin State Eagles,70
Kaiya Creek,Howard Bison,70
Madilyn Dogs,NJIT Highlanders,70
Lexi Rubel,UT Martin Skyhawks,70
Sierra Godbolt,Samford Bulldogs,70
Ajia James,North Carolina A&T Aggies,70
Tyrielle Williams,McNeese Cowgirls,70
Nikki Tom,UC Irvine Anteaters,70
Rose Caso,Merrimack Warriors,70
CeCe Thomas,Hampton Lady Pirates,70
Amy Cotton,Houston Christian Huskies,70
Marlie Dickerson,Niagara Purple Eagles,70
Trinity Williams,NJIT Highlanders,70
Kelly Tumlin,Cal State Northridge Matadors,70
Zyriah Price,Siena Saints,70
Kendall Folley,East Tennessee State Bucs,70
Sauda Ntaconayigize,Lafayette Leopards,70
Jasmine Payne,East Texas A&M Lions,70
Halee Smith,Lafayette Leopards,70
Laila Anderson,Elon Phoenix,70
Kendall Eddy,Holy Cross Crusaders,70
Shariah Gailes,Canisius Golden Griffins,70
Abbey Lindsey,UMass Lowell River Hawks,70
Aliah McWhorter,Ohio Bobcats,70
Tessa Chaney,Utah Valley Wolverines,70
Amhyia Moreland,New Mexico Lobos,70
Makiah Asidanya,UNC Greensboro Spartans,70
Olivia Tucker,Campbell Fighting Camels,70
Ava Ryncarz,John Carroll Blue Streaks,70
Lisa Tesson,Central Michigan Chippewas,70
Maddie Brillhart,Cumberland (TN) Bulldogs,70
Aaliyah Ringold,Thomas (GA) Night Hawks,70
Payton Rechlicz,Milwaukee Panthers,70
Wakiryah Daniels,Delta State Statesmen,70
Samantha Oase,Dickinson State (ND) Blue Hawks,70
Jaeden Brown,Southern Utah Thunderbirds,70
Molly Moffitt,UAB Blazers,70
Bre Sutton,Southern Miss Lady Eagles,70
Amira Brown,San José State Spartans,70
Chynell Mitchell,UT Rio Grande Valley Vaqueros,70
Grace Thybulle,Yale Bulldogs,70
Candice Lienafa,Davidson Wildcats,70
Faith Burch,Youngstown State Penguins,70
CeCe Legaspi,California Baptist Lancers,70
Mya Williams,Georgia State Panthers,70
Alyssa Staten,Northeastern Huskies,70
Elisabeth Peebles,Johns Hopkins University Blue Jays,70
Brynn Lusby,Incarnate Word Cardinals,70
MJ Bruno,Montana Lady Griz,70
Mackenzie Blackford,Duquesne Dukes,70
Megan Harkey,Pepperdine Waves,70
Natalie Rauwolf,Ripon College Red Hawks,70
Annie Ramil,Samford Bulldogs,70
Diamond Moore-Heath,Clinton College Golden Bears,70
Liisa Taponen,Akron Zips,70
Ines Bettencourt,Gonzaga Bulldogs,70
Sage Bridges-Bey,San Francisco State Gators,70
Kenadie Lee,Berry Vikings,70
Elise Hill,Tulsa Golden Hurricane,70
Demetria Prewitt,Central Michigan Chippewas,70
Taryn Wharton,Northern Iowa Panthers,70
Saniah Caldwell,Pennsylvania Quakers,70
Jocelyn Janda,Hiram Terriers,70
Kailee Mulkey,Texas Lutheran Bulldogs,70
Jess Finney,Loyola Chicago Ramblers,70
Mariyah Person,Cumberland (TN) Bulldogs,70
Mackenzie Carter,Arkansas Baptist Buffaloes,70
Mykah Anderson,West Georgia Wolves,70
Gracyn Hall,Emory & Henry Wasps,70
Kaiya Mack,Cal Lutheran Kingsmen,70
Comari Mitchell,Jacksonville Dolphins,70
Emma Boslet,Saint Joseph's Hawks,70
Saniya Keys,Oakwood Ambassadors,70
Nekhu Mitchell,George Mason Patriots,70
Jorey Buwalda,Milwaukee Panthers,70
Amber Abusbeih,Staten Island Dolphins,70
Danyell Booker,Tusculum Pioneers,70
Katie Vasecka,South Dakota State Jackrabbits,70
Kayla Gordon,Cumberland (TN) Bulldogs,70
Bree Robinson,James Madison Dukes,70
Nina Solomon,Fort Lauderdale Eagles,70
Lena Newby,St. Mary's (TX) Rattlers,70
Ka'Miah Pryor,Cedarville Yellow Jackets,70
Zakiya Stephenson,James Madison Dukes,70
Aryss Macktoon,La Salle Explorers,70
Allison Clarke,Loyola Marymount Lions,70
Jacy Reese,Jarvis Christian Bulldogs,70
Caitlyn Corley,Sul Ross State Lobos,70
Azyah Newson-Cole,IU Indianapolis Jaguars,70
Jessica Nerestant,Wiley Wildcats,70
Sydney Harris,Iowa State Cyclones,70
Zachara Perkins,Rutgers Scarlet Knights,70
Amani Coursey,Cheyney (PA) Wolves,70
Valentina Ojeda,VCU Rams,70
Rakia Lee,Texas College Steers,70
Sara Wohlgemuth,North Alabama Lions,70
Kiley Capstraw,Yale Bulldogs,70
Cassidy Arni,UW-Parkside Rangers,70
Jamisyn Stinson,North Florida Ospreys,70
Emily Wilson,Johnson University (TN) Royals,70
Alexis Andrews,Charlotte 49ers,70
Isabella Suero,Johnson & Wales (RI) Griffins,70
Jasmine Brown-Hagger,Illinois Fighting Illini,70
Madison Torres,Life Pacific Warriors,70
Ashlyn Jones,Louisiana Ragin' Cajuns,70
Anisha Chintala,Carnegie Mellon Tartans,70
Jamia Hazell,James Madison Dukes,70
Lina Pagan,Bluefield University Ramblin' Rams,70
Jayden Burns,Post University Eagles,70
Kyrah Davis,Johnson & Wales (NC) Wildcats,70
Ella Van Weelden,Northern Colorado Bears,70
Addisyn Freeman,Findlay Oilers,70
Andjela Matic,Duquesne Dukes,70
Emily Archibald,Providence Friars,70
Sara Lewis,George Washington Revolutionaries,70
Tayla Yost,Corban University Warriors,70
Tanasha Mills,Dominican (NY) Chargers,70
Molly Lenz,North Dakota State Bison,70
A'Niya Young,Fisk Bulldogs,70
Larken Hoar,Park University Gilbert Buccaneers,70
Rahkhia Mack,Southern Wesleyan Warriors,70
Ava Hawthorne,Drake Bulldogs,70
Makiyah Williams,UIC Flames,70
Elsa Lemmila,Ohio State Buckeyes,70
Annika Stewart,Minnesota Golden Gophers,70
Averi Kroenke,Missouri Tigers,70
Jordan Lee,Texas Longhorns,70
Liz Scott,Oklahoma Sooners,70
Talayah Walker,Penn State Lady Lions,70
Amaya Williams,Central Connecticut Blue Devils,69
Selina Monestime,Central Connecticut Blue Devils,69
Eli Clark,Le Moyne Dolphins,69
Taleah Washington,Wagner Seahawks,69
Makayla Firebaugh,Radford Highlanders,69
Alaina Nettles,Charleston Southern Buccaneers,69
Ivet Subirats,Florida A&M Rattlers,69
Soniyah Reed,Southern Jaguars,69
Rebekah Gordon,South Carolina Upstate Spartans,69
Zy'Nyia White,Alcorn State Lady Braves,69
Aysia Hinton,North Carolina Central Eagles,69
Shelby Fiddler,Presbyterian Blue Hose,69
Crystal Schultz,Prairie View A&M Lady Panthers,69
Deivejon Harris,Texas Southern Tigers,69
Nikola Zdenkova,Saint Peter's Peacocks,69
Jessica Grant,UC Santa Barbara Gauchos,69
Najah Lane,Delaware State Hornets,69
Shaunice Reed,South Carolina State Lady Bulldogs,69
Mireia Yespes,McNeese Cowgirls,69
Semaya Turner,Towson Tigers,69
Cha Gardner,Stephen F. Austin Ladyjacks,69
Chantelle Stuart,Furman Paladins,69
Ally Criddle,Utah Valley Wolverines,69
Aliya McIver,Rider Broncs,69
Hannah Wickstrom,UC Riverside Highlanders,69
Laura Nogues,American University Eagles,69
Caroline Dotsey,Maine Black Bears,69
Kendall McGruder,Fairfield Stags,69
Jo Oly,Houston Christian Huskies,69
Kiki Roberts,Tennessee State Lady Tigers,69
Shelby Calhoun,Stetson Hatters,69
LaNae' Corbett,Hofstra Pride,69
Ola Ustowska,Wyoming Cowgirls,69
Monet Dance,William & Mary Tribe,69
Tierra Sylvas,Southern-New Orleans Knights,69
Caranda Perea,Quinnipiac Bobcats,69
Lauryn Milne,Wisconsin-La Crosse Eagles,69
Cheyenne Rowe,UTSA Roadrunners,69
Alexis Durham,Mount Olive Trojans,69
Tomi Hinkle,Tiffin Dragons,69
Maddie Vejsicky,Akron Zips,69
Hali Savela,Jamestown Jimmies,69
Kiandra Browne,Duquesne Dukes,69
Ella Sellars,Cedarville Yellow Jackets,69
Belen Morales Lopez,New Hampshire Wildcats,69
Kailyn Fields,Kennesaw State Owls,69
Tracey Bershers,UAB Blazers,69
Anja Bukvic,Idaho Vandals,69
Grace Ann Rose,Faulkner Eagles,69
Destiny Whitaker,Incarnate Word Cardinals,69
Alexis Giles,Point Park Pioneers,69
Gabby Wilke,South Dakota Coyotes,69
Arin Freeman,UIC Flames,69
Bella Weary,Arkansas State Red Wolves,69
Lauren Huber,Holy Cross Crusaders,69
Jess Bickart,Allegheny Gators,69
Kylee Mabry,Utah Valley Wolverines,69
Kennedy Perkins,Whittier Poets,69
Ruba Abo Hashesh,Bradley Braves,69
Tamana Sharifi,Lincoln (CA) Oaklanders,69
Aaniya Webb,Tennessee State Lady Tigers,69
Kailey Starks,Detroit Mercy Titans,69
Talia Davis,UMBC Retrievers,69
Halle Smith,SIU Edwardsville Cougars,69
Kamaria Murray,Oakwood Ambassadors,69
Gabby Martin,Miami (OH)-Hamilton Harriers,69
Rhyan Mogel,Portland Pilots,69
Kalla Bertram,Black Hills State Yellow Jackets,69
Erika Aspajo,Cal State Northridge Matadors,69
Dianis Hurtado,Life University Running Eagles,69
Grace Abercrombie,Northeastern State RiverHawks,69
Eunice Silong,Bryant & Stratton Bobcats,69
Nnenna Orji,Cal State Northridge Matadors,69
Paris Atuahene,Emmanuel (MA) Lions,69
Zaire Harrell,Kansas City Roos,69
Diawna Carter-Hartley,Stetson Hatters,69
Mallory Bruce,Coastal Carolina Chanticleers,69
Jordan Hodges,Liberty Flames,69
Amyria Walker,South Alabama Jaguars,69
Jamie Cowan,Alice Lloyd College Eagles,69
Tia Dobson,UNC Wilmington Seahawks,69
Shaunae Brown,Arkansas State Red Wolves,69
Ayden Krupke,Bushnell Beacons,69
Taedom Stein,Cleary University Cougars,69
Kiana Rios,Saint Martin's Saints,69
Ever Walker,Cumberland (TN) Bulldogs,69
Bibi Mercado,Trinity Christian (IL) Trolls,69
Claire McDougall,Bradley Braves,69
Sky Dugan,UNT Dallas Trailblazers,69
McKeeley Tonkin,Warner Pacific Knights,69
Angena Belloso,Florida International Panthers,69
Asia Pearley,Southern Wesleyan Warriors,69
Jayla Dendy,Paine Lions,69
Jacee Glasgow,Crown College Storm,69
Ava Lickliter,Goshen Maple Leafs,69
Hunter Conway,Lincoln (PA) Lions,69
Sandra Frau-Garcia,UIC Flames,69
Shae Mercer,Haverford Fords,69
Toree Jackson,Harris-Stowe State Hornets,69
Claire Gregwer,Aquinas Saints,69
Allison Owens,Texas A&M-Texarkana Eagles,69
Addison Harris,Montana State Bobcats,69
Jenna Bowers,IU Columbus Crimson Pride,69
Sadie Shores,Tulane Green Wave,69
Sydnie Rodriguez,Seattle U Redhawks,69
Kyra Bruyndoncx,Davidson Wildcats,69
Devin Hagemann,East Carolina Pirates,69
Raynne Malik,St. Mary's (TX) Rattlers,69
Anya Poole,Clemson Tigers,69
Leilani Guion,Troy Trojans,69
Tatyana Lewis,Warren Wilson Owls,69
Summah Evans,Clemson Tigers,69
Morgan Aylsworth,Crown College Storm,69
Anala Nelson,Austin Peay Governors,69
Kylee Blacksten,West Virginia Mountaineers,69
Brooke Blumenfeld,Northern Illinois Huskies,69
Jenna Guyer,Green Bay Phoenix,69
Ornella Niankan,Wichita State Shockers,69
Maria Dias,Idaho State Bengals,69
Kylie Krise,Chadron State Eagles,69
Alexandra Eldredge,Dartmouth Big Green,69
Avery Lee,Yale Bulldogs,69
Jordan Bravo,McMurry War Hawks,69
Mya Petticord,Rutgers Scarlet Knights,69
Caitlyn Dickerson,Bob Jones Bruins,69
Lily Shepherd,Ohio Christian Trailblazers,69
Kayl Petersen,Virginia Tech Hokies,69
Savannah Huerta,Park University Gilbert Buccaneers,69
Madison Mcdonald,Oakwood Ambassadors,69
Kambree Barber,BYU Cougars,69
Helena Rafnsdottir,North Florida Ospreys,69
Elauna Eaton,Memphis Tigers,69
Ava Kobus,Allegheny Gators,69
Madelyn Bischoff,Ball State Cardinals,69
Brooklynn Hankwitz,Montana Tech Orediggers,69
Rhys Anderson,Central Baptist College Mustangs,69
Adiya Jones,Buffalo State Bengals,69
Olivia Hutcherson,Princeton Tigers,69
Alyse Aby,Idaho State Bengals,69
Emaleigh Tarpley,Cumberland (TN) Bulldogs,69
Mya Wasswa,Coker Cobras,69
Kayleigh Heckel,USC Trojans,69
Petra Oborilova,Xavier Musketeers,69
Berry Wallace,Illinois Fighting Illini,69
Lisa Thomas,Kansas City Roos,69
Tabitha Betson,Colorado Buffaloes,69
Thoranna Kika Hodge-Carr,Loyola Chicago Ramblers,69
Krystyna Ellew,UIC Flames,69
Pien Steenbergen,Liberty Flames,69
Marisa Chapman,Yale Bulldogs,69
Phoenix Gedeon,St. John's Red Storm,69
Johanna Teder,Colorado Buffaloes,69
Kennedy Townsend,Creighton Bluejays,69
Kaydan Lawson,Seton Hall Pirates,69
Kennedy Fauntleroy,Arizona State Sun Devils,69
Jane Nwaba,Vanderbilt Commodores,69
Janae Kent,Texas A&M Aggies,69
Brianna Williams,Le Moyne Dolphins,68
Frances Ulysse,Longwood Lancers,68
Saniya Jones,Charleston Southern Buccaneers,68
Jada Tiggett,North Carolina Central Eagles,68
Cyanne Coe,Fairfield Stags,68
Taylor Smith,Alabama State Lady Hornets,68
Jordyn Williams,Niagara Purple Eagles,68
Brianna Davis,Manhattan Jaspers,68
Toni Papahronis,Navy Midshipmen,68
Martina Boba,Bryant Bulldogs,68
De'Naya Rippey,Saint Peter's Peacocks,68
Sharonica Hartsfield,Grambling Lady Tigers,68
Jael Butler,Morgan State Lady Bears,68
Tiny Lewis,Eastern Illinois Panthers,68
Jada Session,Furman Paladins,68
Kaitlyn Bryant,Alabama State Lady Hornets,68
Gracie Kelsey,Lindenwood Lions,68
Winner Bartholomew,Rider Broncs,68
Shiho Isono,Incarnate Word Cardinals,68
Brianna Wooldridge,SIU Edwardsville Cougars,68
Nabaweeyah McGill,Texas A&M-Corpus Christi Islanders,68
Breanna Davis,Abilene Christian Wildcats,68
Taylin Smith,Southern Wesleyan Warriors,68
Ellie Martin,Warren Wilson Owls,68
Kacee Kyle,Cedarville Yellow Jackets,68
Tessa Kinney,Simpson University (CA) Red Hawks,68
Caroline Mullins,UVA Wise Cavaliers,68
Katie Keitges,Omaha Mavericks,68
Cailynn Dilosa,Harris-Stowe State Hornets,68
Jasmine Edwards,Detroit Mercy Titans,68
Olivia Brown,Wright State Raiders,68
Gabrielle Joyner,Oakland City Mighty Oaks,68
Victoria Barrera,Eastern New Mexico Greyhounds,68
Imani Smith,Charlotte 49ers,68
Marissa Brown,Charleston Cougars,68
Tabitha Amanze,Princeton Tigers,68
Sheridan Liggett,Seattle U Redhawks,68
Daelyn Craig,Nicholls Colonels,68
Lyndie Ramsey,Emory & Henry Wasps,68
Ilse de Vries,Miami (OH) RedHawks,68
Destiny Wallace,Georgian Court University Lions,68
Jenae Dublin,Hampton Lady Pirates,68
Emerson Green,Northern Iowa Panthers,68
Tahmala Thorpe,Slippery Rock The Rock,68
Tatyana Wyche,East Carolina Pirates,68
Alexa Quirolo,Staten Island Dolphins,68
Shiya Hoosier,Kentucky Wesleyan Panthers,68
Amani Abuhatab,Mercy Mavericks,68
Bailey Garbee,American University Eagles,68
Katey Richason,Miami (OH) RedHawks,68
Shannon Fornshell,Drake Bulldogs,68
Gia Powell,Brown Bears,68
Taylor Bowen,Lipscomb Bisons,68
Helana Chadwick,McMurry War Hawks,68
Ella Johnson,Montana State Bobcats,68
Natalie Picton,Montana State Bobcats,68
Mackenzie Daleba,La Salle Explorers,68
Natalee Trevino,Walla Walla Wolves,68
Amanda Crowninshield,UT Dallas Comets,68
Dominique Cabading,Occidental Tigers,68
Georgia Grigoropoulou,Santa Clara Broncos,68
Jolene Armendariz,La Salle Explorers,68
Whitney Dunn,Sam Houston Bearkats,68
Jordan Wakefield,Towson Tigers,68
Bre'Anna Rhodes,Jacksonville State Gamecocks,68
Garrisen Freeman,Cal State Bakersfield Roadrunners,68
Issy Morgan,Davidson Wildcats,68
Anyssa Jones,Ohio Bobcats,68
Allie Stockton,Findlay Oilers,68
Macey Huard,Oklahoma State Cowgirls,68
Lara Edmanson,Villanova Wildcats,68
Terren Coffil,South Alabama Jaguars,68
Maya Linton,UTSA Roadrunners,68
Jordan Reid,Purdue Fort Wayne Mastodons,68
Brooke Moore,Liberty Flames,68
Sara-Rose Smith,Colorado Buffaloes,68
Caroline Orza,Haverford Fords,68
Kamryn Wilson,Lamar Cardinals,68
Doneelah Washington,Illinois State Redbirds,68
Brinley Cannon,BYU Cougars,68
Aurora Sorbye,Wake Forest Demon Deacons,68
Anii Harris,Virginia St Trojans,68
Aniah Alexis,Rice Owls,68
Mara Johnson,Bryn Athyn Lions,68
Chasity Woodard,Arkansas Baptist Buffaloes,68
Mia Simpson,Indiana State Sycamores,68
Abbey Schreacke,Missouri Tigers,68
Kassidy Broussard,Tennessee Southern Firehawks,68
Palmire Mbu,Rhode Island Rams,68
Cate MacDonald,Dartmouth Big Green,68
Aizhanique Mayo,Xavier Musketeers,68
Hannah Manzaro,Worcester State Lancers,68
Hallie Turner,Bethel (TN) Wildcats,68
Awa Sidibe,Rutgers Scarlet Knights,68
Kaniya Boyd,Tennessee Lady Volunteers,68
Tess Darby,Tennessee Lady Volunteers,68
Courtney Lumpkins,Fisk Bulldogs,68
Kamora Morgan,Northern Kentucky Norse,68
KP Parr,Wichita State Shockers,68
Izabella Zingaro,Montana Lady Griz,68
Lauryn Swann,Arizona Wildcats,68
Nyah Wilson,Missouri Tigers,68
Bell Martinez,Schreiner Mountaineers,68
Taylor Turner,Johnson C Smith Golden Bulls,68
Teniyah Crenshaw-Patterson,Randolph College Wildcats,68
Millinda Arguellez,University of The Southwest Mustangs,68
Angela Slattery,Dakota State Trojans,68
Dynasty Shegog,Southern Wesleyan Warriors,68
Madison Greene,Ohio State Buckeyes,68
Alyssa Clutter,North Alabama Lions,68
Amaya Bonner,Florida State Seminoles,68
Kamari Sims,George Washington Revolutionaries,68
Maliyah Johnson,Ball State Cardinals,68
Aliya Grotjohn,Central Baptist College Mustangs,68
Taliyah Logwood,Utah State Aggies,68
Maggie Vick,Pepperdine Waves,68
Kaniya Moore,Arkansas Baptist Buffaloes,68
Riley Makalusky,Butler Bulldogs,68
Shakara McCline,DePaul Blue Demons,68
Ines Noguero,Georgia Tech Yellow Jackets,68
Sara Puckett,Tennessee Lady Volunteers,68
Courtney Ogden,Stanford Cardinal,68
Jazion Jackson,Arizona State Sun Devils,68
Angelie Ricard,Wagner Seahawks,67
Megan Sias,Stonehill Skyhawks,67
Darian Burgin,Alabama A&M Bulldogs,67
Daeja Holmes,Texas Southern Tigers,67
Janessa Kelley,Bethune-Cookman Wildcats,67
Taylor Wilkins,UNC Asheville Bulldogs,67
Amari Franklin,Alabama State Lady Hornets,67
Gabrielle Johnson,Morgan State Lady Bears,67
Briontanay Marshall,Arkansas-Pine Bluff Golden Lions,67
Kendall Scott,Gardner-Webb Runnin' Bulldogs,67
Sierra Linnin,Le Moyne Dolphins,67
Shimei Muhammad,Charleston Southern Buccaneers,67
Amauri Williams,Prairie View A&M Lady Panthers,67
Alana Swift,UNC Asheville Bulldogs,67
Jade Rutledge,Niagara Purple Eagles,67
Mia Fiore,Merrimack Warriors,67
Adelyn Traylor-Walker,Radford Highlanders,67
AC Markham,South Carolina Upstate Spartans,67
Shariah Baynes,Towson Tigers,67
Michaela Bogans,Morgan State Lady Bears,67
Tamaria Rumph,Morgan State Lady Bears,67
Jordan Brooks,Bethune-Cookman Wildcats,67
Sera Hodgson,Maine Black Bears,67
Jaiden Bryant,SIU Edwardsville Cougars,67
Madi Webb,Southern Indiana Screaming Eagles,67
Myriam Traore,Siena Saints,67
Tessa Engelman,Mount St. Mary's Mountaineers,67
Raina McGowens,Furman Paladins,67
Tyler Gray,Coppin State Eagles,67
Anete Adler,Boston University Terriers,67
Tasha Chudy,Lafayette Leopards,67
Janaia Fargo,Hofstra Pride,67
Jiya Perry,Delaware Blue Hens,67
Leah Middleton,Binghamton Bearcats,67
Ryann Bennett,UC Davis Aggies,67
Naya Ojukwu,Morgan State Lady Bears,67
Catherine Chick,Colby-Sawyer Chargers,67
Maggie Cavanaugh,New Hampshire Wildcats,67
Gabbi Cartagena,New Orleans Privateers,67
Claudia Fiel,California Baptist Lancers,67
Lydia Melaschenko,Merrimack Warriors,67
Jaelyn West,King (TN) Tornado,67
Kadance Blankers,Evergreen State Geoducks,67
Mikee Buchanan,Bethel (TN) Wildcats,67
Tatiana Thomas,Kent State Golden Flashes,67
Tatum Walker,Howard Payne Yellow Jackets,67
Maddie LaFrance,Bloomsburg Huskies,67
Lauren Filien,Stony Brook Seawolves,67
Randrea Wright,Central Arkansas Sugar Bears,67
Talia DePetrillo,Iona Gaels,67
Aubrey Blankenship,Samford Bulldogs,67
Taylor Anderson,Central Michigan Chippewas,67
Megan Gray,Hendrix College Warriors,67
Sarah Brans,Idaho Vandals,67
Layla Powell,Centenary (LA) Gentlemen,67
Rhian Stokes,Saint Joseph's Hawks,67
Sitota Gines,Buffalo Bulls,67
Kylie Grassi,Bridgewater State (MA) Bears,67
Loy Waid,Northwest Nazarene Nighthawks,67
Abby Conlee,Westminster (UT) Griffins,67
Marley Hughes,Viterbo V-Hawks,67
Kemari Reynolds,Monmouth Hawks,67
Catie Cunningham,Marist Red Foxes,67
Jewel Jones,LSU Alexandria Generals,67
Ashley Hiraki,Cal Poly Mustangs,67
Anna Przyszlak,La Salle Explorers,67
Alexis Cortez,Air Force Falcons,67
Mackenzie Williams,Blue Mountain College Toppers,67
Camille Dominick,Pittsburgh-Johnstown Mountain Cats,67
Alana Goodchild,Santa Clara Broncos,67
Alexis Davis,Buffalo Bulls,67
Elsie Harris,Jacksonville State Gamecocks,67
Maxine Engel,George Washington Revolutionaries,67
Emily Hege,App State Mountaineers,67
Avery Mills,Liberty Flames,67
Tayla Dalton,Gonzaga Bulldogs,67
Maria Sanchez Ponce,Jacksonville State Gamecocks,67
Albany Wilson,Erskine Flying Fleet,67
Kay Donahue,Lafayette Leopards,67
Mia 'Uhila,Hawai'i Rainbow Wahine,67
Dorothy Wiese,Staten Island Dolphins,67
Kayla Smith,Mercer Bears,67
Nikki Thompson,Simpson University (CA) Red Hawks,67
Riley Rismiller,Kent State Golden Flashes,67
Jenna Kilty,Cal State Northridge Matadors,67
Emery Baragona,Johnson University (TN) Royals,67
Zaniyyah Ross-Barnes,Shaw Bears,67
Greta Miller,Johns Hopkins University Blue Jays,67
Ava Stoller,SIU Edwardsville Cougars,67
Madison Davis,Western Illinois Leathernecks,67
Dayuna Colvin,Queens University Royals,67
Grace Arcoleo,Union Garnet Chargers,67
Sami Kim,Walsh Cavaliers,67
Makayla Edwards,Jacksonville Dolphins,67
Debora dos Santos,San Francisco Dons,67
Arianna Patton,SE Louisiana Lady Lions,67
Elise Livingston,Utah State Aggies,67
Morgann Gardner,Omaha Mavericks,67
Merissah Russell,Louisville Cardinals,67
Anna Garfield,Bethel (MN) Royals,67
Avery Kelley,Evansville Purple Aces,67
Myajae Eubanks,Cumberland (TN) Bulldogs,67
Bukky Akinsola,Georgia Southern Eagles,67
Lanie Grant,North Carolina Tar Heels,67
Ndjakalenga Mwenentanda,Texas Longhorns,67
Denaira Williams,UNC Pembroke Braves,67
Timberlynn Yeast,Marshall Thundering Herd,67
Nina Minicozzi,Dartmouth Big Green,67
Mary Ashley Stevenson,Stanford Cardinal,67
Nevaiah Bell-Tenner,Culver-Stockton Wildcats,67
Emma Shumate,Michigan State Spartans,67
Julia Riley,Northern Colorado Bears,67
Clara Gonzalez Planella,Jacksonville State Gamecocks,67
Beth Nelson,Brown Bears,67
Gia Bradley,Colorado-Colorado Springs Mountain Lions,67
Imbie Jones,Nevada Wolf Pack,67
Haven Verrett,Jarvis Christian Bulldogs,67
Ornela Muca,Pepperdine Waves,67
Sophie Sene,Utah State Aggies,67
Tinasia Spencer,Chowan Hawks,67
Isabella Caceres,Hiram Terriers,67
Mya Hansen,Boise State Broncos,67
Aliyah Matharu,Baylor Bears,67
Michiyah Simmons,South Alabama Jaguars,67
Khila Morris,Troy Trojans,67
Sophie Costello,Rensselaer Engineers,67
Hermione Hicks,Florida National Conquistadors,67
Loghan Johnson,Texas Tech Lady Raiders,67
Azareya Kilgoe,Cornell Big Red,67
Lydia Chatira,Harvard Crimson,67
Eleecia Carter,UAB Blazers,67
Marija Avlijas,Columbia Lions,67
Kaysia Woods,SMU Mustangs,67
Montaya Dew,Arizona Wildcats,67
Grace Townsend,North Carolina Tar Heels,67
Alyssa Latham,Tennessee Lady Volunteers,67
Leilani Augmon,Houston Cougars,67
Diana Collins,Alabama Crimson Tide,67
Shayeann Day-Wilson,LSU Tigers,67
Tatum Greene,Boston College Eagles,67
Liza Karlen,Notre Dame Fighting Irish,67
Emily Florvil,Le Moyne Dolphins,66
Yanessa Boyd,St. Francis (PA) Red Flash,66
Mikayla Hutchinson,Prairie View A&M Lady Panthers,66
Megan Bodziony,Le Moyne Dolphins,66
Shakira Baskerville,High Point Panthers,66
Alanah Pooler,Alabama State Lady Hornets,66
Diaka Berete,Jackson State Lady Tigers,66
Dom Nesland,High Point Panthers,66
Tania Allen,Chicago State Cougars,66
Ce'nara Skanes,Maryland Eastern Shore Hawks,66
Nalyce Dudley,Sacred Heart Pioneers,66
Kristyna Boyd,Arkansas-Pine Bluff Golden Lions,66
Grace LaBarge,Quinnipiac Bobcats,66
Marissa Shelton,St. Francis (PA) Red Flash,66
Camryn Fauria,Binghamton Bearcats,66
Malia Lenz,Vermont Catamounts,66
Nyah Willis,Charleston Cougars,66
Circe Rubio Remolar,Delaware State Hornets,66
Emilee Tahata,Rider Broncs,66
Sidney Richards,Cal Poly Mustangs,66
Taniya McGowan,South Carolina State Lady Bulldogs,66
Julia Corsentino,Marist Red Foxes,66
Erin Martin,Tennessee State Lady Tigers,66
Jazmyn Stone,Charleston Cougars,66
McKenzie Stewart,Delaware State Hornets,66
Mya Pierfax,Winthrop Eagles,66
Khloe Lemon,California Baptist Lancers,66
Jaye Haynes,Monmouth Hawks,66
Bella McLaughlin,Boston University Terriers,66
Molly Sheehan,SIU Edwardsville Cougars,66
Nia Jordan,Prairie View A&M Lady Panthers,66
Caitlyn Panuco,Howard Payne Yellow Jackets,66
Ella Haney,Maryville College (TN) Fighting Scots,66
Isabella Hunt,East Tennessee State Bucs,66
Rose Morse,Cal State San Marcos Cougars,66
Aaliyah Henderson,Texas Southern Tigers,66
Jasmine Jones,New Orleans Privateers,66
Cree Mcclemore,Texas College Steers,66
Mia Flor,Wofford Terriers,66
Grace Gavin,Sewanee Tigers,66
Tamara Christmas,Central Baptist College Mustangs,66
Maliah Preston,Johnson & Wales (NC) Wildcats,66
Nataya Lockett,Eastern New Mexico Greyhounds,66
Sarah Talon,Maine Black Bears,66
Naj White,Post University Eagles,66
Makayla Blake,Saint Michael's Purple Knights,66
Tyreona Sibley,SE Louisiana Lady Lions,66
Caitlynn Jordan,Oklahoma Christian University Eagles,66
Julianna Walter,Guilford Quakers,66
Kyla Cruz Baez,Florida National Conquistadors,66
Janae Tyler,Kent State Golden Flashes,66
Kylie Fleet,Paine Lions,66
Joerdan Thomas,St. Thomas (TX) Celts,66
Dakieren Turner,Maryland Eastern Shore Hawks,66
Hannah Fields,Houston Christian Huskies,66
Dylan Philip,Montana State Bobcats,66
Lore Porter,Niagara Purple Eagles,66
Austin Johnson,North Greenville Crusaders,66
Jalyssa Carrasco,Roosevelt Lakers,66
Tori Younker,Corban University Warriors,66
Kyla Smith,Trinity Christian (IL) Trolls,66
Kennadi Harris,Lake Erie Storm,66
Mia Wysong,North Greenville Crusaders,66
Mya Miller,Columbia College (MO) Cougars,66
Morgon Webb,Coastal Georgia Mariners,66
Mary Gibbons,Navy Midshipmen,66
Brialle Washington,New Orleans Privateers,66
Lexi Starr,Indiana-Southeast Grenadiers,66
Caitlin Travis,Loyola New Orleans Wolfpack,66
Shalayne Nagel,Dakota Wesleyan Tigers,66
Taylor Smith,Frostburg State Bobcats,66
Jade Clack,Tulsa Golden Hurricane,66
Nyah Lowery,Pacific Tigers,66
Tykara Harrison,St. Francis (IL) Fighting Saints,66
Nia Howard,UNC Greensboro Spartans,66
Demonnie Lagway,Cal State Fullerton Titans,66
Libby Privett,Wofford Terriers,66
Azjah Reeves,McNeese Cowgirls,66
Alli Dioli,Cal State Bakersfield Roadrunners,66
Daniela Lopez,Xavier Musketeers,66
Jabrica Leslie,Clinton College Golden Bears,66
Alice Curman,Southern Illinois Salukis,66
Kayla Lorenz,UT Rio Grande Valley Vaqueros,66
Coryn Fromm,St. Francis (IL) Fighting Saints,66
Mir McLean,Maryland Terrapins,66
Chloe Briggs,Washington Huskies,66
Alexia Dizeko,Florida Gators,66
Haylee Sethman,Simpson University (CA) Red Hawks,66
MG Lymon,Loyola New Orleans Wolfpack,66
Lalani Ellis,Eastern Illinois Panthers,66
Sierra Johnson,Sacred Heart Pioneers,66
Aileen Marquez,Morehead State Eagles,66
Emme Boots,Goshen Maple Leafs,66
Carly Keats,Arkansas Razorbacks,66
Bella Larrison,Anderson (IN) Ravens,66
Kathryn Scottland,Faulkner Eagles,66
Breyonce' Jim,Southeastern Baptist College Chargers,66
Malia Melton,Oglethorpe Stormy Petrels,66
Dasiya Jones,Colorado Christian Cougars,66
Jasmine Singleton,San José State Spartans,66
Chloe Williams,Winston-Salem Rams,66
Skylar Groesbeck,Warner Pacific Knights,66
Olivia Poulivaati,Nevada Wolf Pack,66
Luka Malinka,Roosevelt Lakers,66
Morgan Kelson,Livingstone Blue Bears,66
Emily Hall,Akron Zips,66
Kyah Smith,Navy Midshipmen,66
Nekaya Williams,Edward Waters Tigers,66
Erin Toller,Bellarmine Knights,66
Sumer Lee,DePaul Blue Demons,66
Amiah Hargrove,Nebraska Cornhuskers,66
Jada Hunter,Saint Mary's Gaels,66
Jourdyn Wynn,Defiance Yellow Jackets,66
Sylvia Kahoro,Berry Vikings,66
Esther Little,Gonzaga Bulldogs,66
Paris Guillory,McNeese Cowgirls,66
Keimarya Rivera,Oglethorpe Stormy Petrels,66
Riley Stack,Coastal Carolina Chanticleers,66
Lauren Davenport,BYU Cougars,66
Taylor Schwab,Arizona Christian Firestorm,66
Ahrianna Scott,Erskine Flying Fleet,66
Weronika Swojak,Warren Wilson Owls,66
Lauren Scott,Wright State Raiders,66
Kyleigh McGuire,Sam Houston Bearkats,66
Symere Shelton,La Sierra Golden Eagles,66
Royjeannae Graves,College Of Biblical Studies Ambassadors,66
De'Ashaj Crawford,Johnson & Wales (NC) Wildcats,66
Riley Holliday,Lincoln (PA) Lions,66
Mikyah Finley,Shaw Bears,66
Destiny Robinson,Toledo Rockets,66
Cami Fulcher,San Francisco Dons,66
La'Niya Simes,Winston-Salem Rams,66
Abigail Wright,Harvard Crimson,66
Symone Harrell,St. Francis (IL) Fighting Saints,66
Jacklyn Kulow,Jessup University Warriors,66
Xoe Rosalez,Youngstown State Penguins,66
Me'Arah O'Neal,Florida Gators,66
Kallie Theisen,South Dakota State Jackrabbits,66
Roxane Makolo,Georgia Lady Bulldogs,66
Mailien Rolf,Arizona Wildcats,66
Quanirah Montague,Mississippi State Bulldogs,66
Alexis Whitfield,Oregon Ducks,66
Aaliyah Roberson,TCU Horned Frogs,66
Julianna Gibson,St. Francis (PA) Red Flash,65
Evangelina Parrish,Chicago State Cougars,65
Lucia Noin,Central Connecticut Blue Devils,65
Adriana Shipp-Davis,Radford Highlanders,65
Cici Hernandez,Mercyhurst Lakers,65
D'Shantae Edwards,Southern Jaguars,65
Andrea Martinez,Gardner-Webb Runnin' Bulldogs,65
Marina Artero,St. Francis (PA) Red Flash,65
Harris Robinson,St. Francis (PA) Red Flash,65
Raiana Brown,Fairfield Stags,65
Emily Strachan,Cal State Fullerton Titans,65
Carmen Williams,Sacred Heart Pioneers,65
Asha Walker,Chicago State Cougars,65
Kristina Juric,Manhattan Jaspers,65
Zoe Tillery,UC Riverside Highlanders,65
T'Aaliyah Miner,Lamar Cardinals,65
Ella Lune,Eastern Illinois Panthers,65
Natalie Larranaga,Northeastern Huskies,65
Maria Sanchez Pitarch,Northeastern Huskies,65
O'Mariyah Tucker,Alabama State Lady Hornets,65
Skylar Bailey,UNC Asheville Bulldogs,65
Shamya Champ,Jarvis Christian Bulldogs,65
Gianna Angiolet,UT Rio Grande Valley Vaqueros,65
Delanie Hill,UAlbany Great Danes,65
Mata Peaua,Weber State Wildcats,65
Paris Miller,Nelson Lions,65
Crystin Guy,Blue Mountain College Toppers,65
Dannah Martin-Hartwick,LSU Alexandria Generals,65
Daniella Velez,Presbyterian Blue Hose,65
Saige Gibb,Utah Valley Wolverines,65
Aspen Thornton,UT Arlington Mavericks,65
Jelena Perovic,Union Garnet Chargers,65
Elena Cabello,Eastern Michigan Eagles,65
Anna Camden,Richmond Spiders,65
Faith Hayward,Bob Jones Bruins,65
Nia Hardison,Northwestern State Lady Demons,65
Chrysta Narcisse,South Alabama Jaguars,65
Emilee Proctor,Wiley Wildcats,65
Asiah Baxter,Ohio Bobcats,65
Nicole Kamin,Grand Valley State Lakers,65
Marta Espinal,Loyola Maryland Greyhounds,65
Mikaylah Manley,Southern Miss Lady Eagles,65
Ally Schimel,Oregon State Beavers,65
Filipa Calisto,George Washington Revolutionaries,65
Nia Green,Morgan State Lady Bears,65
Renna Schwieterman,Purdue Fort Wayne Mastodons,65
Lucia Melero Sabat,New Hampshire Wildcats,65
Jordyn Stokes,Chadron State Eagles,65
Sidney Folkenberg,Walla Walla Wolves,65
Saniya Burks,Texas State Bobcats,65
Cambree Blackham,Utah Valley Wolverines,65
XaiOnna Whitfield,Tennessee State Lady Tigers,65
Gemma LaVergne,Corban University Warriors,65
Mikiyah Mallet,Cheyney (PA) Wolves,65
Karly Sweeney,Indiana-Southeast Grenadiers,65
Aima Ofunrein,Brown Bears,65
Shannon Wheeler,Dayton Flyers,65
Kenzie Sirowich,Alaska Anchorage Seawolves,65
Alexa Lora,Johnson & Wales (RI) Griffins,65
Ysabel Puente,Life Pacific Warriors,65
Junae Mahan,UC San Diego Tritons,65
Anya Choice,UC Santa Barbara Gauchos,65
Ariana Vanderhoop,St. John's Red Storm,65
Chloe Williams,Indiana State Sycamores,65
Abby Mundy,Evergreen State Geoducks,65
Tomisin Adenupe,Davidson Wildcats,65
Emani Jenkins,Troy Trojans,65
Danae Powell,Fresno State Bulldogs,65
Macy Brackett,Virginia-Lynchburg Dragons,65
Lanay Wheaton,Louisiana Ragin' Cajuns,65
Ice Brady,UConn Huskies,65
Haley Debuse,College Of Saint Mary Flames,65
Cayla Williams,UC Santa Barbara Gauchos,65
Kierra Prim,Houston Christian Huskies,65
Bella Cates,Hendrix College Warriors,65
Myonna Hooper,Detroit Mercy Titans,65
Reyna Scott,Oklahoma Sooners,65
Dee Guinn,Faulkner Eagles,65
Pam Mock,Meredith College Avenging Angels,65
Layla Henderson,Johns Hopkins University Blue Jays,65
Chloe Zazueta,Life Pacific Warriors,65
Olivia Kieffer,South Dakota Coyotes,65
Elise Grossdidier,Colorado Christian Cougars,65
Lucia Yenes,New Mexico State Aggies,65
Michaela Ray,University of The Southwest Mustangs,65
Rachel Harvey,Eastern Washington Eagles,65
Kate Hughes,Mount Saint Mary (NY) Knights,65
Aaliyah Ibarra,Utah Tech Trailblazers,65
Bryanna Preston,Texas Longhorns,65
Lilly Ferguson,Massachusetts Minutewomen,65
Savannah Samuel,Boston College Eagles,65
Brianna Wilson,Texas Lutheran Bulldogs,65
Chantae Embry,SMU Mustangs,65
Harmony Earth-Wiley,Bridgeport Purple Knights,65
Zamareya Jones,NC State Wolfpack,65
Naomi Barnwell,Robert Morris Colonials,65
Kiana Henning,Howard Payne Yellow Jackets,65
Shannen Hinchey,Virginia-Lynchburg Dragons,65
Jade Fry,Arkansas Baptist Buffaloes,65
Cianna Roberts,Cheyney (PA) Wolves,65
Lish Spoonhunter,Haskell Jayhawks,65
Lydia York,Central Baptist College Mustangs,65
Shabrica Leslie,Clinton College Golden Bears,65
Nevaeh Tot,Oklahoma Sooners,65
Elise Stuck,Ball State Cardinals,65
Emma Santoro,Emory & Henry Wasps,65
Sydni Morris,Clarke University Pride,65
Kaison Wood,Alice Lloyd College Eagles,65
Lillian Null,Goshen Maple Leafs,65
Addison Branscum,Regis Rangers,65
Summer Bostock,Houston Cougars,65
Addie Porter,Clemson Tigers,65
McKenna Layden,Purdue Boilermakers,65
Carla Viegas,Florida State Seminoles,65
Gisela Segura,Long Island University Sharks,64
Olivia Fernandez,Bryant Bulldogs,64
Madelynn Muniz,Cal State Fullerton Titans,64
Skylar Barnes,Southeast Missouri State Redhawks,64
Kelsie Imai,Hawai'i Rainbow Wahine,64
Marley Langi,Cal State Bakersfield Roadrunners,64
Aminata Diakite,Towson Tigers,64
Martina Borrellas,UAlbany Great Danes,64
Leia Brown,Paine Lions,64
Queen Ikhiuwu,Wofford Terriers,64
Hennie Van Schaik,San José State Spartans,64
Kailey Kalet,Loyola Maryland Greyhounds,64
Whitney Lind,Lehigh Mountain Hawks,64
Sydnee Kemp,Sam Houston Bearkats,64
Jesse Ledgerwood,Indiana-Southeast Grenadiers,64
Elle Papahronis,San Francisco Dons,64
Kalissa Lacy,Northern Kentucky Norse,64
Anasia Staton,Towson Tigers,64
Anna Rescifina,American University Eagles,64
Alex Gitchenko,UMass Lowell River Hawks,64
Madison Cockrell,Incarnate Word Cardinals,64
Kyla Davis,McNeese Cowgirls,64
Kaci Chairs,Prairie View A&M Lady Panthers,64
Brooklyn Stewart,Brescia Bearcats,64
Sarah Miller,Pennsylvania Quakers,64
Irene Asensio,UTEP Miners,64
Loes Rozing,New Mexico State Aggies,64
Mimi Rubino,Bryant Bulldogs,64
Makayla Raines,Southern Wesleyan Warriors,64
Elivia Moore,Alice Lloyd College Eagles,64
Adria Lincoln,Montana Lady Griz,64
Da'naijah Williams,Norfolk State Spartans,64
Kylee Madden,Southeastern Baptist College Chargers,64
Chanelle McDonald,Bethune-Cookman Wildcats,64
Ellie Reynolds,Colorado-Colorado Springs Mountain Lions,64
Jala Bannerman,Morgan State Lady Bears,64
Cadence Dykstra,Toledo Rockets,64
Jaliyah Green,Villanova Wildcats,64
Chloe Van Zeeland,UW-Parkside Rangers,64
Marie Outlay,Roosevelt Lakers,64
Jaelyn Talley,North Texas Mean Green,64
Kenzie Matulonis,New Hampshire Wildcats,64
Grace Oliver,Colorado Buffaloes,64
Jana Falsdottir,Cal State Fullerton Titans,64
Crystal Smith,Texas State Bobcats,64
Alonya Waldon,Samford Bulldogs,64
Lilee Carlson,Lake Erie Storm,64
Ariana Kupi,Adelphi Panthers,64
Molly Lavin,Drexel Dragons,64
Adreanna Waddle,Prairie View A&M Lady Panthers,64
Amirah Abdur-Rahim,Texas A&M Aggies,64
Ciniya Moore,Yale Bulldogs,64
Emerita Mashaire,Pepperdine Waves,64
Lauren Friedrich,Columbia College (MO) Cougars,64
Sofia Bell,Oregon Ducks,64
Kenza Salgues,Florida Gators,64
Malaya Jones,Nicholls Colonels,64
Alexis Gie,Dillard Blue Devils,64
Sarahia Hurd,Southeastern Baptist College Chargers,64
Karrin Purchas,Virginia-Lynchburg Dragons,64
Amelia Scharpf,UC Irvine Anteaters,64
Gracie Rankosky,Walsh Cavaliers,64
Jordan Wood,Duke Blue Devils,64
Irune Orio,Xavier Musketeers,64
Maria Myklebust,Florida Atlantic Owls,64
Jailah Pineda,Old Westbury Panthers,64
Julianna Walker,Seattle U Redhawks,64
Taylor Stremlow,Iowa Hawkeyes,64
Lyric Johnson,Eastern Illinois Panthers,64
Petra Bozan,Nebraska Cornhuskers,64
Jacqueline Aguilar,Bethesda University Flames,64
Natalie Edmonson,Hendrix College Warriors,64
Charlotte Abraham,Washington State Cougars,64
Karsyn Norman,Butler Bulldogs,64
Oyindamola Akinbolawa,Auburn Tigers,64
Grace Koepke,American University Eagles,64
Taliyah Hayes,Dakota Wesleyan Tigers,64
Sydney Thomas,Louisiana Tech Lady Techsters,64
Darrione Rogers,Miami Hurricanes,64
Ariana Seawell,Buffalo Bulls,64
Katie Krupa,Harvard Crimson,64
Maddy Westbeld,Notre Dame Fighting Irish,64
Kennedy Sanders,Colorado Buffaloes,64
Elyza Mitchell,Colby-Sawyer Chargers,64
Lee Lee Willis,Kennesaw State Owls,64
Takiyah Goff,Tennessee Southern Firehawks,64
Cheyanne Kemp,Central Arkansas Sugar Bears,64
Riley Montagner,Lake Erie Storm,64
Ellizabeth Reed,Culver-Stockton Wildcats,64
Dekezia Moore,Oakwood Ambassadors,64
Aaryn Battle,Pittsburgh Panthers,64
Kaylee Bennett,Arlington Baptist Patriots,64
Nathalie Santana,Wesleyan College (GA) Wolves,64
Brittany Harshaw,Kansas Jayhawks,64
Eliza Maupin,Kansas State Wildcats,64
Blessing Okoh,Winthrop Eagles,63
Arianna Mosley,Grambling Lady Tigers,63
Aminata Tal,Presbyterian Blue Hose,63
Tyana Walker,Howard Bison,63
Caitie Gingras,Cal State Bakersfield Roadrunners,63
Makenna Grillone,Colby-Sawyer Chargers,63
Kyra Long,Miles Golden Bears,63
Molly Driscoll,American University Eagles,63
Logan Lewis,IU Indianapolis Jaguars,63
Madelyn Brown,Saint Martin's Saints,63
Jhaid Westbrook,Johnson C Smith Golden Bulls,63
Madison Clay,Howard Payne Yellow Jackets,63
Kaliah Kendrick,Southern Wesleyan Warriors,63
Akiyonna Joiner,Clinton College Golden Bears,63
Jariyah Williamson,Southeast Missouri State Redhawks,63
Klea Kaci,Wagner Seahawks,63
Zariah Davis,Wesleyan College (GA) Wolves,63
Madison Butcher,Sacramento State Hornets,63
Momo LaClair,Massachusetts Minutewomen,63
Mary Copple,Canisius Golden Griffins,63
Fiona Connolly,Valparaiso Beacons,63
Kennedy Eskelson,Weber State Wildcats,63
Lindsey Knuth,Wisconsin-La Crosse Eagles,63
Kyra Tanabe,Chadron State Eagles,63
Aleah James,Maryland Eastern Shore Hawks,63
Tiara Bellamy,UMBC Retrievers,63
Myona Dauphinas,Haskell Jayhawks,63
Danielle Vuletich,Robert Morris Colonials,63
Ana Oliveira Dias,Kansas City Roos,63
Ahnay Adams,Miami Hurricanes,63
Aya Keita,San Francisco Dons,63
Olivia Hixson,Westminster (MO) Blue Jays,63
Alana Rouser,Florida Atlantic Owls,63
Anna Conza,Oglethorpe Stormy Petrels,63
Empress Roberts,Arkansas-Pine Bluff Golden Lions,63
Sabrina Larsson,Hofstra Pride,63
Tyranny Brown,Southern Illinois Salukis,63
Nadia Howard,South Alabama Jaguars,63
Averi Aaron,Louisiana Tech Lady Techsters,63
Laurel Rockwood,UC Santa Barbara Gauchos,63
Eden Sample,Jacksonville State Gamecocks,63
Claire Stern,North Dakota State Bison,63
Lauren McCall,San Diego Toreros,63
Gigi Waddell,Texas A&M-Texarkana Eagles,63
Leah Barringer,Lees-McRae Bobcats,63
Sydney Woodley,West Virginia Mountaineers,63
Paige Cofer,Utah Tech Trailblazers,63
Alliance Ndiba,Cincinnati Bearcats,63
Laine McGurk,Drexel Dragons,63
Brianna Turnage,Florida State Seminoles,63
Olivia Allen,Delta State Statesmen,63
Phoenix Stotijn,Arkansas Razorbacks,63
Kaila Berry,Fordham Rams,63
Taniya Lawson,Southern Jaguars,63
Mekayla Lumpkin,South Carolina State Lady Bulldogs,63
Erica King,Youngstown State Penguins,63
Carla Celaya,Northwestern State Lady Demons,63
Mariah Clayton,Old Dominion Monarchs,63
Malia Bullock,Bryn Athyn Lions,63
Jaedyn Jamison,Mount St. Mary's Mountaineers,63
Jovi Lefotu,Hawai'i Rainbow Wahine,63
Kati Ollilainen,Wyoming Cowgirls,63
Mia Broom,Columbia Lions,63
Kelsey Langston,Cornell Big Red,63
Mya Robinson,Fisk Bulldogs,63
Alayna Rocco,Harvard Crimson,63
Victoria Baker,UC Davis Aggies,63
Mattie Dale,Central Christian College Tigers,63
Ines Piper,South Florida Bulls,63
Erin Condron,UC San Diego Tritons,63
Fantasia James,Florida International Panthers,63
Rebekah Frisby-Smith,William & Mary Tribe,63
Jayda Wood,Berry Vikings,63
Taylor Jackson,Oklahoma Christian University Eagles,63
Taj Hunter,Western Carolina Catamounts,63
Jillian Hollingshead,Tennessee Lady Volunteers,63
Nariyah Simmons,Austin Peay Governors,63
Amyia Bowie,St. Thomas (TX) Celts,63
Imari Berry,Louisville Cardinals,63
Kate Hillyer,William Jewell Cardinals,63
Yvonne Forman,Jarvis Christian Bulldogs,63
Jayda Noble,California Golden Bears,63
Ana Pinheiro,Idaho Vandals,63
Mia Haynes,Worcester State Lancers,63
Kyren Wilson,Southern-New Orleans Knights,63
Amari Faust,Hood College Blaze,63
Mya Brown,Buffalo State Bengals,63
Selene Romero,Bethesda University Flames,63
Julia Cruz,Life Pacific Warriors,63
Becca Ledford,West Georgia Wolves,63
Taliyah Parker,Texas A&M Aggies,63
KB Hadley,Siena Saints,62
Cory Santoro,Canisius Golden Griffins,62
Chana Paxixe,High Point Panthers,62
Airah Lavy,St. Francis (PA) Red Flash,62
Hadleigh Dill,Campbell Fighting Camels,62
Justina Graham,Alabama State Lady Hornets,62
Ava Card,Chattanooga Mocs,62
Skylah Travis,Louisiana Ragin' Cajuns,62
Neenah George,Northern Colorado Bears,62
Aminah Hall,Bellevue University Bruins,62
Niki Van Wyk,Tarleton State Texans,62
Nayo Lear,Dayton Flyers,62
Coral Mason,South Dakota Coyotes,62
Azaria Knox,Dillard Blue Devils,62
Synia Johnson,East Carolina Pirates,62
Briahna Scott,Guilford Quakers,62
Joy Haltom,Portland State Vikings,62
Brooke Kleinig,St. Mary's (TX) Rattlers,62
Kendalyn Dixon,Meredith College Avenging Angels,62
Kylie Buckley,Oakland Golden Grizzlies,62
Dianna Blake,North Carolina Central Eagles,62
Paige Vanstee,Grand Valley State Lakers,62
Tatiana Newsome,Jessup University Warriors,62
Victoria Dixon,Houston Christian Huskies,62
Peyton Ilderton,Marshall Thundering Herd,62
Gigi Bower,Ohio Bobcats,62
Olivia Bradley,UC Santa Barbara Gauchos,62
Lainey Spear,Portland Pilots,62
Jordyn Beaty,Buffalo Bulls,62
Hayden Wilkins,Colby-Sawyer Chargers,62
Ally Stedman,UCF Knights,62
Frida Formann,Colorado Buffaloes,62
Brionna Sims,Life University Running Eagles,62
Queen Ruffin,Indiana State Sycamores,62
Hannah Richardson,St. Bonaventure Bonnies,62
Lauren Audino,Western Michigan Broncos,62
Ana Conde,Siena Saints,62
Jayden McBride,Georgetown Hoyas,62
Aria Myers,NJIT Highlanders,62
Ke'iara Odume,Yale Bulldogs,62
Boston Berry,McNeese Cowgirls,62
Zawadi Ogot,Loyola Marymount Lions,62
Ines Monteagudo Pardo,Boston University Terriers,62
Ianna Odulaja,Erskine Flying Fleet,62
Ania Martinez,Bloomfield Deacons,62
Kaylan Lockett,Champion Christian Tigers,62
Emilee Fox,South Dakota State Jackrabbits,62
Alex Pirog,Montana Lady Griz,62
Taeya Steinauer,Purdue Fort Wayne Mastodons,62
Sydney Graber,Purdue Fort Wayne Mastodons,62
Ari Wiggins,Butler Bulldogs,62
Carleigh Perry,Guilford Quakers,62
Melissa Secchiaroli,Cal State Bakersfield Roadrunners,62
Taisiya Kozlova,Seattle U Redhawks,62
Erica Moon,Texas A&M Aggies,62
Miraya Perkins,UT Arlington Mavericks,62
Saharra Murphy,Illinois-Springfield Prairie Stars,62
Regan Hubert,Cedarville Yellow Jackets,62
Yasmine Brown,Chowan Hawks,62
Rose Nelson,Fordham Rams,62
Alahna Paige,Florida Gulf Coast Eagles,62
Princess Anderson,Wichita State Shockers,62
Mia Rivers,Abilene Christian Wildcats,62
Cora Olsen,Omaha Mavericks,62
Bella LaChance,Furman Paladins,62
Kiley Bundy,Keene State Owls,62
Sanna Strom,Colorado State Rams,62
Brianna Byars,Cincinnati Bearcats,62
Gabriela Falcao,UAlbany Great Danes,62
Emma Kate Tittle,North Alabama Lions,62
Cyriah Griffin,VCU Rams,62
Chloe Chard Peloquin,Wright State Raiders,62
Jordan Grenn-Wallace,Walla Walla Wolves,62
Bri McDaniel,Maryland Terrapins,62
Sydney Steward,Faulkner Eagles,62
Julia Thoms,Jamestown Jimmies,62
Audrey Norville,Black Hills State Yellow Jackets,62
Lauryn Goettl,Viterbo V-Hawks,62
Paula Lopez,Buffalo Bulls,62
Anna Hamilton,Northern Kentucky Norse,62
Hannah Wallace,Saint Louis Billikens,62
Makenna Yeager,Illinois-Springfield Prairie Stars,62
Maddy McDaniel,South Carolina Gamecocks,62
Karley Johnson,Arkansas Razorbacks,62
Kailee McDonald,Fairleigh Dickinson Knights,61
Kyra Lawrence,Delaware State Hornets,61
JaMya Robinson,Longwood Lancers,61
Chloe Vasquez,Iona Gaels,61
Clemisha Prackett,Mississippi Valley State Devilettes,61
Shaniah Nunn,Grambling Lady Tigers,61
Nevaeh Otis,Niagara Purple Eagles,61
Shomari Phillips,Bethune-Cookman Wildcats,61
Hailey Hohenecker,Chicago State Cougars,61
Miriley Simon,North Dakota State Bison,61
Sille-Liis Molder,UMass Lowell River Hawks,61
Kyra Price,Southern Wesleyan Warriors,61
Avari Berry,SE Louisiana Lady Lions,61
Alaila Walker,Lincoln (PA) Lions,61
Natalia Chavez,Abilene Christian Wildcats,61
Edie Clarke,Saint Mary's Gaels,61
Amina Kameric,UMass Lowell River Hawks,61
Elena Bertrand,Lipscomb Bisons,61
Samara Swire,Harris-Stowe State Hornets,61
Phoebe Frentzel,St. Thomas-Minnesota Tommies,61
Gwen Jenkins,South Carolina Upstate Spartans,61
Kayla White,Bethune-Cookman Wildcats,61
Kahliya Gaitor,Webber International Warriors,61
Lauren Pete,UNT Dallas Trailblazers,61
Laia Monclova,Denver Pioneers,61
Alexsyah Goudeau,UT Arlington Mavericks,61
Malea Williams,Florida State Seminoles,61
Trista Fayta,Illinois State Redbirds,61
Meghan Huerter,UAlbany Great Danes,61
Keziyah Sanders,Erskine Flying Fleet,61
Ava Schmidt,Northern Arizona Lumberjacks,61
Paige Lyons,East Tennessee State Bucs,61
Lizzy Kellam,Southwestern University Pirates,61
Jordyn DeVaughn,Air Force Falcons,61
Justice Carlton,Texas Longhorns,61
Janiah Hinton,South Carolina State Lady Bulldogs,61
Samora Watson,Texas A&M-Corpus Christi Islanders,61
Mylee Graham,Utah Tech Trailblazers,61
Dakota Nap,Weber State Wildcats,61
Paris Gaines,Georgia Southern Eagles,61
Tyla Heard,Oral Roberts Golden Eagles,61
Jalynn Bristow,Texas Tech Lady Raiders,61
Kuryn Brunson,Morehead State Eagles,61
Saniaa Wilson,Syracuse Orange,61
Anela Thomas,Texas Southern Tigers,61
Jameelah Pharms,Cal Maritime Keelhaulers,61
Cici Ellington,Portland State Vikings,61
Ashanti Backus,Alcorn State Lady Braves,61
Jatayah Bryant,Wesleyan College (GA) Wolves,61
Jada Morgan,South Carolina State Lady Bulldogs,61
Tamesha Dozier,Evansville Purple Aces,61
Moriah Prewitt,William Jewell Cardinals,61
Valentina Saric,Jacksonville State Gamecocks,61
Sofia Kelemeni,San José State Spartans,61
Future Asevedo,LeTourneau Yellow Jackets,61
Sofia Hernandez,Puerto Rico-Mayaguez Bulldogs,61
Kaiden Kreinhagen,Evansville Purple Aces,61
Zara Dumatol,Simpson University (CA) Red Hawks,61
Cristina Sanchez Cerqueira,Arkansas Razorbacks,61
Alexa Kinas,Loyola Chicago Ramblers,61
Logan Luebbers Palmer,Evansville Purple Aces,61
Gisela Sanchez,Kansas State Wildcats,61
Braxcynn Baker,Murray State Racers,61
Grace Pack,Western Carolina Catamounts,61
Nicole Willardson,Utah Tech Trailblazers,61
Autumn Moore,Nelson Lions,61
Allison Haslam,Walla Walla Wolves,61
Rhyan Harris,Emory & Henry Wasps,61
Blake Barbee,Warner Pacific Knights,61
Destiny Thomas,Murray State Racers,61
Brinley Hagemeier,Eastern Oregon Mountaineers,61
Alisa Williams,Iowa State Cyclones,61
Brooke Barnes,Delaware State Hornets,60
Ava Miller,South Carolina Upstate Spartans,60
Mia Yanogacio,Le Moyne Dolphins,60
Janiya Jones,Mississippi Valley State Devilettes,60
Niveya Henley,Furman Paladins,60
Kamryn Doty,Elon Phoenix,60
Allasia Washington,SE Louisiana Lady Lions,60
Sophia Tougas,Charleston Cougars,60
Cassidy Carson,South Dakota Coyotes,60
Jamy De Kock,East Texas A&M Lions,60
Teryn Gardner,Boise State Broncos,60
Zaria Johnson,Grambling Lady Tigers,60
Shaquice May,Jacksonville State Gamecocks,60
Magda Freire,Queens University Royals,60
Kyndall Hunter,Texas A&M Aggies,60
Kailyn Watkins,Alcorn State Lady Braves,60
Angie Juste-Jean,South Carolina State Lady Bulldogs,60
Jaeda Whitner,Texas A&M-Corpus Christi Islanders,60
Lisa Thompson,Rutgers Scarlet Knights,60
Kiyah Hatcher,Park University Gilbert Buccaneers,60
Morning Grace Spotted Bear,South Dakota Mines Hardrockers,60
Makenzie Bremer,UVA Wise Cavaliers,60
Kylie Marshall,SMU Mustangs,60
Marisa Gant,Chicago State Cougars,60
Lexus Bargesser,Indiana Hoosiers,60
Filippa Goula,Cleveland State Vikings,60
Savannah Cook,Montevallo Falcons,60
Nene Ndiaye,Boston College Eagles,60
Ashley Gray,Alabama State Lady Hornets,60
Dunja Zecevic,UTEP Miners,60
Shay Ijiwoye,Stanford Cardinal,60
Taylor Wilson,Army Black Knights,60
Nayli Padilla,New Mexico Lobos,60
Indiya Bowen,Southeast Missouri State Redhawks,60
Bruna Anguera,Texas A&M-Corpus Christi Islanders,60
Talia Zurinskas,Lafayette Leopards,60
Alyssa Moreland,Brown Bears,60
Mailyn Wilkerson,Alabama A&M Bulldogs,60
Ella Brown,Indiana-Southeast Grenadiers,60
Jaz Novelli,Cal Maritime Keelhaulers,60
Cheyenne Forney,Cal State Bakersfield Roadrunners,60
Sanaa Tripp,Belmont Bruins,60
Mackenly Randolph,Louisville Cardinals,60
Raven Addison,King (TN) Tornado,60
Kayla Pope,Clinton College Golden Bears,60
Deb Orianegbena,UNC Asheville Bulldogs,60
Zoey Gore,Warren Wilson Owls,60
Marley Mueller,Rensselaer Engineers,60
Nyla Walker,Gardner-Webb Runnin' Bulldogs,60
Mor Shabtai,Valparaiso Beacons,60
Megan Oswald,Jamestown Jimmies,60
Sonia Sato,Presbyterian Blue Hose,60
Kaitlyn Orihel,Villanova Wildcats,60
Alana Powell,Omaha Mavericks,60
Makenzie Covey,LeTourneau Yellow Jackets,60
Macie James,UNLV Lady Rebels,60
Faith Walker,Duquesne Dukes,60
Ahmiah Jordan,Bluefield University Ramblin' Rams,60
Trayanna Crisp,North Carolina Tar Heels,60
Vanessa de Jesus,Duke Blue Devils,60
Rylie Ottmann,Colorado-Colorado Springs Mountain Lions,60
Laini Dahlin,Cal State Northridge Matadors,60
Abby Liber,Youngstown State Penguins,60
Lily Krahn,Wisconsin Badgers,60
Jailyn Martinson,Jamestown Jimmies,60
Khloe Vaughn,Life University Running Eagles,60
Faith Feuerbach,St. Thomas-Minnesota Tommies,60
Kendall Moriarty,Nebraska Cornhuskers,60
Shawna Robinson,Jarvis Christian Bulldogs,60
Kaylani Polk,UC Riverside Highlanders,59
Ally Fitzgerald,UC Davis Aggies,59
Alonna Sellers,Central Connecticut Blue Devils,59
Sanaiya Edmond,Virginia-Lynchburg Dragons,59
Megan Wagner,Western Michigan Broncos,59
Tierney Kelsey,Jackson State Lady Tigers,59
Jade Goynes,Western New Mexico Mustangs,59
Jazlen Green,San Diego State Aztecs,59
Jordan Green-Wallace,Walla Walla Wolves,59
Lexi Salazar,American University Eagles,59
Gracie Barnes,South Carolina Upstate Spartans,59
Isis Fitch,UNC Wilmington Seahawks,59
Alyssa Jimenez,Richmond Spiders,59
Janelisse Marrero,Florida National Conquistadors,59
Helena Friend,Pepperdine Waves,59
Skyler Furr,Guilford Quakers,59
Maya Chocano,UC Riverside Highlanders,59
Ashlyn Watkins,South Carolina Gamecocks,59
Aaliyah Moore,Texas Longhorns,59
Halle Wright,Idaho State Bengals,59
Anna Mooney,College of Idaho Yotes,59
Brooke Murrell,Denver Pioneers,59
Kyra Taylor,Sul Ross State Lobos,59
Messiah Hunter,Seton Hall Pirates,59
Talaiyah Andrews,Texas A&M-San Antonio Jaguars,59
Calista Arzaga,Life Pacific Warriors,59
Madi Gewirtz,New Mexico State Aggies,59
Dalanna Carter,Coastal Carolina Chanticleers,59
Mya Zaccagnini,Iona Gaels,59
Tasia Johnson,UNC Greensboro Spartans,59
Tyra Kennedy,Hampton Lady Pirates,59
Alexsia Rose,Minnesota Golden Gophers,59
Gizelle Carreto,Westminster (MO) Blue Jays,59
Rosa Revueltas Pareja,Mount St. Mary's Mountaineers,59
D'Myjah Bolds,Western Michigan Broncos,59
Maddy Tauro,Cal State Fullerton Titans,59
Sa'Nya Green,Arlington Baptist Patriots,59
McKinley Dickerson,Wyoming Cowgirls,59
Kaiden Glenn,Long Island University Sharks,59
Nicole Leff,Texas State Bobcats,59
Serenity Echols,Mississippi Valley State Devilettes,59
Breelyn Robinson,Colorado-Colorado Springs Mountain Lions,59
Sydney Boone,Delaware Blue Hens,59
Amaris Betts,Cedarville Yellow Jackets,59
Nadia Moore,Duquesne Dukes,59
Madison Huhn,UT Rio Grande Valley Vaqueros,59
Kya Bradshaw,Schreiner Mountaineers,59
Journey Hildebrand,Kent State Golden Flashes,59
Malia Samuels,USC Trojans,59
Lauren Glazier,Pacific Tigers,59
Zikeyah Carter,Florida A&M Rattlers,59
Reagan Chigas,Westminster (MO) Blue Jays,59
Sierra Chambers,Southern Utah Thunderbirds,59
Kendall Dudley,UCLA Bruins,59
Sophie Bussard,Southeast Missouri State Redhawks,59
Kadence Stoner,Maryville College (TN) Fighting Scots,59
Nika Lokica,Idaho State Bengals,59
Summer Davis,Georgia Lady Bulldogs,59
Layken Cox,Memphis Tigers,59
Mikaela Parris,Mississippi Valley State Devilettes,59
Damara Allen,UTSA Roadrunners,59
Anna Ostlie,Grand Canyon Lopes,59
Danika Galea,Arkansas Razorbacks,59
Sarah Thompson,King (TN) Tornado,59
Evyn Carrier,Western Michigan Broncos,59
Mahogany Chandler-Roberts,UCF Knights,59
Jada Wynn,Texas Tech Lady Raiders,59
Heaven Samayoa-Mathis,UTEP Miners,59
Adeang Ring,UCF Knights,59
Caitlyn Rayl,Cleary University Cougars,59
Sydney Burris,UNC Asheville Bulldogs,58
Anna Kunzwiler,Bucknell Bison,58
Irene Fernandez de Caleya,Wagner Seahawks,58
Gentry Baldwin,Oral Roberts Golden Eagles,58
Bree Salenbien,Gonzaga Bulldogs,58
Emma Bruwer,Kentucky Wesleyan Panthers,58
Bella Toomey,Fairleigh Dickinson Knights,58
Marija Markovic,Georgian Court University Lions,58
Asjah Inniss,App State Mountaineers,58
Jada Patton,IU Indianapolis Jaguars,58
Ty'Renisha Bowers,La Salle Explorers,58
Jasmine Peaks,Wichita State Shockers,58
Tia Harvey,Alabama A&M Bulldogs,58
Kennedi Jackson,Boston College Eagles,58
Brooke Wilson,Army Black Knights,58
Elana Weisman,Bucknell Bison,58
Meghan Casey,Binghamton Bearcats,58
Hannah Cleveland,Sewanee Tigers,58
Molly Manion,Merrimack Warriors,58
Darrionna Howard,North Carolina A&T Aggies,58
Imani Ivery,St. Mary's (TX) Rattlers,58
Christin Callens,St. Mary's (TX) Rattlers,58
Ramie Reid,Montevallo Falcons,58
Grace Kingery,Ball State Cardinals,58
Lamya Alexander,Arlington Baptist Patriots,58
Emma Imevbore,Troy Trojans,58
Alaina Payne,Little Rock Trojans,58
Keiryn McGuff,Bowling Green Falcons,58
Erin Houpt,San Diego State Aztecs,58
Jackie Wright,Davis & Elkins Senators,58
Karyn Sanford,Tarleton State Texans,58
Delaney Snyder,Cincinnati Bearcats,58
Mauriana Hashemian-Orr,Saint Mary's Gaels,58
Silvia Gonzalez,Bryant Bulldogs,58
Meghan Murray,Kent State Golden Flashes,58
Jami Hill,Charleston Cougars,58
Mia Curtis,Santa Clara Broncos,58
Brecken Snotherly,East Tennessee State Bucs,58
Adara Groman,South Dakota Coyotes,58
Layla Davis,Cal State Fullerton Titans,58
Kerith Renihan,Ohio Christian Trailblazers,58
Emily Jones,Morgan State Lady Bears,58
Chloe Oliver,Stony Brook Seawolves,58
Kaili Chamberlin,SE Louisiana Lady Lions,58
Olivia Lambrigtsen,Viterbo V-Hawks,58
Destine Duckworth,Central Arkansas Sugar Bears,58
Arielle-Vadrelle Belinga,Coppin State Eagles,58
Daejah Phillips,Hawai'i Rainbow Wahine,58
Jordan Hunter,Auburn Tigers,58
Jillian Torres,Our Lady Of The Lake Saints,58
Dani McTeer,Coppin State Eagles,58
Jaci Bolden,Longwood Lancers,58
Aniya Palmer,Alabama A&M Bulldogs,58
Molly O'Riordan,Dayton Flyers,58
Jordyn Merritt,Texas Tech Lady Raiders,58
Kristyna Jeskeova,Grand Canyon Lopes,58
Jordan Peete,Charlotte 49ers,58
Danni Scully,Ohio Bobcats,58
Katie Burton,Detroit Mercy Titans,58
Blanca Thomas,North Carolina Tar Heels,58
Ana Beatriz Passos Alves da Silva,Idaho Vandals,58
Kourtney Rittenberry,Alabama A&M Bulldogs,58
Belle Bramer,Lehigh Mountain Hawks,58
Kortney Doman,Southern Utah Thunderbirds,58
Anna Badosa,Liberty Flames,58
Macy Chapman,Ohio Dominican Panthers,58
Izzy Pugh,Milwaukee Panthers,58
Sharmanye Finley,Alcorn State Lady Braves,58
Norah Clark,UT Martin Skyhawks,58
Sanaa' St. Andre,Tennessee State Lady Tigers,58
Taylor Cullinan,Kennesaw State Owls,58
Hannah Humphrey,East Texas A&M Lions,58
Kristin Sterling,Bowie State Bulldogs,58
Alexandria Warren,Winston-Salem Rams,58
McCall King,UNC Wilmington Seahawks,58
Cori Lard,Miami (OH) RedHawks,58
Aaliyah Guyton,Iowa Hawkeyes,58
Siobhan Ryan,Georgetown Hoyas,58
Jade Campbell,St. Francis (PA) Red Flash,57
Micaela Carter,Hofstra Pride,57
Meliah Van-Otoo,Loyola Maryland Greyhounds,57
Lizzie Holder,Navy Midshipmen,57
Tyonna Bailey,Charleston Southern Buccaneers,57
Uriah Jennings,Arkansas-Pine Bluff Golden Lions,57
Alyssa Nielsen,Lindenwood Lions,57
Leyocha Marigney,Marshall Thundering Herd,57
Lyla Kahrimanovic,McNeese Cowgirls,57
Sky Castro,Southern Jaguars,57
Eve Alexander,Florida A&M Rattlers,57
Lara Langermann,New Mexico Lobos,57
Isobel Bunyan,Montana State Bobcats,57
Valeria Castro,Florida National Conquistadors,57
Jesslynn Jalomo,Nicholls Colonels,57
Isabella Jaramillo,Our Lady Of The Lake Saints,57
Caroline Strande,Butler Bulldogs,57
Nicole Carreno,North Florida Ospreys,57
Judit Valero Rodriguez,Florida International Panthers,57
Lili Booker,Longwood Lancers,57
Sanaa Redmond,Rider Broncs,57
Ella Karst,UVA Wise Cavaliers,57
Faith Harris,Life Pacific Warriors,57
Kayla Morris,Towson Tigers,57
Olivia Schmitt,Syracuse Orange,57
Kyra Gardner,Washington State Cougars,57
Shawnee Nordstrom,California Baptist Lancers,57
Jillian Huerter,Fairfield Stags,57
Paris Kirk,Eastern Washington Eagles,57
Liliani Krause,Salem University Tigers,57
Taija Sta. Maria,Fresno State Bulldogs,57
Ciara Harris,Winthrop Eagles,57
Athena Tomlinson,Boston College Eagles,57
Arina Nikishina,Hampton Lady Pirates,57
Jennica Suggs,Robert Morris Colonials,57
Courtney Wristen,San Diego Toreros,57
Mariah Moody,Erskine Flying Fleet,57
Ale'jah Douglas,Grand Canyon Lopes,57
Blake Matthews,Texas State Bobcats,57
Sydney Lusher,New Hampshire Wildcats,57
Lauren Beach,Fairfield Stags,57
Bailey Ford,Kentucky State Thorobreds,57
Jayda Mosley,Central Michigan Chippewas,57
Nevaeh Rivera,Centenary (LA) Gentlemen,57
McKynnlie Dalan,Gonzaga Bulldogs,57
Denae Skelton,Utah State Aggies,57
Kendall Coley,Nebraska Cornhuskers,57
Mara Braun,Minnesota Golden Gophers,57
Irene Rey Pineda,Canisius Golden Griffins,57
Rylee Sagester,Wright State Raiders,57
Brooke Littrell,Creighton Bluejays,57
Sydney McLaughlin,Stonehill Skyhawks,57
Teayona Hoard,Corban University Warriors,57
Cheyenne Holloman,Georgia State Panthers,57
Krystal Haddock,Tennessee State Lady Tigers,57
Haley Walker,DePaul Blue Demons,57
Starasia Bell-Freeman,Johnson C Smith Golden Bulls,57
Avery Simmons,Loyola Maryland Greyhounds,57
Lovisa Asbrink Hose,Florida Atlantic Owls,57
Angelica Velez,Syracuse Orange,57
Amelia Pfeiffer,Tennessee Tech Golden Eagles,57
Lucia Sotelo,VCU Rams,57
Morgan Dillard,Kennesaw State Owls,57
Mackenzie Leahy,Brown Bears,57
Ashley Chevalier,Houston Cougars,57
Ciera Toomey,North Carolina Tar Heels,57
Briah Hampton,Southeast Missouri State Redhawks,57
Avery Sussex,UC Davis Aggies,57
Bailey Williams,Northeastern Huskies,57
Sierra Dickson,Texas State Bobcats,57
Hannah Hicks,West Georgia Wolves,57
Abbie Riddle,Wright State Raiders,57
Mya Wardle,Eastern Kentucky Colonels,57
Jael Hall,Guilford Quakers,57
Keira Scott,Syracuse Orange,57
Celia Riviere,West Virginia Mountaineers,57
Lily Esparza,Denver Pioneers,56
Ava Watson,Ohio State Buckeyes,56
Monajah Ford,South Carolina State Lady Bulldogs,56
Tiana Mathis,Texas Southern Tigers,56
De'Myla Brown,Missouri Tigers,56
Ituau Tuisaula,Stephen F. Austin Ladyjacks,56
Trinity Slocum,Cal State Bakersfield Roadrunners,56
Ryanne Allen,Villanova Wildcats,56
Angela Williams,James Madison Dukes,56
Erin Rodgers,Florida Atlantic Owls,56
Leonor Paisana,Winthrop Eagles,56
Mjracle Sheppard,LSU Tigers,56
Ashton Elley,UAB Blazers,56
Ayanna Franks,Rhode Island Rams,56
Arene Iyekekpolor,Alcorn State Lady Braves,56
Grace Ellis,Cleveland State Vikings,56
Julia Garcia Roig,Xavier Musketeers,56
Evalyse Cole,Toledo Rockets,56
Emma Shields,Lafayette Leopards,56
Peppi Lohko,Siena Saints,56
Kaitlyn McCarn,UT Martin Skyhawks,56
Orlagh Gormley,Providence Friars,56
Kaila Kelley,Sam Houston Bearkats,56
Jayla Owen,North Dakota Fighting Hawks,56
Kendal Robinson,UT Arlington Mavericks,56
Karissa Antoine,Fordham Rams,56
Ellie Gabel,Tiffin Dragons,56
Kensley Feltner,Belmont Bruins,56
Kayla Beckwith,William & Mary Tribe,56
Aili Tanke,Iowa State Cyclones,56
Angelina Smith,DePaul Blue Demons,56
Jasmine Dupree-Hebert,Oakland Golden Grizzlies,56
Aby Shubert,Montana Lady Griz,56
Yonta Vaughn,Virginia Cavaliers,56
Alaisha Brown,Denver Pioneers,56
Makenzie Hill,Delta State Statesmen,56
Kimmie Hicks,Loyola Maryland Greyhounds,56
Audia Young,Auburn Tigers,56
Sheridan Kavanagh,St. Mary's (TX) Rattlers,56
Daniela Ciscar,St. Mary's (TX) Rattlers,56
Jzaniya Harriel,Stanford Cardinal,56
Kaitlyn Duhon,Auburn Tigers,56
Madison Roshelle,Charlotte 49ers,56
Sofia Alonso,Sacramento State Hornets,56
Kaelyn Hamilton,San Diego State Aztecs,56
Jadyn Fife,Colorado State Rams,56
Estie Varga,Long Island University Sharks,56
Ari Long,Oregon Ducks,56
Somer Johnson,Brevard Tornados,56
Toby Nweke,Princeton Tigers,56
Sam Tillson,Army Black Knights,56
Teniesha Clarke,Akron Zips,56
Devin Coppinger,Washington Huskies,56
Tamia Moody,Schreiner Mountaineers,56
Lexie Ransom,Southern Wesleyan Warriors,56
Kaylan Jack,Southern-New Orleans Knights,56
Kyndal Lewis,Eastern Michigan Eagles,56
Daria Nestorov,Pacific Tigers,56
Jessica Farrell,Central Connecticut Blue Devils,56
Donavia Hall,SMU Mustangs,56
Ella Uriarte,Idaho Vandals,56
Lexie Sinclair,Roosevelt Lakers,56
Maya Hunkin-Claytor,Alcorn State Lady Braves,56
Candela Perez-Castellanos,Warren Wilson Owls,56
Anaiah Jenkins,Towson Tigers,56
Mia Bergstrom,Saint Louis Billikens,56
Emma Koabel,Duke Blue Devils,56
Last-Tear Poa,LSU Tigers,56
Faith Alston,Richmond Spiders,56
Mariona Planes Fortuny,George Washington Revolutionaries,56
Izzy Dugal,Cleary University Cougars,56
Niyah Gaston,Coppin State Eagles,56
Adlee Blacklock,Texas Tech Lady Raiders,56
Leila Wells,Virginia Tech Hokies,56
Izela Arenas,Louisville Cardinals,56
Nuria Jurjo,Miami (OH) RedHawks,56
Micah O'Dell,Robert Morris Colonials,56
Bella Samz,Youngstown State Penguins,56
Trinity Gooden,Rice Owls,56
Maggie Taylor,Drake Bulldogs,56
Addison Melton,Lipscomb Bisons,56
Taylor Lauterbach,Virginia Cavaliers,56
Syriah Daniels,Auburn Tigers,56
Sa'lah Hemingway,Howard Bison,55
Grace Clary,Mercyhurst Lakers,55
Nneka Obiazor,Grand Canyon Lopes,55
Jamie Kent,Pacific Tigers,55
Kate Clarke,DePaul Blue Demons,55
Rachael Rose,Wofford Terriers,55
Kennedi Alexander,Tulsa Golden Hurricane,55
Jade Peacock,Hawai'i Rainbow Wahine,55
April Rummery-Lamb,Northern Colorado Bears,55
Maya Woodson,Morgan State Lady Bears,55
MacKayla Scarlett,Providence Friars,55
Mary Moses Amaniyo,UTEP Miners,55
Reina Green,Duquesne Dukes,55
Kylee Lewandowski,Samford Bulldogs,55
Eris Lester,Alabama Crimson Tide,55
Kennedy Claybrooks,Southeast Missouri State Redhawks,55
Ana Guillen,Yale Bulldogs,55
Brooke Walker,Utah Utes,55
Tyler Jackson,Tarleton State Texans,55
Cady Pauley,Missouri State Lady Bears,55
Kayla Hopson,Cal State Northridge Matadors,55
Kristian Jackson,Alabama State Lady Hornets,55
Kenzie Hare,Iowa State Cyclones,55
Ajok Madol,Dayton Flyers,55
Jada Bediako,Marquette Golden Eagles,55
Soleil Montrose,Army Black Knights,55
Tamya Smith,Memphis Tigers,55
Dalayja Hurt-Floyd,Alcorn State Lady Braves,55
Madison Mckenzie,Christopher Newport University Captains,55
Nyaluak Dak,East Texas A&M Lions,55
Skye Robinson,Norfolk State Spartans,55
Madysen Vlastuin,South Dakota State Jackrabbits,55
Shy Hawkins,Syracuse Orange,55
Teagan Brown,Washington Huskies,55
Olivia Leung,Dayton Flyers,55
Ruthie Mbugua,Jackson State Lady Tigers,55
Kaylee Headrick,Colorado State Rams,55
Taylor Janssen,Montana State Bobcats,55
Macy Donarski,Montana Lady Griz,55
Micah Cooper,Southern Miss Lady Eagles,55
Carlie Vick,Bradley Braves,55
Patricia Sherrill,Long Island University Sharks,55
Andjela Bigovic,Tarleton State Texans,55
Waiata Jennings,Baylor Bears,55
Mya Pratcher,Western Kentucky Lady Toppers,55
Shailyn Pinkney,Seton Hall Pirates,55
Khalia Bryant,Kentucky State Thorobreds,55
Makira Cook,Illinois Fighting Illini,55
Kallie Peppler,Milwaukee Panthers,55
Makayla Moore,Arizona State Sun Devils,55
Calyn Dallas,Utah Tech Trailblazers,55
KC Carter,Wagner Seahawks,55
Libby Hutton,Boise State Broncos,55
Morgan Cheli,UConn Huskies,55
Amani Lipscomb,Christian Brothers Buccaneers,55
Kayla Preston,Valparaiso Beacons,55
Makaiya Thomas,Defiance Yellow Jackets,55
Brooklin Dailey,Drake Bulldogs,55
Bria Shine,UC Davis Aggies,55
Niamya Holloway,Minnesota Golden Gophers,55
Amelia Storm,Cleary University Cougars,55
Rakiyah Jackson,Nevada Wolf Pack,55
Sydney Mccaig,Cleary University Cougars,55
Anaya Barney,Coastal Carolina Chanticleers,55
Nyodie Guerard,Mount St. Mary's Mountaineers,55
Sahnya Jah,Arizona Wildcats,55
Elif Istanbulluoglu,Louisville Cardinals,55
Taylor Dunn,Guilford Quakers,55
Ayanna Thompson,Ole Miss Rebels,55
Singo Lekeuneu,Mercyhurst Lakers,54
Taliyah Wyche,East Carolina Pirates,54
Zyaire Hairston,Virginia-Lynchburg Dragons,54
Jocelyn Land,Butler Bulldogs,54
Nicole Azar,Western Carolina Catamounts,54
Claire Simmons,Grambling Lady Tigers,54
Avery Treadwell,Florida State Seminoles,54
Melesungu Afeaki,Saint Mary's Gaels,54
Kylee Sheppard,Providence Friars,54
Tiziana Huici,Queens University Royals,54
Valeria Brewer,Westcliff Warriors,54
Kayana Armbrister,UT Martin Skyhawks,54
Hannah Linthacum,Missouri Tigers,54
Rosalie Mercille,Loyola Chicago Ramblers,54
Avery Young,McNeese Cowgirls,54
Mya Jones,Wiley Wildcats,54
Rusne Augustinaite,Georgia Tech Yellow Jackets,54
Morgan Borgstadt,UT Martin Skyhawks,54
Amiyah Reynolds,Purdue Boilermakers,54
Toni Warren,Wofford Terriers,54
Alana Goosby,Cal Poly Mustangs,54
Grace Carstensen,DePaul Blue Demons,54
Freda Moore,College Of Saint Mary Flames,54
Jazmyn Sostand,Arkansas-Pine Bluff Golden Lions,54
Peyton McCabe,Drake Bulldogs,54
Breana Delaney,Stonehill Skyhawks,54
Jaycie Christopher,Maine Black Bears,54
Devyn Scott,Stony Brook Seawolves,54
Jada Williams,Eastern Michigan Eagles,54
Vivienne Knee,Cornell Big Red,54
Kaylee Krysztof,Binghamton Bearcats,54
Aubrey Griffin,UConn Huskies,54
Reiven Douglas,North Carolina A&T Aggies,54
Jaylyn James,Louisiana Ragin' Cajuns,54
Claudia Acin,Liberty Flames,54
Da'Kariya Jackson,Southeast Missouri State Redhawks,54
Sydney Erikstrup,Grand Canyon Lopes,54
Annika Gustafson,Wisconsin-La Crosse Eagles,54
Allison Weidner,Nebraska Cornhuskers,54
Samyha Suffren,Virginia Tech Hokies,54
Raiane Dias Dos Santos,Florida State Seminoles,54
Martha Pietsch,UC Santa Barbara Gauchos,54
Lizzy Groetsch,Pennsylvania Quakers,54
Melissa Mwanza,Louisiana Tech Lady Techsters,54
Dianne Crespo Lopez,Sacred Heart Pioneers,54
Racky Kane,Long Island University Sharks,54
Katerina Dakos,Christopher Newport University Captains,54
Bridget Utberg,Marquette Golden Eagles,54
Raven Sims,Memphis Tigers,54
Diamond Wiggins,Hampton Lady Pirates,54
Dyani Ananiev,Portland Pilots,54
Bobbi Smith,East Carolina Pirates,54
Lydie Mwamba,New Mexico Lobos,54
Kristina Godfrey,Florida Atlantic Owls,54
Tilda Sjokvist,Missouri Tigers,54
TreShondra Williams,Marshall Thundering Herd,54
Audrey Taylor,Northern Arizona Lumberjacks,54
Aaliyah Ellis,New Orleans Privateers,54
Olivia Bowes,Longwood Lancers,54
Ellie Magestro-Kennedy,Wright State Raiders,54
Takeira Ramey,Texas State Bobcats,54
Gracie Johnson,Utah State Aggies,54
Allie Cummins,Northern Arizona Lumberjacks,54
Elle Snyder,Evansville Purple Aces,54
Macy Spencer,UNLV Lady Rebels,54
Mariana Valenzuela,Florida State Seminoles,54
Julianna LaMendola,Indiana Hoosiers,54
Alisa Knight,Texas Southern Tigers,54
Alyssa Andrews,Wake Forest Demon Deacons,54
Una Jovanovic,TCU Horned Frogs,54
Allison Cannon,NJIT Highlanders,54
Erica Hall,Mercyhurst Lakers,54
Lexie Green,Southern Indiana Screaming Eagles,54
Henna Sandvik,Indiana Hoosiers,54
Katie Thiers,Princeton Tigers,54
Joseana Vaz,Colorado State Rams,54
Justine Pissott,Vanderbilt Commodores,54
Emily Counsel,Denver Pioneers,54
Jaeda Wilson,Georgetown Hoyas,54
Kendal George,SIU Edwardsville Cougars,54
Zaria Glover,Jackson State Lady Tigers,54
Laila Hull,North Carolina Tar Heels,54
Pinja Paananen,Arkansas Razorbacks,54
Ellie Pingree,American University Eagles,54
Grace Ardito,Union Garnet Chargers,54
Lauren Gerken,Bowling Green Falcons,54
Lexie Foutch,Tulsa Golden Hurricane,54
Ella Brow,SMU Mustangs,54
Caroline Thiel,Charlotte 49ers,54
Ramiyah Byrd,Cincinnati Bearcats,54
Madisyn Jordan,Wake Forest Demon Deacons,54
Dia Denes,Long Island University Sharks,53
Kyera Thornsbury,Jacksonville State Gamecocks,53
Lauryn Madsen,UC Irvine Anteaters,53
Nasi Simmons,Columbia Lions,53
Maggie Stutelberg,Western Michigan Broncos,53
Marta Alsina,Washington State Cougars,53
Ali Hardwell,South Carolina State Lady Bulldogs,53
Jacee Busick,Belmont Bruins,53
Emilia Tenbrock,Coastal Carolina Chanticleers,53
Kaziah Akinniyi,Lincoln (PA) Lions,53
Amelie Sitterud,Loyola Marymount Lions,53
Alexis Burce,Erskine Flying Fleet,53
Maya Hyacienth,Saint Peter's Peacocks,53
Gretchen Dolan,Illinois Fighting Illini,53
Shirel Nahum,UC Irvine Anteaters,53
Madi Hawk,Wofford Terriers,53
Alani Fluker,Tarleton State Texans,53
Audrey Biggs,Pittsburgh Panthers,53
Alexa Mikeska,William & Mary Tribe,53
Lele Tanuvasa,South Carolina Upstate Spartans,53
Se'Quoia Allmond,Southern Illinois Salukis,53
Lexi Blue,Kentucky Wildcats,53
Taylor Woodson,Minnesota Golden Gophers,53
Kam'Ren Rhodes,Akron Zips,53
Ellie Colbeck,South Dakota State Jackrabbits,53
Aasia Sam,Louisiana Ragin' Cajuns,53
Anna Lassan,Detroit Mercy Titans,53
Savannah Davis,Middle Tennessee Blue Raiders,53
Chloe Siegel,North Alabama Lions,53
Samantha Crispe,Utah Utes,53
Savannah Curry,Temple Owls,53
Sapphire Jones,La Sierra Golden Eagles,53
Camron Blank,IU Indianapolis Jaguars,53
Lauryn Stover,Mercyhurst Lakers,53
Raeven Raye-Redmond,Valparaiso Beacons,53
Zoe Jackson,Abilene Christian Wildcats,53
Jayden Rhodes,San Diego Toreros,53
Sara Aumer,Virginia-Lynchburg Dragons,53
Zuri Ransom,Ball State Cardinals,53
Quinn Borroni,Mercyhurst Lakers,53
Victoria Morris,North Carolina Central Eagles,53
Alyssa Berry,Morehead State Eagles,53
Tally Williams,Chicago State Cougars,53
Gabby Razzano,Northern Kentucky Norse,53
Allison Heathcock,Creighton Bluejays,53
Caleigh-Rose West,Western Kentucky Lady Toppers,53
Anna Hager,High Point Panthers,53
Zahira Arizmendi Rubio,Florida Atlantic Owls,53
Emily Bennett,Virginia-Lynchburg Dragons,53
Kennedy Lee,Nevada Wolf Pack,53
Indiya Clarke,Wofford Terriers,53
Jenna Cook,Central Arkansas Sugar Bears,53
Raymi Coueta,Duquesne Dukes,53
Elizabeth Lavoie,New Hampshire Wildcats,53
Rubi Gray,Sacramento State Hornets,53
Taylor Ross,UTSA Roadrunners,53
Leyah Houston,Alcorn State Lady Braves,53
Shanihya Brown,New Orleans Privateers,53
Sofie Lowis,SIU Edwardsville Cougars,53
Danielle Roberts,Bethesda University Flames,53
Kendall Hendrix,Loyola Chicago Ramblers,53
Abby Graham,North Dakota State Bison,53
Olivia Forster,South Carolina Upstate Spartans,53
Anjelicia Del Valle,Southeast Missouri State Redhawks,53
Kathleen Birmingham,SUNY Geneseo Knights,53
Maryam Dauda,South Carolina Gamecocks,53
Bella Perkins,Pittsburgh Panthers,53
Frode Flos van der Schans,Chattanooga Mocs,53
Jada Williams,Milwaukee Panthers,53
Kaitlyn Adams,Queens University Royals,53
Kenadee Winfrey,UNLV Lady Rebels,53
Summer Yancy,UCF Knights,53
Payton Miller,Northwestern State Lady Demons,53
Janet Arias,Park University Gilbert Buccaneers,53
Camille Jackson,Miami (OH) RedHawks,53
Cassidy Lafler,Ohio Bobcats,53
Kharyssa Richardson,Ole Miss Rebels,53
Mackenzie Wright-Rawls,NJIT Highlanders,53
Shadasia Brackens,North Texas Mean Green,53
Keshia Vitalicio,Lehigh Mountain Hawks,53
Aga Makurat,Vanderbilt Commodores,53
Camryn Hill,Old Dominion Monarchs,53
Dawson Jemerson,Coastal Carolina Chanticleers,53
Anastasija Veljovic,Fordham Rams,53
Karsen Marshall,Cal State Northridge Matadors,53
Andraya Dimas,Park University Gilbert Buccaneers,53
Jazmyne Jackson,Georgia Southern Eagles,53
Paris Whitfield,Champion Christian Tigers,53
Clara Glad,UC Davis Aggies,53
Kaelyn Flowers,Florida Gulf Coast Eagles,53
Mackenzie Joseph,New Orleans Privateers,53
Malaka Cobb,Hampton Lady Pirates,53
Yasmin Ott,UMBC Retrievers,53
Kendall Beck,Houston Christian Huskies,53
Karianna Woods,Bethune-Cookman Wildcats,53
Janelle Brown,Fairfield Stags,53
Teagan Mallegni,Iowa Hawkeyes,53
Brianna Hill,Southeast Missouri State Redhawks,53
Reagan Trumm,Western Carolina Catamounts,53
Casey Valenti-Paea,Virginia Cavaliers,53
Annemarie Batista,Little Rock Trojans,53
Ellie Southards,Presbyterian Blue Hose,53
Nora Perez,Cal Poly Mustangs,53
Leah Philpotts,Charleston Cougars,53
Eszter Turi,Siena Saints,53
Kali Haizlip,UT Arlington Mavericks,53
Cassidy Rowe,Kentucky Wildcats,53
Jada Cook,Murray State Racers,53
Hama'ya Fielder,Old Dominion Monarchs,53
Justice Ross,Lamar Cardinals,53
Salma Khedr,Western Kentucky Lady Toppers,53
Torie Sevier,Texas A&M-Corpus Christi Islanders,53
Ja'Shelle Johnson,UT Rio Grande Valley Vaqueros,53
Page Greenburg,George Mason Patriots,53
Maele Van Houtert,Central Baptist College Mustangs,53
Malia Tharpe,San Diego Toreros,53
Te'Yala Delfosse,Michigan Wolverines,53
Jada Richard,LSU Tigers,53
Victoria Suarez,Puerto Rico-Mayaguez Bulldogs,53
Sinai Douglas,Michigan State Spartans,53
Jordan Boddie,Austin Peay Governors,53
Brooklyn Taylor,Sacramento State Hornets,53
Courtney Taylor,Coker Cobras,53
Taylor Holohan,Northeastern Huskies,52
Grace Knutson,Drake Bulldogs,52
Janyah Bohanon,Howard Bison,52
Ashna Tambe,Pennsylvania Quakers,52
Emiyah Cobb,SIU Edwardsville Cougars,52
Bailey Gilmore,Memphis Tigers,52
Lola Donez,California Golden Bears,52
Sarah Lazar,Vermont Catamounts,52
Taedyn Gray,Drake Bulldogs,52
Saniah Tyler,Kentucky Wildcats,52
Aspen Johnson,Mercer Bears,52
Caitlyn Stanley,LeTourneau Yellow Jackets,52
J'Unti Franklin,East Texas A&M Lions,52
Abby Sharpe,Pennsylvania Quakers,52
Noelle Hubert,Northern Kentucky Norse,52
Nicki Polocheck,UC San Diego Tritons,52
Gabby Robinson,Cal Poly Mustangs,52
Nariah Scott,Providence Friars,52
Jade Tillman,East Carolina Pirates,52
Latazia Williamson,Memphis Tigers,52
Allie Ziebell,UConn Huskies,52
Janie Bachmann,Holy Cross Crusaders,52
Emily Siesel,Bowling Green Falcons,52
Marley Long,William & Mary Tribe,52
Blau Tor,Columbia Lions,52
Tianna Thompson,Georgia Tech Yellow Jackets,52
Stephanie Utomi,Mercer Bears,52
Makenna Earnest,College Of Saint Mary Flames,52
Lauren Thompson,UMBC Retrievers,52
Audrey Kormann,NJIT Highlanders,52
Abbigail Stephens,UT Martin Skyhawks,52
Success Prysock,Morgan State Lady Bears,52
Charlece Ohiaeri,DePaul Blue Demons,52
Regina Walton,Elon Phoenix,52
Kendra Gillispie,BYU Cougars,52
Morgan Holland,Faulkner Eagles,52
Kiersten Johnson,Oklahoma Sooners,52
Rylee Langerman,Oklahoma State Cowgirls,52
Kaylan Deveney,Rider Broncs,52
Angelina Nice,Radford Highlanders,52
Reagan Wilson,Iowa State Cyclones,52
Ayanna Varela,Montreat Cavaliers,52
Lucy Hood,East Tennessee State Bucs,52
Cam Mathews,Tulsa Golden Hurricane,52
Mayla Ham,Central Michigan Chippewas,52
Mikayla Werner,St. Thomas-Minnesota Tommies,52
Andheya Aurelio,Jessup University Warriors,52
Bailey Burns,Jacksonville Dolphins,52
Mady Calhoun,Brown Bears,52
Devyn Quigley,NC State Wolfpack,52
Rosie Scognamiglio,Lafayette Leopards,52
Sydni Scott,Fairfield Stags,52
Eghosa Obasuyi,Georgia State Panthers,52
Camerah Langston,Bethune-Cookman Wildcats,52
Elizabeth Field,Stony Brook Seawolves,52
Riley Smith,Central Michigan Chippewas,52
Chania Price,North Texas Mean Green,52
Amiyah Ferguson,Fordham Rams,52
Audrey Deptula,Loyola Chicago Ramblers,52
Nisea Burrell,Austin Peay Governors,52
Nia Chima,UMass Lowell River Hawks,52
Chantrel Clayton,UIC Flames,52
Michelina Lombardi,Le Moyne Dolphins,52
Tove Caesar,Houston Christian Huskies,52
Ashley Rojas,Arkansas-Pine Bluff Golden Lions,52
Kamara Mills,Queens University Royals,52
Sofia Ceppellotti,North Alabama Lions,52
Courtney Turner,Portland State Vikings,52
Lilah Moore,Northern Colorado Bears,52
Aubrey Brown,Northeastern State RiverHawks,52
Macy Brown,Michigan Wolverines,52
Davina Smith,Indiana State Sycamores,52
Tia Morgan,Purdue Fort Wayne Mastodons,52
Kennedy Moore,Wake Forest Demon Deacons,52
Lucie Castagne,UCF Knights,52
Dakota Alston,Morgan State Lady Bears,52
Judit Oliva Fernandez,Long Beach State Beach,52
Alieghya Bartholomew,Delaware Blue Hens,52
Carla Osma,Kansas Jayhawks,52
Samantha Shanks,Southern Miss Lady Eagles,52
Natalie Potts,Nebraska Cornhuskers,52
Vitoria Santana,Penn State Lady Lions,52
Mariah Knight,Jacksonville Dolphins,52
Reza Po,New Mexico Lobos,52
Aysia Proctor,UTSA Roadrunners,52
Grace Booth,Tarleton State Texans,52
Brooklyn Vaughn,Loyola Chicago Ramblers,52
Jada Brown,George Mason Patriots,52
Nia McGee,St. Thomas (TX) Celts,52
Kennedy Carlyle,Utah Valley Wolverines,52
Bri Robinson,Northern Iowa Panthers,52
Mia Beam,Bellarmine Knights,52
JaKayla Thompson,Boston College Eagles,52
Sydney White,California Baptist Lancers,52
Avery O'Connor,New Hampshire Wildcats,52
Mackenzie Thomas,SE Louisiana Lady Lions,52
Isabel Tillett,Saint Louis Billikens,52
Rakiyah Beal,North Dakota Fighting Hawks,52
Mahri Petree,Purdue Boilermakers,52
Mallory Daly,Buffalo Bulls,52
Leah Harmon,Miami Hurricanes,52
Artemis Kouki,Western Michigan Broncos,52
Isabella Tanedo,Utah State Aggies,52
Malea Egan,Marist Red Foxes,52
Maria McConnell,Mercyhurst Lakers,52
Emma Barnett,Ohio Bobcats,52
Sam Dewey,Richmond Spiders,52
Amy Kurkowski,Saint Mary's Gaels,52
Jaelyn Acker,Furman Paladins,52
Katie Fiso,Oregon Ducks,52
Ruby Willard,Elon Phoenix,52
Laycee Drake,UAlbany Great Danes,52
Landry Allen,Oklahoma Sooners,52
Lyric Barr,Houston Christian Huskies,52
Peyton Gerdes,High Point Panthers,52
Ava Knipstein,Schreiner Mountaineers,52
Destinee Salgado,Iona Gaels,52
Timia Ware,East Carolina Pirates,52
Katelyn Chomko,Robert Morris Colonials,52
Kayla Mount,Chicago State Cougars,52
Lexi Castator,Valparaiso Beacons,52
Kiarra Kennedy,Maryland Eastern Shore Hawks,52
Diana Eliasson,New Hampshire Wildcats,52
Kalise Hill,Morehead State Eagles,52
Amelia Osgood,Princeton Tigers,52
Sophie Benharouga,Seattle U Redhawks,52
Autumn Smith,Louisiana Tech Lady Techsters,52
Natalia Sierra-Vargas,George Washington Revolutionaries,52
Lexi Deden,Montana State Bobcats,52
Alli Harness,Western Michigan Broncos,52
Tierney Coleman,North Carolina Central Eagles,52
Ciara Bailey,Norfolk State Spartans,52
Dani Ceseretti,Villanova Wildcats,52
Jayda Clark,Boise State Broncos,52
Ashley Carrillo,Presbyterian Blue Hose,52
Candela Garcia-Escribano,Long Island University Sharks,52
Alondra Lizama,Cal State Northridge Matadors,52
Kassie Ingram,Marshall Thundering Herd,52
Hilary Fuller,Belmont Bruins,52
Kylah Moore,Coppin State Eagles,52
Madi Symons,Wyoming Cowgirls,52
Tamia Dolls,Wiley Wildcats,52
Terren Ward,Mississippi State Bulldogs,52
Nicole Sandifer,Grambling Lady Tigers,52
Dylan Tse,Cal State Bakersfield Roadrunners,52
Jazmine Klausmeier,Virginia-Lynchburg Dragons,52
Makenna Jarratt,Cleary University Cougars,52
Jordyn Marshall,UC Riverside Highlanders,52
Maria Doreste,Wagner Seahawks,52
Eriny Kindred,Florida Gators,52
Jhaven Meade,South Carolina State Lady Bulldogs,52
Ayasha Thomas,Bowie State Bulldogs,52
Charia Smith,Marquette Golden Eagles,52
Ambah Kowcun,Eastern Kentucky Colonels,52
Noemi Arvai,Sacramento State Hornets,52
Amelia Hobson,North Dakota State Bison,52
Karina Gordon,Florida Gulf Coast Eagles,52
Myla Benton,Morehead State Eagles,52
Holly Griffiths,Fresno State Bulldogs,52
Aislin Malcolm,Pittsburgh Panthers,52
Sydney Bolden,Ball State Cardinals,52
Isabellah Middleton,St. Bonaventure Bonnies,52
Nia Brown,North Florida Ospreys,52
Julia Puente,McNeese Cowgirls,52
Mya Johnson,Bethune-Cookman Wildcats,52
Olivia Vandergriff,Lipscomb Bisons,52
Sophie Baydanov,UMass Lowell River Hawks,52
Keala Johnson,Cheyney (PA) Wolves,52
Bailey Barnhard,San Diego State Aztecs,52
Nadechka Laccen,St. Bonaventure Bonnies,52
Paige Girardi,Quinnipiac Bobcats,52
Mia Vuksic,San Francisco Dons,52
Abby Holtman,Cincinnati Bearcats,52
Tyra Myers,Stetson Hatters,52
Nia Anderson,California Baptist Lancers,52
D'Yanis Jimenez,Wisconsin Badgers,52
Emma Haan,Vermont Catamounts,51
Sydnei Collier,Texas A&M-San Antonio Jaguars,51
Sania Jenkins,La Salle Explorers,51
Kyriana Jones,Tarleton State Texans,51
Jadyn Atchison,Old Dominion Monarchs,51
Kanani Coon,UC Santa Barbara Gauchos,51
Elizabeth Romer,UT Rio Grande Valley Vaqueros,51
Ja-Kahla Craft,Seton Hall Pirates,51
Teagan Erickson,Montana State Bobcats,51
Abbey Cracknell,Marquette Golden Eagles,51
Hannah Robbins,Montana State Bobcats,51
Sarah Baker,Youngstown State Penguins,51
Ali Stephens,Omaha Mavericks,51
Angel Hill,Tennessee State Lady Tigers,51
Jordan Rosier,South Alabama Jaguars,51
Clara Rosini,Georgia State Panthers,51
Lily Bottomley,Loyola Maryland Greyhounds,51
Joniyah Bland-Fitzpatrick,Seton Hall Pirates,51
Keona Curtis,North Carolina A&T Aggies,51
Emily McElmurry,Eastern Washington Eagles,51
Alyssa Christensen,Boise State Broncos,51
Anna Stromberg,Radford Highlanders,51
Hana Abdel Aal,Bellarmine Knights,51
Jamiria Jones,Georgia Southern Eagles,51
Emerson Thompson,Campbell Fighting Camels,51
Gabby Betton,Loyola Maryland Greyhounds,51
Ella Weaver,Toledo Rockets,51
Cristina Parrella,Princeton Tigers,51
Emma Donnelly,Iona Gaels,51
Sydney Postell,Le Moyne Dolphins,51
Ashtyn Zeigler,Guilford Quakers,51
Kaitlin Burgess,Weber State Wildcats,51
Aleah Sorrentino,Massachusetts Minutewomen,51
Abby Ray,UAlbany Great Danes,51
Kyara Champagne,Chicago State Cougars,51
Brianna Ellis,New Orleans Privateers,51
Kylie Morris,Davis & Elkins Senators,51
Nasia Powell,UNC Greensboro Spartans,51
Alanna Phillipo,Eastern Illinois Panthers,51
Janiyah Tucker,Arkansas-Pine Bluff Golden Lions,51
McKenna Johnson,Minnesota Golden Gophers,51
Cori Allen,Illinois Fighting Illini,51
Xamiya Walton,Northwestern Wildcats,51
Lucia Martinez Lopez,Xavier Musketeers,51
Brittany Cambell,Kentucky State Thorobreds,51
Ale Civera,Iona Gaels,51
Kylah McCullers,Mississippi Valley State Devilettes,51
Catelyn Wheeler,Stonehill Skyhawks,51
Alarice Gooden,Hofstra Pride,51
Irena Korolenko,Santa Clara Broncos,51
Laila Harrison,Bowling Green Falcons,51
Staci Williams,Fairleigh Dickinson Knights,51
Meghan Fiso,San Diego State Aztecs,51
Jazzy Owens-Barnett,Rice Owls,51
Madison St. Rose,Princeton Tigers,51
Syria Butler,New Orleans Privateers,51
Katarina Knezevic,Arizona Wildcats,51
Kylee Fears,Merrimack Warriors,51
Eri Blithikioti,UC San Diego Tritons,51
Madeline Potts,Syracuse Orange,51
Ellie Cerf,Dartmouth Big Green,51
Selma Eklund,North Florida Ospreys,51
Cierra Pearson,Central Connecticut Blue Devils,51
DeeDee Shephard,Charlotte 49ers,51
Esther Kursite,Sacred Heart Pioneers,51
Julia Webster,Stonehill Skyhawks,51
Anaya Harris,Gardner-Webb Runnin' Bulldogs,51
Jordan Zubich,North Carolina Tar Heels,51
Ivy Fox,La Salle Explorers,51
Taylor Charles,Princeton Tigers,51
Paris Lauro,New Mexico Lobos,51
Maci Quiller,Texas Southern Tigers,51
Felicia Jacobs,Temple Owls,51
Taylor Caldwell,Charleston Southern Buccaneers,51
Ella Wedin,Saint Mary's Gaels,51
Aimee Flippen,Abilene Christian Wildcats,51
Magdalena Schmidt,Yale Bulldogs,51
Rosa Smith,UC San Diego Tritons,51
Zora Fray-Chinn,South Carolina Upstate Spartans,51
Kyleigh Welsh,NJIT Highlanders,51
Lemyah Hylton,Miami Hurricanes,51
Snowda Watie,Northeastern State RiverHawks,51
Paula Pique,Abilene Christian Wildcats,51
Jasmine Nichols,Western Illinois Leathernecks,51
Ellie Buzzelle,Green Bay Phoenix,51
Nya Harmon,Texas Southern Tigers,51
Lila Posthuma,Bradley Braves,51
Alize Tripp,Detroit Mercy Titans,51
Mickelle Lowry,Coppin State Eagles,51
Alejandra Mastral,Robert Morris Colonials,51
Sophi Hall,Providence Friars,51
Laila Phelia,Texas Longhorns,51
Steph Ouderkirk,Richmond Spiders,51
Caelan Ellis,Charleston Southern Buccaneers,51
Sienna Dauer,Davidson Wildcats,51
Terriana Gray,North Carolina Central Eagles,51
Mariyah Brown,Houston Christian Huskies,51
Jamia Carter,Portland State Vikings,51
Kehinde Obasuyi,Western Carolina Catamounts,51
Maria Arrebola,Columbia Lions,51
Jasmine Fearne,Bowling Green Falcons,51
Albina Syla,Rhode Island Rams,51
Remi Sisselman,Lehigh Mountain Hawks,51
Daviane Mindoudi Ongbakahoumb,Florida Gators,51
Georgia Heine,Pennsylvania Quakers,51
Chelsea Graiver,Stonehill Skyhawks,51
Amarah Streiff,Colgate Raiders,51
Monna Julkunen,Georgia State Panthers,51
Jocelyn Chavez,Rider Broncs,51
Natalie Fraley,Portland Pilots,51
Morgan Matthews,George Washington Revolutionaries,51
Shira Elkis,Stonehill Skyhawks,51
Violette Skipworth,Nicholls Colonels,51
Tatiana Matthews,Colgate Raiders,51
Katy Reyerson,Northern Iowa Panthers,51
Mariyah Noel,Ole Miss Rebels,51
Bianca Juzzo,Kent State Golden Flashes,51
Sydney Pettis,North Florida Ospreys,51
Hennessey Luu-Brown,Miami (OH) RedHawks,51
Milly Sharp,Boise State Broncos,51
Jalysa Stokes,UIC Flames,51
Kennedy Blair,Michigan State Spartans,51
Alva Mofalk,McNeese Cowgirls,51
Shayla Gillmer,Washington Huskies,51
Sofia Llanos,Portland State Vikings,51
Lucy Larson,Seattle U Redhawks,51
Rhema Pegues,North Alabama Lions,51
Grace Hunter,North Florida Ospreys,51
Lara Cook,Colgate Raiders,51
Khamya McNeal,George Mason Patriots,51
Macy Smith,St. Bonaventure Bonnies,51
Olivia O'Meally,NJIT Highlanders,51
Ali'a Matavao,Loyola Marymount Lions,51
Brooklyn McDaniel,Jacksonville State Gamecocks,51
Gemma Gruttner Bacoul,East Tennessee State Bucs,51
Deniz Torgut,VCU Rams,51
Karina McMillan,Cal Lutheran Kingsmen,51
KJ Walker,Lamar Cardinals,51
Isabella Pitta,Lipscomb Bisons,51
Alexia Araujo-Dagba,Georgetown Hoyas,51
Jaidyn Harper,East Tennessee State Bucs,51
Marisa Davis-Jones,San José State Spartans,51
Rhianna Williams,Kentucky State Thorobreds,51
Mary Wilson,Denver Pioneers,51
Qadence Samuels,UConn Huskies,51
Jailah Clark-Jones,UNC Greensboro Spartans,51
Maddie Diabate,Detroit Mercy Titans,51
Ruby Sweeney-Spitzeck,Idaho State Bengals,51
Taleiyah Gibbs,Texas State Bobcats,51
Lily Hansford,Iowa State Cyclones,51
Madi Ott,Clemson Tigers,51
Caliana Fenceroy,Niagara Purple Eagles,51
Zaire Mcneal,Southern-New Orleans Knights,51
Hope LeMelle,Stephen F. Austin Ladyjacks,51
Maddie Antenucci,Florida Gulf Coast Eagles,51
Alaijah Kirk-Veal,Clinton College Golden Bears,51
Alyssa Crockett,Michigan Wolverines,51
Maren Westin,Green Bay Phoenix,51
Aliyah Collins,Mercer Bears,51
Yana Karamfilova,South Florida Bulls,51
Kendall Wingler,IU Indianapolis Jaguars,51
Jess Ross,Massachusetts Minutewomen,51
Savannah McGowan,Illinois State Redbirds,51
Lillian Jackson,Grambling Lady Tigers,51
Tamar Kopilevech,Queens University Royals,51
Tivona Myles,Brenau University Golden Tigers,51
Bri Bowen,Quinnipiac Bobcats,51
Maddie Cox,NC State Wolfpack,51
Layla Laws,Saint Peter's Peacocks,50
Timaya Lewis-Eutsey,VCU Rams,50
Ava McKennie,Maryland Terrapins,50
Eryn McKinzie,Incarnate Word Cardinals,50
Eden Johnson,Georgia State Panthers,50
Inez Gallegos,Boston University Terriers,50
Elizabeth Archer,American University Eagles,50
Jordan Jackson,Wichita State Shockers,50
Paula Maurina,Saint Joseph's Hawks,50
Jada Collins,Tennessee State Lady Tigers,50
Shanelle Smith,Queens University Royals,50
Maggie Czinano,Minnesota Golden Gophers,50
Jasmine Matthews,Louisiana Ragin' Cajuns,50
Jelissa Reese,Prairie View A&M Lady Panthers,50
Laci Steele,NC State Wolfpack,50
Madelyne Davis,Houston Christian Huskies,50
Taliah Scott,Auburn Tigers,50
Lauren Cohen,Illinois State Redbirds,50
Chloe Spreen,Alabama Crimson Tide,50
Sydney Golladay,Creighton Bluejays,50
LaKeeyah Barnes,Niagara Purple Eagles,50
Abbey Kimball,Michigan State Spartans,50
Nia Henley,Navy Midshipmen,50
Lexy Linton,Kent State Golden Flashes,50
Ashley O'Connor,Bucknell Bison,50
Juliann Woodard,Michigan State Spartans,50
Kiyah Hurst,North Dakota Fighting Hawks,50
Fatou Diakite,South Florida Bulls,50
Marya Hudgins,BYU Cougars,50
Anaja Hall,Alabama State Lady Hornets,50
Tre'Miyah Berry,New Orleans Privateers,50
Desiree Ware,UAB Blazers,50
Aubrey Joens,Oklahoma Sooners,50
Ella Meabon,Colgate Raiders,50
Corrie McLaughlin,UNC Wilmington Seahawks,50
Serina Quezada,Bethesda University Flames,50
Draya Wacker,Montana Lady Griz,50
Mariama Sow,Western Kentucky Lady Toppers,50
Ashley Tudor,Marshall Thundering Herd,50
Tahnyjia Purifoy,Florida A&M Rattlers,50
Stella Sgro,San José State Spartans,50
Ellie Boni,Eastern Washington Eagles,50
Latifa Amzil,Detroit Mercy Titans,50
Rachel Griffin,North Carolina A&T Aggies,50
Caroline Waite,Illinois State Redbirds,50
Jordan Tuff,UNC Asheville Bulldogs,50
Heather Baymon,Texas State Bobcats,50
Semie Brar,Indiana State Sycamores,50
Kelowna Ngoyi,Southern Illinois Salukis,50
Kayla Hampton,Tulane Green Wave,50
Mikiya House,Queens University Royals,50
Mia Hardin,Mississippi Valley State Devilettes,50
Jeniah Thompson,Southern Illinois Salukis,50
Kayce Hyman,Bellarmine Knights,50
Ja'Miyah Bryant,Grambling Lady Tigers,50
Margarita Satini,Weber State Wildcats,50
Adriana Jones,Troy Trojans,50
Alyssa Ervin,Elon Phoenix,50
Sophia Zufelt,UT Rio Grande Valley Vaqueros,50
Abigail Long,Yale Bulldogs,50
Brooke Suttle,Pennsylvania Quakers,50
Kennan Ka,Long Beach State Beach,50
Daniela Falcon Hernandez,UC Irvine Anteaters,50
De'Ahna Richardson,Western Michigan Broncos,50
Emily Bratton,Miami (OH) RedHawks,50
Charli Kay,Southern Utah Thunderbirds,50
Laryn Scott,Nicholls Colonels,50
Camila De Pool,Fordham Rams,50
Maria Messling,Western Illinois Leathernecks,50
Kelly Boyle,UNC Greensboro Spartans,50
Nalani Simmons,Longwood Lancers,50
Aaliyah Gayles,USC Trojans,50
Kira-May Filemu,Hawai'i Rainbow Wahine,50
Meegan Fahy,SIU Edwardsville Cougars,50
Raina Tomasicka,South Florida Bulls,50
Kelian Cedano,Temple Owls,50
Lauren Perry,Omaha Mavericks,50
Sarang West,North Alabama Lions,50
Paulina Hernandez,Cleveland State Vikings,50
Maggie Besselink,Arizona State Sun Devils,50
Kaylee Corbin,Northern Iowa Panthers,50
Monica Williams,Ohio Bobcats,50
Madisyn Moore-Nicholson,American University Eagles,50
Jada Gyamfi,Iowa Hawkeyes,50
Kennedy Flanagan,Western Illinois Leathernecks,50
Destiny Agubata,West Virginia Mountaineers,50
Sara Zabrecky,UIC Flames,50
Grace Strickland,Mercyhurst Lakers,50
Zoe Stewart,Missouri State Lady Bears,50
Claire Gallagher,San Diego Toreros,50
Savanna Jones,Seton Hall Pirates,50
Nyayongah Gony,UTSA Roadrunners,50
Avery Strickland,Tennessee Lady Volunteers,50
Payton Fields,St. Bonaventure Bonnies,50
Jada Knight,Samford Bulldogs,50
Madison O'Dell,Robert Morris Colonials,50
Amari DeBerry,Maryland Terrapins,50
Gisella Maul,California Golden Bears,50
Brenna Burk,Little Rock Trojans,50
Rachel Shropshire,Bellarmine Knights,50
Madison Bartley,Baylor Bears,50
Seneya Martinez,App State Mountaineers,50
Claudia Marina Gonzalez,Florida International Panthers,50
Jessica Woods,Campbell Fighting Camels,50
Kristina Rakotobe,UNC Greensboro Spartans,50
Kastyn Young,Utah Tech Trailblazers,50
Ar'Mani Reid,Winthrop Eagles,50
Cloe Vecina,Oregon State Beavers,50
Jessie Ozzauto,Lehigh Mountain Hawks,50
Jayda Johnson,Dayton Flyers,50
Kylie Waytashek,Valparaiso Beacons,50
Emilie Bessell,Davidson Wildcats,50
Journee McDaniel,East Carolina Pirates,50
Aanaya Harris,Charlotte 49ers,50
Tahira Muhammad,Dartmouth Big Green,50
Isabella Casey,Bucknell Bison,50
Alyssa Febres,Kansas City Roos,50
Ariel Little,St. John's Red Storm,50
Sophia LeGoullon,William & Mary Tribe,50
Hildur Gunnsteinsdottir,Boston University Terriers,50
Tanajah Hayes,Florida International Panthers,50
Kierra Morrow,Elon Phoenix,50
Mar'Cyah Willis,Tarleton State Texans,50
Stella Szabo,Pacific Tigers,50
Kiylynn Dawkins,Northern Illinois Huskies,50
Amiaya Morgan,Maryland Eastern Shore Hawks,50
Joselyn Johnson,Virginia-Lynchburg Dragons,50
Maddie Vizza,Northeastern Huskies,50
Rebecca Moors,Hawai'i Rainbow Wahine,50
Aubrey Reid,UT Arlington Mavericks,50
Tara Daye,St. John's Red Storm,50
Takiela Jones,Mississippi University For Women Owls,50
Jada Bates,Arkansas Razorbacks,50
MacKenzie Givens,Xavier Musketeers,50
Asha Sra,Grand Canyon Lopes,50
Natalie Herrin,Presbyterian Blue Hose,50
Alyssa Tarpley,Samford Bulldogs,50
Cadence Johnson,Merrimack Warriors,50
Morgan Boyd,Presbyterian Blue Hose,50
Morgan Tompkins,Marist Red Foxes,49
Veronaye Charlton,North Alabama Lions,49
Lena Walz,St. Bonaventure Bonnies,49
Jayda Brown,St. John's Red Storm,49
Lorena Barbosa,San Francisco Dons,49
Anastasia Drosouni,California Golden Bears,49
Maria Serracanta,Northern Illinois Huskies,49
Alicia Newell,Richmond Spiders,49
Allie Hueckman,Boise State Broncos,49
Teresa Mbemba,Presbyterian Blue Hose,49
Mya Dotson,Charleston Southern Buccaneers,49
Xanthippi Karatasiou,Canisius Golden Griffins,49
Mona Zaric,Harvard Crimson,49
Isabella Gonzalez,Virginia-Lynchburg Dragons,49
Sh'Diamond McKnight,Mississippi Valley State Devilettes,49
Taylor Moffat,Portland State Vikings,49
Ona Alarcon,Maine Black Bears,49
Kaley Perkins,Kent State Golden Flashes,49
Kamryn Mafua,California Golden Bears,49
Susana Yepes,Oregon State Beavers,49
Emma Lytle,Air Force Falcons,49
Kylee Norkus,Evansville Purple Aces,49
Julene Royale,Jacksonville Dolphins,49
Diarrah Sissoko,New Mexico State Aggies,49
Vinyet Morato,Western Michigan Broncos,49
Shannon Blacher,Northern Illinois Huskies,49
Leah Bullard,Oakland Golden Grizzlies,49
Emily Fisher,Maryland Terrapins,49
Kelis Grant,Sam Houston Bearkats,49
Avery O'Roke,NJIT Highlanders,49
Emily Monson,Middle Tennessee Blue Raiders,49
Audrey Annee,Army Black Knights,49
Ashala Moseberry,West Virginia Mountaineers,49
Nyla Cooper,Howard Bison,49
Kayanna Cox,SMU Mustangs,49
Trinity Barnes,UNC Asheville Bulldogs,49
Hannah Riddick,Memphis Tigers,49
Erin Powell,Colorado Buffaloes,49
Brianna Sanchez,UT Rio Grande Valley Vaqueros,49
JaNai Coleman,UT Rio Grande Valley Vaqueros,49
Raven LeXander,Stetson Hatters,49
Arlisha Boston,Hampton Lady Pirates,49
Alisa Blalock,La Salle Explorers,49
Georgia Cox,Eastern Illinois Panthers,49
Stanislava Kabernick,Middle Tennessee Blue Raiders,49
Daylee Dunn,Cincinnati Bearcats,49
Ines Gnahore,UC Irvine Anteaters,49
Kyana Weir,Omaha Mavericks,49
Logann Alvar,Wyoming Cowgirls,49
JoJo Nworie,Colorado Buffaloes,49
Aalayah Wilson,Lindenwood Lions,49
Liz Murphy,Akron Zips,49
De'Shawnti Thomas,Illinois State Redbirds,49
Dayshawna Carter,Monmouth Hawks,49
Ellie Colson,Eastern Illinois Panthers,49
Kailyn Farrell,Chattanooga Mocs,49
Isamery Telleria,Jacksonville Dolphins,49
Jeanee Anderson,Alcorn State Lady Braves,49
Jessica Wangolo,Le Moyne Dolphins,49
Audrey Meyers,High Point Panthers,49
Jayda Johnston,Eastern Illinois Panthers,49
Jamia Blake,Rider Broncs,49
Wyvette Mayberry,Kansas Jayhawks,49
Izzy McPherson,Chattanooga Mocs,49
Ternadoo Agatha Agba,Southern Illinois Salukis,49
Jovana Spasovski,Wisconsin Badgers,49
Alice Dart,Washington State Cougars,49
Rachel Kuhl,Monmouth Hawks,49
Sarah Hammack Fitzgerald,Old Dominion Monarchs,49
Kassidy Thompson,Hofstra Pride,49
Gabriella Kelley,Pennsylvania Quakers,49
Gal-la Font,West Georgia Wolves,49
Taylor Rietveld,Louisiana Tech Lady Techsters,49
Lauren Crocker,Utah Tech Trailblazers,49
Caya Smith,Oklahoma Sooners,49
Sophia Rueppell,Kennesaw State Owls,49
Saran Moschella,Navy Midshipmen,49
Alena Fusetti,Mercyhurst Lakers,49
Jordana Codio,Texas Longhorns,49
Kennedy Clifton,Rice Owls,49
Amany Lopez,Rider Broncs,49
Sophia Lee,Sacramento State Hornets,49
Riley Wright,St. Thomas-Minnesota Tommies,49
Jayda Holiman,UT Rio Grande Valley Vaqueros,49
Noga Haran,Stetson Hatters,49
Makolla Bagayegou,Houston Christian Huskies,49
Mataeya Mathern,North Dakota Fighting Hawks,49
Jada Harrison,Middle Tennessee Blue Raiders,49
Dacia Jones,Louisiana Ragin' Cajuns,49
Natalie Mazurek,TCU Horned Frogs,49
Eliza Buerk,Davidson Wildcats,49
Alba Garcia,Charleston Southern Buccaneers,49
Imani Warren,New Mexico State Aggies,49
Ava Toone,Loyola Marymount Lions,49
Madison Watts,Loyola Marymount Lions,49
Kennadi Archibald,Sacramento State Hornets,49
Jasmine Timmerson,Davidson Wildcats,49
Aubrie Kierscht,South Carolina Upstate Spartans,49
Katie Hurt,Lehigh Mountain Hawks,49
Anna Rodgers,Bellarmine Knights,49
Elle Johansson,Wagner Seahawks,49
Zahra King,California Golden Bears,49
Jade Moore,Chattanooga Mocs,49
Anna Csenyi,New Mexico State Aggies,49
Shelby Bowman,Western Illinois Leathernecks,49
Lucy Lynn,Yale Bulldogs,49
Elliott Jessup,North Carolina A&T Aggies,49
Shantavia Dawkins,Dayton Flyers,49
Arianna Durrell,Jackson State Lady Tigers,49
Lauren Rust,Pittsburgh Panthers,49
Rebecca Dwomoh,Robert Morris Colonials,49
Ella Riggs,Purdue Fort Wayne Mastodons,49
Kellyn Preira,Monmouth Hawks,49
Naiya Carney,Texas A&M-Corpus Christi Islanders,49
Genesis Harris,Tennessee State Lady Tigers,49
Hilary Behrens,South Dakota State Jackrabbits,49
Kenya Ramsey,UMBC Retrievers,48
Allysan Tse,Cal State Bakersfield Roadrunners,48
LaNiya Scales,North Carolina Central Eagles,48
Tylie Jones,New Mexico State Aggies,48
Heather Middleton,Mount St. Mary's Mountaineers,48
Hilke Feldrappe,Missouri Tigers,48
Samiana Suguturaga,Utah State Aggies,48
Asa Snyder,Furman Paladins,48
Jean Chiu,Washington State Cougars,48
Momina Kassim,Northwestern State Lady Demons,48
Josie Grosdidier,Colorado Christian Cougars,48
Hilary Englert,Furman Paladins,48
Chelsea Bishop,Eastern Michigan Eagles,48
Jenesis Hill,Norfolk State Spartans,48
Mackenzie Marenchin,Idaho State Bengals,48
Xyllize Harrison,Southern Jaguars,48
Jaidyn Koerdt,Coastal Carolina Chanticleers,48
Valentyna Kadlecova,Indiana Hoosiers,48
Alexis Parker,UTSA Roadrunners,48
Hekla Nokkvadottir,App State Mountaineers,48
Addison Klosterbuer,South Dakota Coyotes,48
Mary Ferrito,UNC Wilmington Seahawks,48
Taylor Norris,Chicago State Cougars,48
Dara Capaldi,Eastern Michigan Eagles,48
Josee Steadman,Boise State Broncos,48
Kaia Ponder,Kansas City Roos,48
Genevive Wedemeyer,UAB Blazers,48
Kristen Kelley,Merrimack Warriors,48
Sydney Barker,North Carolina Tar Heels,48
Mary McGrath,Lindenwood Lions,48
Maya Anderson,Detroit Mercy Titans,48
Adiana Pacheco,Marshall Thundering Herd,48
Kylie Favours,Lafayette Leopards,48
Laila Lewis,North Carolina Central Eagles,48
Anya McKenzie,Tarleton State Texans,48
Kaylen Reed,Western Illinois Leathernecks,48
Sara Deidda,Wofford Terriers,48
Maddy Saracco,Tennessee Tech Golden Eagles,48
Samia Greene,Northeastern Huskies,48
Dejah Jenkins,Merrimack Warriors,48
Faith Pappas,Sacred Heart Pioneers,48
Claudia Jimenez,Manhattan Jaspers,48
Denver Anderson,Southern Utah Thunderbirds,48
Cristina Garcia,Loyola Maryland Greyhounds,48
Tia Shelling,Western Kentucky Lady Toppers,48
Sheyene Neale,Bradley Braves,48
Teagan Colvin,UNLV Lady Rebels,48
Dallas Pierce,Massachusetts Minutewomen,48
Ariana Williams,Penn State Lady Lions,48
Payton Dunbar,Virginia Cavaliers,48
Tristan Spearman,Southeast Missouri State Redhawks,48
Aarionna Redman,Marshall Thundering Herd,48
Hailey Smith,Ball State Cardinals,48
Jaelyn Brown,Longwood Lancers,48
Caitlin Washington,Bradley Braves,48
Ramani Parker,Seton Hall Pirates,48
Kianni Westbrook,Tulane Green Wave,48
Paris Miller,Nicholls Colonels,48
Avary Cain,UCLA Bruins,48
Adebukola Akomolafe,VCU Rams,48
Grace Lomen,Milwaukee Panthers,48
Grace Billington,Murray State Racers,48
Faith Okorie,George Mason Patriots,48
Kimora Smith,South Carolina State Lady Bulldogs,48
Lucija Banovic,Dartmouth Big Green,48
Siena Guttadauro,UTSA Roadrunners,48
Nyla Allen,Alabama A&M Bulldogs,48
Marie Kenembeni,Old Dominion Monarchs,48
Genna Wienecke,Cal State Fullerton Titans,48
Riley Black,West Georgia Wolves,48
Laila Acox,Radford Highlanders,48
Hanna Miller,Arizona State Sun Devils,48
Mia Galbraith,Texas State Bobcats,48
Vivien Nejasmic,Xavier Musketeers,48
Raneem ElBarky,Wagner Seahawks,48
Avery Watkins,Fresno State Bulldogs,48
Fatou Sane,Duquesne Dukes,48
Shelomi Sanders,Alabama A&M Bulldogs,48
Jada Brown,Vanderbilt Commodores,48
Chanteese Craig,Detroit Mercy Titans,48
Stella Gougoufkas,Holy Cross Crusaders,48
Khalis Whiting,Stony Brook Seawolves,48
Kimora Lopez,Morgan State Lady Bears,48
Mary Hollensteiner,Harvard Crimson,48
Tayla Thomas,Northwestern Wildcats,48
Laney Amundsen,Fresno State Bulldogs,48
Emma Lucio,UTSA Roadrunners,48
Knisha Godfrey,TCU Horned Frogs,48
Shaelyn Steele,Penn State Lady Lions,48
Irene Noya Catoira,Illinois Fighting Illini,48
Emily Montes,Columbia Lions,48
Maya Robinson,Charleston Southern Buccaneers,48
Reniya Jones,Radford Highlanders,48
Caydence Hadley,Towson Tigers,48
Bradyn Griffin,North Carolina Central Eagles,48
Allie McGinn,Fairleigh Dickinson Knights,48
Taylor Scohy,UT Martin Skyhawks,48
Elli Guiney,UNLV Lady Rebels,48
Courtney Davis,Charleston Southern Buccaneers,48
Alie Bisballe,Wisconsin Badgers,48
Piper Engelby,NJIT Highlanders,48
Tiffany Barbosa,Portland Pilots,48
Adriana Arroyo,Eastern Illinois Panthers,48
Paris Santacaterina,San Diego Toreros,48
Daniela Abies,Miami Hurricanes,48
Makeili Ika,Utah Tech Trailblazers,47
Ayanna Jackson,UNC Greensboro Spartans,47
Piper Risdon,Vermont Catamounts,47
Diora Ressaissi,La Salle Explorers,47
Amy Thompson,South Florida Bulls,47
ZaNiya Nelson,Eastern Michigan Eagles,47
Aryelle Stevens,Marquette Golden Eagles,47
Grace Munt,Holy Cross Crusaders,47
Zayla Tinner,Grambling Lady Tigers,47
Emma West,William & Mary Tribe,47
Lex Therien,Loyola Maryland Greyhounds,47
Lexi Sepulveda,Southern Indiana Screaming Eagles,47
Danijela Kujovic,Hawai'i Rainbow Wahine,47
Morgan Moseley,East Carolina Pirates,47
Sarah Cernugel,Notre Dame Fighting Irish,47
Dacia Lewandowski,Youngstown State Penguins,47
Emma Dasovich,New Mexico State Aggies,47
Leah Brooks,Alabama Crimson Tide,47
Alayna Kraus,Oral Roberts Golden Eagles,47
Hanna Knoll,Mercer Bears,47
Jermesha Frierson,Northwestern State Lady Demons,47
Jaida Brooks,UC Irvine Anteaters,47
Amanda Ajobiewe,Georgetown Hoyas,47
Olivia Medford,High Point Panthers,47
Nika Kurdija,Vermont Catamounts,47
Ariana Perry,South Carolina State Lady Bulldogs,47
Carla Subirats,UMass Lowell River Hawks,47
Janeya Grant,St. John's Red Storm,47
Priscila Varela,Idaho State Bengals,47
Quinn Eubank,Belmont Bruins,47
Jennesse Byrd,South Carolina State Lady Bulldogs,47
Zya Nugent,West Virginia Mountaineers,47
Denika Lightbourne,Dayton Flyers,47
Eva Bradshaw,Stetson Hatters,47
Katy Wade,Bradley Braves,47
Daria Shelby,Omaha Mavericks,47
Marta Morales Romero,VCU Rams,47
Laura Molnarova,James Madison Dukes,47
Emma Arca,Stonehill Skyhawks,47
Kat Righeimer,Northwestern Wildcats,47
Ellie Foster,Northern Iowa Panthers,47
Naia Tanuvasa,BYU Cougars,47
Kasey Bretones,Massachusetts Minutewomen,47
Kennedy Brandt,Rutgers Scarlet Knights,47
Olivia Delancy,Florida A&M Rattlers,47
Keona McGee,Chicago State Cougars,47
Kassandra Martinez,University of The Southwest Mustangs,47
Paula Reus Piza,Loyola Marymount Lions,47
Cameron Dill,Lamar Cardinals,47
Jordyn Poole,Purdue Boilermakers,47
Bre'Aria Cannon,Eastern Kentucky Colonels,47
Audrey Chen,Cornell Big Red,47
Shakirah Edwards,Mississippi State Bulldogs,47
Malaya LeSueur,Fresno State Bulldogs,47
TT Hill-Brown,UC Riverside Highlanders,47
Colbi Maples,Cleveland State Vikings,47
Ashley Iiams,Drake Bulldogs,47
Aaliyah Holmes,Morehead State Eagles,47
Kiana Wilson,Southern Jaguars,47
Meena Tate,Dartmouth Big Green,47
Nia Young,Charlotte 49ers,47
Aja Austin,Ohio Bobcats,47
Anaisha Carriere,Mississippi State Bulldogs,47
Briyanna Sapp,Davis & Elkins Senators,47
Aina Roque Sucarrats,New Hampshire Wildcats,47
Christabel Osarobo,Gonzaga Bulldogs,47
Maya Bokunewicz,Rice Owls,47
Satori Griffin,Central Michigan Chippewas,47
Mia Hammonds,UTSA Roadrunners,47
Solangelei Akridge,Alabama State Lady Hornets,47
Jayda Pinder,Furman Paladins,47
Amiya Jenkins,Pittsburgh Panthers,47
Aurore Eyango,St. Bonaventure Bonnies,46
Madison French,Northern Kentucky Norse,46
Amaya Evans,Iona Gaels,46
Kendra Hicks,Nevada Wolf Pack,46
Alonna Poole,James Madison Dukes,46
Hailey Long,California Baptist Lancers,46
Ndate Ndiaye,Florida International Panthers,46
Olivia Anderson,Washington Huskies,46
Sophia Rampulla,Milwaukee Panthers,46
Gwendlyn McGrew,North Texas Mean Green,46
Kaliyah Dillard,San José State Spartans,46
Jade Blagrove,St. John's Red Storm,46
Gabbie Grooms,Georgia Tech Yellow Jackets,46
Nicole Melious,Seton Hall Pirates,46
Daria Shishkina,Merrimack Warriors,46
Reagan Barkema,Northern Illinois Huskies,46
Emmie Streams,Maine Black Bears,46
Simone Morris,Robert Morris Colonials,46
Jemma Amoore,Sacramento State Hornets,46
Lanae Riley,Akron Zips,46
Maria Andorinho,Saint Peter's Peacocks,46
Cassandra Hawthorne,Bethune-Cookman Wildcats,46
Taylor Meyners,UT Rio Grande Valley Vaqueros,46
Marissa Hargrave,Air Force Falcons,46
Makayla Minshall,UC Riverside Highlanders,46
Karoline Lundin,Wyoming Cowgirls,46
Kaya Weiskopf,Central Connecticut Blue Devils,46
Rakisha Ballinger,Jackson State Lady Tigers,46
Drew Alexander,Temple Owls,46
Sydney Roundtree,Air Force Falcons,46
Jill Jekot,Penn State Lady Lions,46
Rian Forestier,USC Trojans,46
Kellie McConnell,Duquesne Dukes,46
Erin Stack,Western Carolina Catamounts,46
Payton Muma,Wyoming Cowgirls,46
Aspen Caldwell,Utah Valley Wolverines,46
Emma Larios,High Point Panthers,46
Esther Rodellar,Sam Houston Bearkats,46
Brooke Jarvis,Marist Red Foxes,46
Anna Eddy,Portland Pilots,46
Mackenzie Curtis,Idaho Vandals,46
Gabby Harris,Santa Clara Broncos,46
Indya Davis,Georgia Lady Bulldogs,46
Kennedy Klick,Minnesota Golden Gophers,46
Mecca Alexander,San José State Spartans,46
Maryn Archer,Arkansas Razorbacks,46
Shanaii Gamble,Long Island University Sharks,46
Arial Ford,New Orleans Privateers,46
Perina Lieme,Little Rock Trojans,46
Filipa Barros,California Baptist Lancers,46
Adrianna Gonzalez,Iona Gaels,46
Skyler Volmer,North Dakota Fighting Hawks,46
Miya Giles-Jones,Fordham Rams,46
Laney Bone,UNC Asheville Bulldogs,46
Olivia Smith,Ball State Cardinals,46
Grace John,Sacred Heart Pioneers,46
Hailee Brennen,Charleston Southern Buccaneers,46
Leah Mackenzie,North Dakota State Bison,46
Nya Bostic,Florida A&M Rattlers,46
Tasha Lima,UMass Lowell River Hawks,46
Alex Moses,Canisius Golden Griffins,46
Deja Lumsden,Incarnate Word Cardinals,46
Jaidyn Elam,Oakland Golden Grizzlies,46
Kristiana Kulackovska,Bowling Green Falcons,46
Modesti McConnell,Georgetown Hoyas,46
Corniya Clay,Canisius Golden Griffins,46
Marina Hernandez,San Francisco Dons,46
McKenna Rife,Marist Red Foxes,46
Carlota Gomez,Abilene Christian Wildcats,46
Maddie Pounds,Hofstra Pride,46
Cia Eklof,Rhode Island Rams,46
Chariot Johnson,Bethune-Cookman Wildcats,46
Alexis Black,VCU Rams,46
Mar Vidal,Omaha Mavericks,46
Favor Ayodele,Tennessee Lady Volunteers,46
Sydnee Eggleton,Seton Hall Pirates,46
RyAnne Walters,Louisiana Ragin' Cajuns,46
Macy Wike,South Carolina Upstate Spartans,46
Madelyn Geers,Purdue Fort Wayne Mastodons,46
Nevaeh Wingate,St. John's Red Storm,46
Zenia Palaska,Mercer Bears,46
Laia Oliva,Northwestern State Lady Demons,46
Kimora Jenkins,East Carolina Pirates,46
Ella Hopkins,Gonzaga Bulldogs,46
Gemma Walker,St. Francis (PA) Red Flash,45
Aina Subirats,Florida A&M Rattlers,45
Ayen Angoi,Hofstra Pride,45
Maca Retamales,Florida Gulf Coast Eagles,45
Luisa Anderegg,Pacific Tigers,45
Destinee Wells,Tennessee Lady Volunteers,45
Gabriela Bendeck-Giron,Kennesaw State Owls,45
Alyssa Lewis,Queens University Royals,45
Mariam Traore,Arkansas-Pine Bluff Golden Lions,45
Kaylynn Janes,Northern Iowa Panthers,45
Adriana Blazquez,Murray State Racers,45
Lea-line Romain,Eastern Washington Eagles,45
Louann Battiston,Duke Blue Devils,45
Makaela Quimby,Wake Forest Demon Deacons,45
Adout Ring,Presbyterian Blue Hose,45
McKayla Miller,Tulsa Golden Hurricane,45
Gracie Grzesk,Wisconsin Badgers,45
Reagan Bender,Louisville Cardinals,45
Bella Hasan,Southern Utah Thunderbirds,45
Ava Smith,Utah State Aggies,45
Idan Shlush,Maine Black Bears,45
Nahndi Smith,North Carolina A&T Aggies,45
Asjha Leake,UL Monroe Warhawks,45
Justina Hernandez,Milwaukee Panthers,45
Caiside Snapp,Mississippi Valley State Devilettes,45
Kendall Braden,Toledo Rockets,45
Sophie Singleton,UT Martin Skyhawks,45
Olivia Ziolkowski,Marshall Thundering Herd,45
Lucija Milkovic,Missouri Tigers,45
Ioanna Stefanaki,Mercer Bears,45
Jennah Johnson,UMass Lowell River Hawks,45
Noah Garcia,New Mexico State Aggies,45
Lexi Kerstein,Vermont Catamounts,45
Kailyn Peters,Nicholls Colonels,45
Nicole Benini,Seattle U Redhawks,45
Sophia Kelly,Mercyhurst Lakers,45
Aislinn Gibson,William & Mary Tribe,45
Kaylee Van Eps,Lehigh Mountain Hawks,45
Cristina Gil Abad,Stetson Hatters,45
Kadidia Toure,Arizona State Sun Devils,45
Oralye Kiefer,Northeastern Huskies,45
Adaora Nwokeji,Princeton Tigers,45
Lucia Navarro,Oregon State Beavers,45
Londyn Oliphant,Missouri Tigers,45
Elizabeth Gentry,Creighton Bluejays,45
Tara Green,South Alabama Jaguars,45
Capria Brown,Eastern Kentucky Colonels,45
Arshiya Ranjitkar,UC Santa Barbara Gauchos,45
Ava Sawi,Radford Highlanders,45
Morgan Blackford,Navy Midshipmen,45
Cydney Curtis,Delaware State Hornets,45
Kamryn Grant,Dayton Flyers,45
Kimora Daly,Morgan State Lady Bears,45
Adalyn Koelling,Murray State Racers,45
Emily Eadie,Princeton Tigers,45
Mariam Coulibaly,Bradley Braves,45
Eliana Sheplee,Northern Iowa Panthers,44
Stephanie Mosley,Norfolk State Spartans,44
Stavi Papadaki,Stanford Cardinal,44
Tiani Abrams,Hampton Lady Pirates,44
Sydney Piekny,North Dakota Fighting Hawks,44
Kyraha Parnell,George Washington Revolutionaries,44
Jenna Hampton,Morehead State Eagles,44
Gabrielle Sweeney,Bryant Bulldogs,44
Aminata Hernandez,Loyola Maryland Greyhounds,44
Zoey Washington,St. Thomas-Minnesota Tommies,44
Sandrine Clesca,Monmouth Hawks,44
Bird Martin,Texas Tech Lady Raiders,44
Amari Smith,Norfolk State Spartans,44
Sahana Kanagasabay,UC Davis Aggies,44
Skye Miller,Northwestern State Lady Demons,44
Erin Tack,Arizona Wildcats,44
Kierra Middleton,Tulane Green Wave,44
Azailah Funches,Oral Roberts Golden Eagles,44
Ariana Peagler,Southern Illinois Salukis,44
Kaitlyn Elsholz,Grand Canyon Lopes,44
Kionna Gaines,Kennesaw State Owls,44
Mary Bolesky,American University Eagles,44
Emma Soldis,Liberty Flames,44
LeAire Nicks,George Mason Patriots,44
Alexis Stewart,Monmouth Hawks,44
Linsey Lovrovich,Boise State Broncos,44
Sofia Decierdo,St. Francis (IL) Fighting Saints,44
Monique Judge,Florida A&M Rattlers,44
Samira Khalil,Elon Phoenix,44
Macy Hanzlick,Denver Pioneers,44
Brooke Hollawell,Dartmouth Big Green,44
Aaliyah Davis,UTEP Miners,44
Ashlee Shaw,Elon Phoenix,44
Lexi Bugajski,Wright State Raiders,44
Irene Garcia,La Salle Explorers,44
Mauryah Jones,UT Martin Skyhawks,44
Haley Wright,Long Beach State Beach,43
Angelina Banas,NJIT Highlanders,43
Sasha Murphy,Saint Mary's Gaels,43
Alyssa Green,Bethune-Cookman Wildcats,43
Alyssa Costigan,Manhattan Jaspers,43
Fatumata Djalo,Ole Miss Rebels,43
Emani Wofford,Alabama State Lady Hornets,43
Amelia Raidaveta,Nevada Wolf Pack,43
Brenna Perez,Incarnate Word Cardinals,43
Louise Dykstra,Northern Colorado Bears,43
Desirae Ashton,Bucknell Bison,43
Natalie Jasper,Boston University Terriers,43
Tamera Maple,Delaware State Hornets,43
Milaan Moore,Alcorn State Lady Braves,43
Kirstine Munk,Portland State Vikings,43
Lilly Amor,San Diego Toreros,42
Candela Sabater Sanchez,Maryland Eastern Shore Hawks,42
Vanessa Wright,Viterbo V-Hawks,42
Erica Carr,San Diego Toreros,42
Jayda Bowen,Alcorn State Lady Braves,42
Marta Jaama,Columbia Lions,42
Claire Fraser,Northern Colorado Bears,42
Miriam Vilafranca,Texas A&M-Corpus Christi Islanders,41
Asha Parker,Northeastern Huskies,41
Kiara Smith,Lindenwood Lions,40
Jenessa Cotton,Duke Blue Devils,40
